,,,,,,,,,,Meta's Data,,,,,,,,,,,QS Data (FTPU) - Same Show,,,,,,,,,,,,,,,,,,,,,,,,,,,,,QS Data (Non-FTPU) - Same Show,,,,,,,,,,,,,,,,,,,,,,,
,,,,,,,,,,,,,,,,,,,,,D0,,,,,,,,,,,,D3,,,,,,,,D7,,,,,,,,,D0,,,,,,,,,D3,,,,,,,D7,,,,,,,
Ad set name,Show Name ,Base Asset,Selected Promos,Video Type ,Adset ID,Show ID ,Start Date ,End Date ,Ad set delivery,Meta Installs,CPI ($),CPI (INR),Activation%,Video Completion (25%),Video Completion (50%),Video Completion (75%),Video Completion (95%),CPM,CTI %,Outbound CTR %,QS Installs,CPI (QS),LDAU %,10 Mins%,30 Mins%,SS D0 Act%,Act to Ldau,Conversion% D0%,Recovery D0%,Adoption D0%,D0 H2%,D0 H4%,SS D3 Act%,D3 H4%,D3H5%,Conversion% D3,Recovery D3,D3 Adoption%,Bingers D3%,Super Bingers D3%,SS D7 Act%,D7 H4%,D7H5%,D7H10%,Conversion% D7,Recovery D7,D7 Adoption%,Bingers D7%,Super Bingers D7%,QS Installs,LDAU %,10 Mins%,30 Mins%,SS D0 Act%,Conversion% D0%,Recovery D0%,D0 H2%,D0 H4%,SS D3 Act%,D3 H4%,D3H5%,Conversion% D3,Recovery D3,Bingers D3%,Super Bingers D3%,SS D7 Act%,D7 H4%,D7H5%,D7H10%,Conversion% D7,Recovery D7,Bingers D7%,Super Bingers D7%
RL-Final PGC-Akshay-LP-1------Non Content VO-FM-Ex-Purchase,Ruthless,RL-Final PGC-Akshay-LP-1,,Sketch,120236679739680434,4a74a5deb5acfdd749e525dacc4ddc7f90ccb8f0,12-Dec-2025,17-Dec-2025,completed,22,$2.75,237,40.91%,15.60%,11.33%,8.61%,10.44%,76.674719,12.94%,0.25,,,,,,,,,,,,,,,,,,,,,,,,,,,,,,,,,,,,,,,,,,,,,,,,,,,,,
RRSY-Final PGC-Hasim-LP-2-V2-----Non Content VO-FM-Ex-Purchase-Gen AI-CC-AI-OG Show,Rudra,RRSY-Final PGC-Hasim-LP-2,,Gen AI,120237553843330434,6addb2460437453a74b269f271068e1a43b0923a,30-Dec-2025,4-Jan-2026,completed,79,$2.30,197,16.46%,9.98%,8.40%,8.31%,8.47%,98.033872,13.10%,0.38,1,0,0.00%,0.00%,0.00%,0.00%,,0.00%,,0.00%,0.00%,0.00%,0.00%,0.00%,0.00%,0.00%,,0.00%,0.00%,0.00%,0.00%,0.00%,0.00%,0.00%,0.00%,,0.00%,0.00%,0.00%,1,0.00%,0.00%,0.00%,0.00%,0.00%,,0.00%,0.00%,0.00%,0.00%,0.00%,0.00%,,0.00%,0.00%,0.00%,0.00%,0.00%,0.00%,0.00%,,0.00%,0.00%
RRSY-Final PGC-Hasim-LP-2-V2-----Non Content VO-FM-Ex-Purchase-Gen AI-CC-AI Uday Show,Rudra,RRSY-Final PGC-Hasim-LP-2,,Gen AI,120237554339620434,667515b21c61ef7f6eecefded3fc47ac284ecdfe,30-Dec-2025,4-Jan-2026,completed,69,$2.62,226,15.94%,10.41%,8.97%,9.00%,9.21%,108.998746,12.13%,0.40,,,,,,,,,,,,,,,,,,,,,,,,,,,,,,,,,,,,,,,,,,,,,,,,,,,,,
HSF-Final PGC-Sarthak-LP-1------Non Content VO-FM-Ex-Purchase-Mandate,His Secret Fortune,HSF-Final PGC-Sarthak-LP-1,,Sketch,120237646757330434,6515322bae57dd2a3bb88524c9697821cca249ea,2-Jan-2026,7-Jan-2026,completed,247,$0.94,81,27.53%,11.11%,10.30%,9.90%,9.26%,138.722633,18.31%,0.94,3,0,0.00%,,,,,0.00%,,0.00%,,,0.00%,0.00%,0.00%,0.00%,,0.00%,0.00%,0.00%,0.00%,0.00%,0.00%,0.00%,0.00%,,0.00%,0.00%,0.00%,2,0.00%,0.00%,0.00%,0.00%,0.00%,,0.00%,0.00%,0.00%,0.00%,0.00%,0.00%,,0.00%,0.00%,0.00%,0.00%,0.00%,0.00%,0.00%,,0.00%,0.00%
BH-Final PGC-Prakash-LP-1-V1----Non Content VO-FM-Ex-Purchase-GenAI,Beggar Husband,BH-Final PGC-Prakash-LP-1,,Gen AI,120240694841500434,425ac5972370e4acbca481e52e618f61cb60aa2e,20-Mar-2026,Ongoing,active,158252,$0.48,42,10.43%,6.25%,5.74%,5.70%,6.64%,62.883268,19.81%,0.76,134142,48,76.69%,40.90%,21.00%,6.44%,8.40%,5.35%,4.11%,8.25%,4.07%,0.38%,7.75%,1.32%,0.94%,6.14%,0.0654173254,8.75%,0.34%,0.06%,8.22%,2.14%,1.78%,0.81%,6.43%,0.08095417585,8.99%,0.92%,0.24%,127588.3296,76.65%,29.34%,11.45%,5.70%,5.70%,5.45%,1.31%,0.28%,8.70%,1.65%,1.21%,6.63%,0.09062697812,0.47%,0.09%,9.23%,2.57%,2.14%,1.00%,6.92%,0.1160517445,1.14%,0.33%
India || Meta || Android || Testing - CPS || Fantasy || Hindi || The Warrior | Author - Dayaram Prajapati || 349022 || GenAI || NA || 31 Jul 2026 || Short ||  || UGC ||  ||  ||  ||  TWAR-Pranjali-LP7------Non Content VO-FM-Ex-Purchase-7-DAY-CLICK - Bid-Applied,The Warrior,TWAR-Pranjali-LP7,,Gen AI,120247227689770434,a3ba65aa427077188e1ad7dbcbcafae266683ca9,31-Jul-2026,Ongoing,active,2891,$1.50,129,33.83%,7.62%,6.46%,5.44%,5.70%,115.271391,19.13%,0.46,2193,170,80.94%,53.44%,41.63%,26.81%,33.13%,2.28%,0.50%,4.29%,22.53%,6.93%,29.16%,11.11%,7.81%,5.34%,0.02677162417,6.82%,2.09%,0.39%,30.95%,13.24%,10.22%,4.82%,6.84%,0.06226104414,8.42%,5.76%,1.15%,,,,,,,,,,,,,,,,,,,,,,,,
India || Meta || Android || Testing - CPS || Fantasy || Hindi || King of Dragon | किंग ऑफ ड्रैगन | Author - Nitesh || 346826 || GenAI || Gen AI || 31 July 2026  || || Growth || || || || KOD-Diljala Revised File_  Ankita_Tandrima_PT_Roshan_Sonali,King of Dragon,KOD-Diljala Revised File,,Gen AI,120247232831550434,859785ba4869b28dddcfcb0e75295d1e1ad9b5a9,1-Aug-2026,Ongoing,active,4096,$1.37,118,42.87%,7.64%,5.93%,4.82%,4.93%,82.870069,5.55%,1.27,1698,284,76.57%,65.62%,60.14%,47.36%,61.85%,4.42%,0.73%,5.01%,40.94%,12.37%,52.46%,21.92%,16.53%,7.55%,0.02028644654,7.04%,6.83%,0.93%,54.79%,26.38%,21.70%,11.38%,9.15%,0.02177270847,8.72%,13.62%,2.98%,,,,,,,,,,,,,,,,,,,,,,,,
India || Meta || Android || Testing - CPS || Fantasy || Hindi || The Warrior | Author - Dayaram Prajapati || 349022 || GenAI || NA || 31 Jul 2026 || Short ||  || UGC ||  ||  ||  ||  TWAR-Hasim-LP1------Non Content VO-FM-Ex-Purchase-7-DAY-CLICK - Applied-Bid,The Warrior,TWAR-Hasim-LP1,,Gen AI,120247233874600434,a3ba65aa427077188e1ad7dbcbcafae266683ca9,31-Jul-2026,Ongoing,active,2067,$1.63,140,37.98%,3.16%,2.43%,2.38%,2.50%,53.804381,10.25%,0.37,1627,178,85.06%,62.01%,50.64%,32.02%,37.64%,2.27%,0.55%,4.30%,26.73%,6.76%,34.00%,10.87%,7.34%,4.92%,0.02482358899,6.37%,1.94%,0.42%,35.77%,13.33%,10.04%,4.13%,6.33%,0.04378781899,7.09%,4.98%,1.60%,,,,,,,,,,,,,,,,,,,,,,,,
India || Meta || Android || Testing - CPS || Fantasy || Hindi || The Warrior | Author - Dayaram Prajapati || 349022 || GenAI || NA || 04 Aug 2026 || Short ||  || UGC ||  ||  ||  ||  TWAR-Pranjali-LP8-Devang-Video------Non Content VO-FM-Ex-Purchase-7-DAY-CLICK - Bid-Applied-18-24,The Warrior,TWAR-Pranjali-LP8,,Gen AI,120247319361600434,a3ba65aa427077188e1ad7dbcbcafae266683ca9,4-Aug-2026,Ongoing,not_delivering,237,$1.66,143,48.95%,7.29%,4.81%,4.91%,5.52%,93.438668,15.16%,0.43,179,189,84.81%,63.61%,56.36%,36.27%,42.76%,2.79%,0.38%,4.46%,33.48%,7.25%,40.96%,16.83%,13.47%,6.17%,0.01169081504,7.29%,4.49%,0.56%,40.30%,18.97%,13.63%,7.11%,6.52%,0.01391719417,8.30%,8.30%,3.56%,,,,,,,,,,,,,,,,,,,,,,,,
India || Meta || Android || Testing - CPS || Fantasy || Hindi || The Warrior | Author - Dayaram Prajapati || 349022 || GenAI || NA || 06 Aug 2026 || Short ||  || UGC ||  ||  ||  ||  TWAR-Pranjali-LP7-Hasim-V1-Pallu-Hook------Non Content VO-FM-Ex-Purchase-7-DAY-CLICK - Bid-Applied,The Warrior,TWAR-Pranjali-LP7-Hasim-V1-Pallu-Hook,,Gen AI,120247381914580434,a3ba65aa427077188e1ad7dbcbcafae266683ca9,6-Aug-2026,Ongoing,active,5104,$0.99,85,34.11%,6.30%,5.37%,5.44%,5.85%,53.608319,14.78%,0.42,4240,103,86.44%,58.94%,45.83%,27.92%,32.31%,2.69%,0.92%,3.89%,22.78%,5.85%,30.66%,9.45%,6.62%,4.90%,0.02927743684,5.79%,1.98%,0.15%,31.49%,11.28%,8.80%,4.29%,5.73%,0.05376092977,6.68%,4.96%,1.22%,,,,,,,,,,,,,,,,,,,,,,,,
India || Meta || Android || Testing - CPS || Fantasy || Hindi || The Warrior | Author - Dayaram Prajapati || 349022 || GenAI || NA || 04 Aug 2026 || Short ||  || UGC ||  ||  ||  ||  TWAR-Hasim-LP2-Akshay-V1-Hook-2------Non Content VO-FM-Ex-Purchase-7-DAY-CLICK - Bid-Applied-18-24,The Warrior,TWAR-Hasim-LP2-Akshay-V1-Hook-2,,Gen AI,120247518536290434,a3ba65aa427077188e1ad7dbcbcafae266683ca9,11-Aug-2026,Ongoing,active,1547,$1.10,94,32.64%,4.99%,4.33%,3.68%,3.86%,54.541626,15.00%,0.38,1254,116,83.44%,57.03%,46.90%,29.43%,35.28%,2.15%,0.68%,3.99%,24.73%,5.98%,32.37%,9.60%,7.23%,5.39%,0.03006096267,7.01%,1.83%,0.22%,34.03%,11.91%,10.45%,4.38%,6.56%,0.07568507196,8.26%,5.59%,0.97%,,,,,,,,,,,,,,,,,,,,,,,,
India || Meta || Android || Testing - CPS || Fantasy || Hindi || The Warrior | Author - Dayaram Prajapati || 349022 || GenAI || NA || 13 Aug 2026 || Short ||  || UGC ||  ||  ||  ||  TWAR-Pranjali-LP8-Hasim-V1------Non Content VO-FM-Ex-Purchase-7-DAY-CLICK - Bid-Applied-18-24,The Warrior,TWAR-Pranjali-LP8-Hasim-V1,,Gen AI,120247577737320434,a3ba65aa427077188e1ad7dbcbcafae266683ca9,13-Aug-2026,Ongoing,active,630,$1.33,115,38.41%,5.79%,5.09%,6.08%,6.08%,81.85793,13.70%,0.52,497,145,84.65%,63.14%,51.88%,36.19%,42.76%,3.22%,1.99%,5.43%,30.16%,9.85%,39.03%,15.93%,11.55%,8.12%,0.02397314438,9.37%,4.68%,0.31%,40.16%,18.70%,14.54%,9.00%,11.77%,0.05812494705,13.85%,9.69%,1.38%,,,,,,,,,,,,,,,,,,,,,,,,
HSF-Final PGC-Sarthak-LP-1--Female----Non Content VO-FM-Ex-Purchase-Mandate,His Secret Fortune,HSF-Final PGC-Sarthak-LP-1,,Sketch,120237647118650434,6515322bae57dd2a3bb88524c9697821cca249ea,2-Jan-2026,7-Jan-2026,completed,225,$1.05,90,39.56%,8.33%,7.65%,7.32%,6.80%,93.717464,19.58%,0.53,3,0,100.00%,0.00%,0.00%,0.00%,0.00%,0.00%,,0.00%,0.00%,0.00%,0.00%,0.00%,0.00%,0.00%,,0.00%,0.00%,0.00%,0.00%,0.00%,0.00%,0.00%,0.00%,,0.00%,0.00%,0.00%,2,100.00%,0.00%,0.00%,0.00%,0.00%,,0.00%,0.00%,0.00%,0.00%,0.00%,0.00%,,0.00%,0.00%,0.00%,0.00%,0.00%,0.00%,0.00%,,0.00%,0.00%
HSF-Final PGC-Sarthak-LP-1--Female----Non Content VO-FM-Ex-Purchase-Mandate-Male-only,His Secret Fortune,HSF-Final PGC-Sarthak-LP-1,,Sketch,120238128910570434,6515322bae57dd2a3bb88524c9697821cca249ea,15-Jan-2026,20-Jan-2026,completed,142,$1.20,103,28.17%,9.43%,8.60%,8.20%,7.76%,174.666897,21.45%,0.79,1,0,0.00%,,,,,0.00%,,0.00%,,,0.00%,0.00%,0.00%,0.00%,,0.00%,0.00%,0.00%,0.00%,0.00%,0.00%,0.00%,0.00%,,0.00%,0.00%,0.00%,,,,,,,,,,,,,,,,,,,,,,,,
HSF-Final PGC-Sarthak-LP-1--Female----Non Content VO-FM-Ex-Purchase-Mandate-Female Show ID,His Secret Fortune,HSF-Final PGC-Sarthak-LP-1,,Sketch,120238399944850434,1fc77369629d6b52d35ba6d29b75daadf9bcd94f,22-Jan-2026,27-Jan-2026,completed,122,$1.49,128,48.36%,7.59%,6.74%,6.39%,5.99%,154.252769,19.71%,0.61,1,0,0.00%,,,,,0.00%,,0.00%,,,0.00%,0.00%,0.00%,0.00%,,0.00%,0.00%,0.00%,0.00%,0.00%,0.00%,0.00%,0.00%,,0.00%,0.00%,0.00%,,,,,,,,,,,,,,,,,,,,,,,,
DP-Final PGC-Prakash-LP-3--Hasim-V1---Non Content VO-FM-Ex-Purchase-Gen AI-1HR-PGC-Growth-LP1HR,Divine Power,DP-Final PGC-Prakash-LP-3,,Gen AI,120238456231580434,5f70dc8e2667c93408506825ff965d22a21a3694,23-Jan-2026,28-Jan-2026,completed,90,$2.62,225,22.22%,6.28%,5.82%,5.38%,6.12%,85.338561,11.66%,0.32,2,0,50.00%,,,,0.00%,0.00%,,0.00%,,,0.00%,0.00%,0.00%,0.00%,,0.00%,0.00%,0.00%,0.00%,0.00%,0.00%,0.00%,0.00%,,0.00%,0.00%,0.00%,2,50.00%,0.00%,0.00%,0.00%,0.00%,,0.00%,0.00%,0.00%,0.00%,0.00%,0.00%,,0.00%,0.00%,0.00%,0.00%,0.00%,0.00%,0.00%,,0.00%,0.00%
DP-Final PGC-Prakash-LP-3--Hasim-V1---Non Content VO-FM-Ex-Purchase-Gen AI-1HR-PGC-Growth-LP5HR-STILLS-2-With-DG,Divine Power,DP-Final PGC-Prakash-LP-3,,Gen AI,120238629690210434,5f70dc8e2667c93408506825ff965d22a21a3694,29-Jan-2026,6-Feb-2026,completed,236,$1.61,139,19.92%,3.90%,3.64%,3.39%,4.13%,33.487779,15.37%,0.16,2,0,0.00%,,,,,0.00%,,0.00%,,,0.00%,0.00%,0.00%,0.00%,,0.00%,0.00%,0.00%,0.00%,0.00%,0.00%,0.00%,0.00%,,0.00%,0.00%,0.00%,3,33.33%,0.00%,0.00%,0.00%,0.00%,,0.00%,0.00%,0.00%,0.00%,0.00%,0.00%,,0.00%,0.00%,0.00%,0.00%,0.00%,0.00%,0.00%,,0.00%,0.00%
STDL-Final PGC-Hasim-LP-1-V1-----Non Content VO-FM-Ex-Purchase-MALE,Saaya - The Dark Love,STDL-Final PGC-Hasim-LP-1,,Sketch,120238974293580434,37e68193f879e91ec362f75f4b46511110658e2b,6-Feb-2026,14-Feb-2026,completed,67,$2.79,240,22.39%,7.38%,4.76%,4.37%,4.39%,78.625307,10.62%,0.31,3,0,0.00%,,,,,0.00%,,0.00%,,,0.00%,0.00%,0.00%,0.00%,,0.00%,0.00%,0.00%,0.00%,0.00%,0.00%,0.00%,0.00%,,0.00%,0.00%,0.00%,3,0.00%,0.00%,0.00%,0.00%,0.00%,,0.00%,0.00%,0.00%,0.00%,0.00%,0.00%,,0.00%,0.00%,0.00%,0.00%,0.00%,0.00%,0.00%,,0.00%,0.00%
STDL-Final PGC-Hasim-LP-1-V1-----Non Content VO-FM-Ex-Purchase,Saaya - The Dark Love,STDL-Final PGC-Hasim-LP-1,,Sketch,120238974517630434,37e68193f879e91ec362f75f4b46511110658e2b,6-Feb-2026,14-Feb-2026,completed,73,$2.55,219,20.55%,7.56%,5.02%,4.54%,4.49%,92.567999,11.91%,0.35,1,0,0.00%,,,,,0.00%,,0.00%,,,0.00%,0.00%,0.00%,0.00%,,0.00%,0.00%,0.00%,0.00%,0.00%,0.00%,0.00%,0.00%,,0.00%,0.00%,0.00%,1,0.00%,0.00%,0.00%,0.00%,0.00%,,0.00%,0.00%,0.00%,0.00%,0.00%,0.00%,,0.00%,0.00%,0.00%,0.00%,0.00%,0.00%,0.00%,,0.00%,0.00%
STDL-Final PGC-Hasim-LP-1------Non Content VO-FM-Ex-Purchase-MALE,Saaya - The Dark Love,STDL-Final PGC-Hasim-LP-1,,Sketch,120239137715420434,37e68193f879e91ec362f75f4b46511110658e2b,10-Feb-2026,15-Feb-2026,completed,36,$3.37,290,8.33%,5.87%,4.27%,3.89%,3.92%,135.883449,8.16%,0.57,,,,,,,,,,,,,,,,,,,,,,,,,,,,,,,,,,,,,,,,,,,,,,,,,,,,,
STDL-Final PGC-Hasim-LP-1------Non Content VO-FM-Ex-Purchase,Saaya - The Dark Love,STDL-Final PGC-Hasim-LP-1,,Sketch,120239138191320434,37e68193f879e91ec362f75f4b46511110658e2b,10-Feb-2026,15-Feb-2026,completed,34,$3.64,313,11.76%,5.52%,4.23%,3.84%,3.98%,154.864865,8.88%,0.56,1,0,0.00%,,,,,0.00%,,0.00%,,,0.00%,0.00%,0.00%,0.00%,,0.00%,0.00%,0.00%,0.00%,0.00%,0.00%,0.00%,0.00%,,0.00%,0.00%,0.00%,1,0.00%,0.00%,0.00%,0.00%,0.00%,,0.00%,0.00%,0.00%,0.00%,0.00%,0.00%,,0.00%,0.00%,0.00%,0.00%,0.00%,0.00%,0.00%,,0.00%,0.00%
WAR-Final PGC-Hasim-LP-1------Non Content VO-FM-Ex-Purchase-Gen AI-Base,The Warrior,WAR-Final PGC-Hasim-LP-1,,Gen AI,120239405148780434,a3ba65aa427077188e1ad7dbcbcafae266683ca9,17-Feb-2026,23-Feb-2026,completed,118,$1.91,165,27.97%,7.04%,5.15%,4.80%,4.70%,65.186431,21.07%,0.19,1,0,0.00%,0.00%,0.00%,0.00%,,0.00%,,0.00%,0.00%,0.00%,0.00%,0.00%,0.00%,0.00%,,0.00%,0.00%,0.00%,0.00%,0.00%,0.00%,0.00%,0.00%,,0.00%,0.00%,0.00%,1,0.00%,0.00%,0.00%,0.00%,0.00%,,0.00%,0.00%,0.00%,0.00%,0.00%,0.00%,,0.00%,0.00%,0.00%,0.00%,0.00%,0.00%,0.00%,,0.00%,0.00%
WAR-Final PGC-Hasim-LP-1------Non Content VO-FM-Ex-Purchase-Gen AI-PS2-FDG-Extra Trimmed-OG-Settings,The Warrior,WAR-Final PGC-Hasim-LP-1,,Gen AI,120239531811720434,a3ba65aa427077188e1ad7dbcbcafae266683ca9,20-Feb-2026,25-Feb-2026,completed,140,$1.30,112,22.86%,6.48%,5.44%,4.75%,5.18%,69.44924,24.87%,0.25,2,0,0.00%,,,,,0.00%,,0.00%,,,0.00%,0.00%,0.00%,0.00%,,0.00%,0.00%,0.00%,0.00%,0.00%,0.00%,0.00%,0.00%,,0.00%,0.00%,0.00%,2,0.00%,0.00%,0.00%,0.00%,0.00%,,0.00%,0.00%,0.00%,0.00%,0.00%,0.00%,,0.00%,0.00%,0.00%,0.00%,0.00%,0.00%,0.00%,,0.00%,0.00%
STDL-Final PGC-Hasim-LP-2------Non Content VO-FM-Ex-Purchase-Akshay,Saaya - The Dark Love,STDL-Final PGC-Hasim-LP-2,,Sketch,120239856622480434,1945f2fda505444e93fbb1d252e5efeb61375341,27-Feb-2026,12-Mar-2026,completed,129,$3.00,258,20.93%,10.19%,7.41%,6.69%,6.97%,77.145354,12.68%,0.24,1,0,0.00%,0.00%,0.00%,0.00%,,0.00%,,0.00%,0.00%,0.00%,0.00%,0.00%,0.00%,0.00%,,0.00%,0.00%,0.00%,0.00%,0.00%,0.00%,0.00%,0.00%,,0.00%,0.00%,0.00%,2,50.00%,0.00%,0.00%,0.00%,0.00%,,0.00%,0.00%,0.00%,0.00%,0.00%,0.00%,,0.00%,0.00%,0.00%,0.00%,0.00%,0.00%,0.00%,,0.00%,0.00%
STDL-Final PGC-Hasim-LP-2-V1-----Non Content VO-FM-Ex-Purchase-PPV Show-1Hr-LP-Sketch,Saaya - The Dark Love,STDL-Final PGC-Hasim-LP-2,,Sketch,120240598273220434,37e68193f879e91ec362f75f4b46511110658e2b,18-Mar-2026,23-Mar-2026,completed,71,$2.60,224,21.13%,9.91%,7.69%,6.61%,7.68%,96.803284,10.73%,0.40,3,0,0.00%,,,,,0.00%,,0.00%,,,0.00%,0.00%,0.00%,0.00%,,0.00%,0.00%,0.00%,0.00%,0.00%,0.00%,0.00%,0.00%,,0.00%,0.00%,0.00%,2,0.00%,0.00%,0.00%,0.00%,0.00%,,0.00%,0.00%,0.00%,0.00%,0.00%,0.00%,,0.00%,0.00%,0.00%,0.00%,0.00%,0.00%,0.00%,,0.00%,0.00%
STDL-Final PGC-Akshay-LP-7------Non Content VO-FM-Ex-Purchase-PPV Show-1Hr-LP-Gen-AI,Saaya - The Dark Love,STDL-Final PGC-Akshay-LP-7,,Gen AI,120240894574870434,37e68193f879e91ec362f75f4b46511110658e2b,24-Mar-2026,29-Mar-2026,completed,151,$1.94,167,20.53%,10.50%,5.77%,5.37%,5.94%,93.972394,15.58%,0.36,1,0,100.00%,,,,0.00%,0.00%,,100.00%,,,100.00%,0.00%,0.00%,0.00%,,100.00%,0.00%,0.00%,100.00%,0.00%,0.00%,0.00%,0.00%,,100.00%,0.00%,0.00%,3,100.00%,66.67%,33.33%,0.00%,0.00%,,0.00%,0.00%,0.00%,0.00%,0.00%,0.00%,,0.00%,0.00%,0.00%,0.00%,0.00%,0.00%,0.00%,,0.00%,0.00%
ML-Final PGC-Hasim-LP-1-V1-----Non Content VO-FM-Ex-Purchase,Malang,ML-Final PGC-Hasim-LP-1,,Sketch,120241226054510434,e493cee863483a057af12de782cd20043a19ed05,30-Mar-2026,4-Apr-2026,completed,98,$1.29,111,23.47%,7.10%,5.45%,5.03%,5.54%,67.564727,15.81%,0.39,53,135,73.23%,60.09%,52.58%,28.17%,38.46%,3.76%,0.80%,3.76%,16.90%,0.00%,30.04%,3.76%,3.76%,5.63%,0.01069620152,3.76%,0.00%,0.00%,30.04%,9.39%,7.51%,0.00%,9.39%,0.01877651229,7.51%,1.88%,0.00%,64.6666,75.77%,52.58%,35.57%,21.65%,3.09%,0.80%,4.64%,0.00%,30.93%,4.64%,4.64%,4.64%,0.01069620152,0.00%,0.00%,32.47%,12.37%,10.82%,4.64%,7.73%,0.01877651229,6.19%,0.00%
EHK-Final PGC-Prakash-LP-2--Hasim-V1---Non Content VO-FM-Ex-Purchase,Super Rich Gharjamai (FS),EHK-Final PGC-Prakash-LP-2,,Sketch,120241382781690434,f8fbcb9a13d17d5888164fffc1bbb7cd5c6608b2,1-Apr-2026,6-Apr-2026,completed,105,$2.15,185,25.71%,7.77%,8.07%,8.56%,9.02%,108.449399,15.49%,0.38,18,1070,71.76%,66.24%,60.72%,55.20%,76.92%,11.04%,0.30%,5.52%,27.60%,0.00%,55.20%,16.56%,11.04%,16.56%,0.006809423262,11.04%,0.00%,0.00%,55.20%,22.08%,22.08%,11.04%,16.56%,0.01264887595,11.04%,11.04%,0.00%,33.4786,71.69%,65.71%,56.75%,41.82%,17.92%,,5.97%,0.00%,53.77%,11.95%,8.96%,20.91%,,0.00%,0.00%,53.77%,14.93%,14.93%,8.96%,20.91%,,8.96%,0.00%
RL-Final PGC-Hasim-LP-1------Non Content VO-FM-Ex-Purchase-Gen AI-WithNarration,Ruthless,RL-Final PGC-Hasim-LP-1,,Gen AI,120241472218610434,4a74a5deb5acfdd749e525dacc4ddc7f90ccb8f0,2-Apr-2026,7-Apr-2026,completed,5,$6.93,596,20.00%,6.26%,4.08%,2.96%,2.96%,109.187635,8.77%,0.21,4,745,75.00%,50.00%,50.00%,50.00%,66.67%,0.00%,0.00%,0.00%,25.00%,0.00%,25.00%,0.00%,0.00%,0.00%,0,0.00%,0.00%,0.00%,25.00%,0.00%,0.00%,0.00%,0.00%,0,0.00%,0.00%,0.00%,5,80.00%,60.00%,40.00%,20.00%,0.00%,0.00%,0.00%,0.00%,20.00%,0.00%,0.00%,0.00%,0,0.00%,0.00%,20.00%,0.00%,0.00%,0.00%,0.00%,0,0.00%,0.00%
EHK-Final PGC-Prakash-LP-1------Non Content VO-FM-Ex-Purchase,Super Rich Gharjamai (FS),EHK-Final PGC-Prakash-LP-1,,Sketch,120241524093780434,f8fbcb9a13d17d5888164fffc1bbb7cd5c6608b2,3-Apr-2026,8-Apr-2026,completed,32,$2.92,251,31.25%,9.10%,8.49%,8.02%,7.79%,106.600453,12.03%,0.35,5,1557,77.42%,77.42%,77.42%,58.07%,75.00%,0.00%,0.00%,19.35%,58.07%,0.00%,58.07%,38.71%,0.00%,19.35%,0.003601029306,38.71%,0.00%,0.00%,58.07%,38.71%,19.36%,0.00%,19.35%,0.003601029306,38.71%,19.36%,0.00%,12.5,56.00%,56.00%,48.00%,40.00%,8.00%,,8.00%,8.00%,40.00%,24.00%,0.00%,16.00%,,0.00%,0.00%,40.00%,24.00%,8.00%,0.00%,16.00%,,8.00%,0.00%
MDW-Final PGC-Shailendra-LP-2------Non Content VO-FM-Ex-Purchase,My Devil Wife,MDW-Final PGC-Shailendra-LP-2,,Sketch,120241524333520434,3b237b20e1770f8873b6d801b9466e1eecbcfd40,3-Apr-2026,8-Apr-2026,completed,39,$2.87,247,20.51%,8.36%,8.86%,8.80%,7.38%,91.601358,8.55%,0.43,23,421,83.13%,56.87%,30.62%,26.25%,31.58%,0.00%,0.00%,4.38%,17.50%,4.37%,21.87%,4.37%,4.37%,0.00%,0,4.38%,4.37%,0.00%,21.87%,4.37%,4.37%,4.37%,0.00%,0,4.38%,4.37%,4.37%,30,83.33%,33.33%,20.00%,16.67%,0.00%,0.00%,6.67%,0.00%,16.67%,3.33%,3.33%,0.00%,0,3.33%,0.00%,16.67%,3.33%,3.33%,3.33%,0.00%,0,3.33%,3.33%
HSF-Final PGC-Akshay-LP-4------Non Content VO-FM-Ex-Purchase,His Secret Fortune,HSF-Final PGC-Akshay-LP-4,,Sketch,120241524748480434,6515322bae57dd2a3bb88524c9697821cca249ea,3-Apr-2026,8-Apr-2026,completed,38,$3.01,259,28.95%,4.93%,3.99%,3.87%,3.88%,67.785444,7.62%,0.34,27,364,66.67%,51.85%,40.74%,29.63%,44.44%,7.41%,0.59%,7.41%,14.81%,0.00%,29.63%,7.41%,7.41%,7.41%,0.005901260728,7.41%,3.70%,0.00%,29.63%,11.11%,7.41%,7.41%,7.41%,0.005901260728,7.41%,7.41%,0.00%,33,66.67%,39.39%,30.30%,27.27%,6.06%,0.59%,6.06%,0.00%,27.27%,6.06%,6.06%,6.06%,0.005901260728,3.03%,0.00%,27.27%,9.09%,6.06%,6.06%,6.06%,0.005901260728,6.06%,0.00%
BH-Final PGC-Prakash-LP-1------Non Content VO-FM-Ex-Purchase-GenAI-7-DAY-CLICK,Beggar Husband,BH-Final PGC-Prakash-LP-1,,Gen AI,120241786876330434,425ac5972370e4acbca481e52e618f61cb60aa2e,9-Apr-2026,14-Apr-2026,completed,383,$0.37,32,13.84%,5.56%,5.55%,5.74%,7.99%,50.562361,21.07%,0.75,330,37,75.83%,50.65%,27.30%,3.94%,5.20%,4.25%,3.29%,6.07%,2.12%,0.00%,6.67%,0.61%,0.30%,5.16%,0.04385717,6.67%,0.00%,0.00%,6.98%,1.21%,1.21%,0.61%,5.16%,0.05224304815,6.67%,0.61%,0.00%,353.6532,76.35%,37.89%,12.72%,3.68%,4.24%,3.53%,0.28%,0.00%,7.92%,0.57%,0.28%,5.37%,0.05685685123,0.00%,0.00%,8.20%,1.13%,1.13%,0.57%,5.37%,0.06524272938,0.57%,0.00%
BHW-Final PGC-Prakash-LP-1------Non Content VO-FM-Ex-Purchase-7-DAY-CLICK,Billionaire Hidden Wife,BHW-Final PGC-Prakash-LP-1,,Sketch,120241822114610434,99ef89ab3b48fa9fe5277ea15e46801ace8fd573,10-Apr-2026,15-Apr-2026,completed,281,$0.99,85,18.51%,16.80%,15.56%,14.98%,14.37%,66.80154,17.16%,0.46,213,112,58.18%,24.87%,14.55%,8.91%,15.32%,1.41%,0.65%,0.47%,6.10%,0.47%,12.67%,4.22%,3.28%,2.35%,0.04001335332,1.41%,0.94%,0.94%,12.67%,6.57%,5.63%,1.41%,2.35%,0.08450047957,1.41%,2.35%,0.94%,248.0507,59.26%,20.96%,12.90%,8.87%,1.61%,0.77%,3.63%,0.00%,15.32%,5.64%,4.43%,3.23%,0.04692562722,1.21%,0.81%,15.32%,8.06%,6.45%,1.61%,3.63%,0.110603799,2.42%,1.21%
DMK-Final PGC-Hasim-LP-1------Non Content VO-FM-Ex-Purchase-7-DAY-CLICK,Doctor Mafia King,DMK-Final PGC-Hasim-LP-1,,Sketch,120242105841210434,29bfb16932f3fae0c2be34b0505a0439cc836866,16-Apr-2026,21-Apr-2026,completed,57,$2.22,191,28.07%,12.27%,10.88%,10.51%,10.68%,36.738427,11.24%,0.17,35,308,64.92%,31.05%,19.76%,5.65%,8.70%,2.82%,0.10%,5.65%,5.65%,0.00%,16.94%,2.82%,0.00%,8.47%,0.005351781913,8.47%,0.00%,0.00%,16.94%,8.47%,8.47%,2.82%,8.47%,0.005351781913,8.47%,2.82%,0.00%,43.5715,68.85%,27.54%,13.77%,11.48%,2.30%,0.10%,0.00%,0.00%,25.25%,4.59%,2.30%,9.18%,0.01714969962,0.00%,0.00%,25.25%,13.77%,13.77%,6.89%,11.48%,0.02239936453,6.89%,0.00%
WAR-Final PGC-Shailendra-LP-2------Non Content VO-FM-Ex-Purchase-7-DAY-CLICK,The Warrior,WAR-Final PGC-Shailendra-LP-2,,Sketch,120242106932300434,a3ba65aa427077188e1ad7dbcbcafae266683ca9,16-Apr-2026,21-Apr-2026,completed,40,$2.23,192,27.50%,6.56%,4.99%,4.37%,4.24%,84.47631,10.44%,0.42,22,346,81.20%,54.14%,36.09%,18.05%,22.22%,0.00%,0.00%,0.00%,9.02%,9.02%,9.02%,4.51%,4.51%,0.00%,0,0.00%,0.00%,0.00%,13.53%,9.02%,9.02%,4.51%,0.00%,0,0.00%,4.51%,4.51%,28,82.14%,35.71%,21.43%,10.71%,0.00%,0.00%,10.71%,3.57%,10.71%,3.57%,3.57%,0.00%,0,0.00%,0.00%,14.29%,7.14%,7.14%,3.57%,0.00%,0,3.57%,3.57%
DMK-Final PGC-Hasim-LP-2------Non Content VO-FM-Ex-Purchase-7-DAY-CLICK,Doctor Mafia King,DMK-Final PGC-Hasim-LP-2,,Sketch,120242155807750434,29bfb16932f3fae0c2be34b0505a0439cc836866,17-Apr-2026,22-Apr-2026,completed,74,$1.60,138,22.97%,13.16%,10.23%,10.19%,11.42%,110.709118,15.20%,0.53,42,245,79.09%,57.52%,40.74%,21.57%,27.27%,9.59%,4.57%,9.59%,16.78%,2.40%,26.36%,4.79%,4.79%,14.38%,0.06095048575,11.98%,2.40%,0.00%,26.36%,9.59%,4.79%,2.40%,14.38%,0.06095048575,11.98%,2.40%,2.40%,56.8181,80.96%,52.80%,24.64%,17.60%,8.80%,4.85%,1.76%,1.76%,24.64%,5.28%,5.28%,14.08%,0.08589135353,1.76%,0.00%,24.64%,10.56%,7.04%,1.76%,14.08%,0.08589135353,1.76%,1.76%
DMK-Final PGC-Prakash-LP-3------Non Content VO-FM-Ex-Purchase-7-DAY-CLICK,Doctor Mafia King,DMK-Final PGC-Prakash-LP-3,,Sketch,120242276933980434,29bfb16932f3fae0c2be34b0505a0439cc836866,20-Apr-2026,25-Apr-2026,completed,96,$1.31,113,19.79%,15.76%,9.81%,8.29%,7.99%,136.889542,17.24%,0.71,76,142,65.59%,32.79%,26.24%,14.43%,22.00%,3.94%,2.67%,5.25%,6.56%,0.00%,13.12%,3.94%,1.31%,5.25%,0.02983416366,5.25%,0.00%,0.00%,14.43%,3.94%,3.94%,1.31%,5.25%,0.03562136956,6.56%,1.31%,0.00%,92.5079,67.02%,33.51%,22.70%,14.05%,8.65%,7.68%,4.32%,1.08%,16.21%,6.49%,4.32%,9.73%,0.1073846281,3.24%,0.00%,17.30%,7.57%,7.57%,4.32%,9.73%,0.1540624883,4.32%,2.16%
EDP-Final PGC-Pranjali-LP-3------Non Content VO-FM-Ex-Purchase-7-DAY-CLICK,Ek Daring Policewala,EDP-Final PGC-Pranjali-LP-3,,Sketch,120242464455780434,24c66cf63e496e75c61b6dcbe16260c87e938c5f,23-Apr-2026,2-May-2026,completed,144,$2.01,173,22.22%,12.86%,11.43%,11.03%,11.46%,76.594766,5.26%,0.84,89,278,71.53%,40.23%,23.47%,15.65%,21.88%,2.24%,0.23%,2.24%,8.94%,2.24%,15.65%,4.47%,2.24%,2.24%,0.00234166908,2.24%,2.24%,0.00%,16.76%,7.82%,7.82%,2.24%,2.24%,0.00234166908,2.24%,2.24%,0.00%,114.0501,72.78%,28.93%,19.29%,10.52%,2.63%,0.47%,2.63%,2.63%,15.78%,6.14%,3.51%,2.63%,0.004719422273,1.75%,0.00%,16.66%,8.77%,7.89%,1.75%,3.51%,0.008246549454,2.63%,0.00%
EDP-Final PGC-Pranjali-LP-4------Non Content VO-FM-Ex-Purchase-7-DAY-CLICK,Ek Daring Policewala,EDP-Final PGC-Pranjali-LP-4,,Sketch,120242465085970434,24c66cf63e496e75c61b6dcbe16260c87e938c5f,23-Apr-2026,28-Apr-2026,completed,53,$2.23,191,32.08%,18.77%,14.60%,11.98%,12.32%,81.154172,7.01%,0.60,29,348,68.65%,34.32%,27.46%,24.03%,35.00%,6.86%,0.57%,6.86%,20.59%,0.00%,27.46%,3.43%,0.00%,10.30%,0.008555146686,6.86%,0.00%,0.00%,27.46%,6.86%,3.43%,3.43%,10.30%,0.008555146686,6.86%,3.43%,0.00%,40.3,69.48%,27.30%,22.33%,19.85%,4.96%,0.57%,0.00%,0.00%,22.33%,2.48%,0.00%,7.44%,0.008555146686,0.00%,0.00%,22.33%,4.96%,2.48%,2.48%,9.93%,0.01139199989,2.48%,0.00%
DMK-Final PGC-Prakash-LP-1-V3-----Non Content VO-FM-Ex-Purchase-7-DAY-CLICK,Doctor Mafia King,DMK-Final PGC-Prakash-LP-1,,Sketch,120242466986960434,29bfb16932f3fae0c2be34b0505a0439cc836866,23-Apr-2026,28-Apr-2026,completed,134,$0.87,75,19.40%,15.86%,11.78%,10.50%,8.31%,117.467785,26.33%,0.59,98,103,74.57%,40.86%,30.65%,16.35%,21.92%,4.09%,0.69%,2.04%,8.17%,0.00%,13.28%,1.02%,0.00%,4.09%,0.00685081357,2.04%,0.00%,0.00%,13.42%,2.06%,2.06%,1.03%,5.16%,0.01022570917,2.06%,2.06%,0.00%,112.5152,73.77%,32.00%,23.11%,10.67%,7.11%,1.04%,0.89%,0.00%,13.33%,0.89%,0.00%,7.11%,0.01036040567,0.00%,0.00%,13.33%,1.78%,1.78%,0.89%,8.00%,0.01373530127,1.78%,0.00%
DR-Final PGC-Prakash-LP-1------Non Content VO-FM-Ex-Purchase-7-DAY-CLICK,Devil’s Revenge,DR-Final PGC-Prakash-LP-1,,Sketch,120242546233770434,4753fe3e20244ef2f82b8ebcd3ba6e18280af490,25-Apr-2026,4-May-2026,completed,116,$1.90,163,37.07%,8.38%,6.25%,6.28%,6.86%,79.60103,14.66%,0.33,94,202,83.24%,58.69%,51.22%,33.08%,39.74%,6.40%,2.90%,8.54%,23.48%,9.60%,35.22%,18.14%,13.87%,8.54%,0.06341936117,9.60%,9.60%,1.07%,35.22%,22.41%,19.21%,11.74%,8.54%,0.1387869206,9.60%,13.87%,3.20%,99.6869,83.26%,53.17%,41.13%,26.08%,6.02%,2.90%,14.04%,5.02%,36.11%,20.06%,16.05%,8.03%,0.06341936117,11.03%,1.00%,36.11%,24.08%,21.07%,13.04%,8.03%,0.1387869206,15.05%,3.01%
India || Meta || Android || Testing - CPS || Fantasy || Hindi || Purple Thunder Sovereign || 649265 || Sketch || NA || 30 Apr 2026 || Short ||  || UGC || No ||  ||  || PTS-Final PGC-Akshay-LP-1------Non Content VO-FM-Ex-Purchase-7-DAY-CLICK,Purple Thunder Sovereign,PTS-Final PGC-Akshay-LP-1,Selected,Sketch,120242865672380434,de8f3bd12ad51c517ed3178cc66a25d48d575d60,30-Apr-2026,15-May-2026,completed,154,$1.84,158,14.94%,7.99%,6.39%,6.61%,6.99%,52.010768,1.74%,1.89,58,0,30.98%,17.21%,15.49%,8.61%,27.78%,0.00%,,0.00%,8.61%,3.44%,13.77%,6.88%,5.16%,1.72%,,0.00%,1.72%,0.00%,13.77%,8.61%,8.61%,1.72%,1.72%,,0.00%,1.72%,0.00%,67.4334,37.07%,17.80%,14.83%,10.38%,0.00%,,7.41%,0.00%,14.83%,7.41%,4.45%,1.48%,,1.48%,0.00%,14.83%,8.90%,7.41%,1.48%,1.48%,,1.48%,0.00%
India || Meta || Android || Testing - CPS || Fantasy || Hindi || Divine Flame Burst || 628685 || Sketch || NA || 4 May 2026 ||  ||  || UGC ||  ||  ||  || DFB-Final PGC-Pranjali-LP-1------Non Content VO-FM-Ex-Purchase-7-DAY-CLICK,Divine Flame Burst,DFB-Final PGC-Pranjali-LP-1,,Sketch,120243014370550434,9e8043f6d71ede076b7ac420a611f3f56e40f224,4-May-2026,9-May-2026,completed,51,$2.48,213,19.61%,12.32%,5.24%,4.88%,4.70%,88.257406,4.58%,0.90,27,396,58.29%,18.21%,14.57%,14.57%,25.00%,0.00%,0.00%,0.00%,14.57%,10.93%,14.57%,14.57%,14.57%,7.29%,0.00532813592,7.29%,10.93%,0.00%,14.57%,14.57%,14.57%,10.93%,7.29%,0.00532813592,7.29%,10.93%,7.29%,37.95,57.97%,13.18%,10.54%,10.54%,0.00%,0.00%,10.54%,7.91%,13.18%,10.54%,10.54%,5.27%,0.00532813592,7.91%,0.00%,13.18%,10.54%,10.54%,7.91%,5.27%,0.00532813592,7.91%,5.27%
India || Meta || Android || Testing - CPS || Fantasy || Hindi || Primordial God || 653918 || Sketch || NA || 5 May 2026 ||  ||  || UGC ||  ||  ||  || PG-Final PGC-Shailendra-LP-2------Non Content VO-FM-Ex-Purchase-7-DAY-CLICK,Primordial God,PG-Final PGC-Shailendra-LP-2,,Sketch,120243064894520434,abef90c631978edd56192a52e96c3ff23955322c,5-May-2026,10-May-2026,completed,40,$3.17,273,25.00%,9.59%,8.95%,7.51%,8.92%,83.382967,6.70%,0.45,18,623,62.86%,17.14%,11.43%,11.43%,18.18%,0.00%,0.00%,0.00%,11.43%,0.00%,11.43%,0.00%,0.00%,0.00%,0,0.00%,0.00%,0.00%,11.43%,0.00%,0.00%,0.00%,0.00%,0,0.00%,0.00%,0.00%,25.75,58.25%,23.30%,19.42%,15.53%,0.00%,0.00%,7.77%,3.88%,19.42%,3.88%,3.88%,0.00%,0,0.00%,0.00%,19.42%,3.88%,3.88%,0.00%,0.00%,0,0.00%,0.00%
India || Meta || Android || Testing - CPS || Fantasy || Hindi || Primordial God || 653918 || Sketch || NA || 5 May 2026 ||  ||  || UGC ||  ||  ||  || PG-Final PGC-Shailendra-LP-3------Non Content VO-FM-Ex-Purchase-7-DAY-CLICK,Primordial God,PG-Final PGC-Shailendra-LP-3,,Sketch,120243072131080434,abef90c631978edd56192a52e96c3ff23955322c,5-May-2026,10-May-2026,completed,41,$3.02,259,24.39%,15.17%,12.94%,11.89%,13.05%,103.322032,6.41%,0.62,31,342,61.13%,28.95%,16.09%,9.65%,15.79%,0.00%,0.00%,3.22%,6.43%,3.22%,16.09%,9.65%,6.43%,3.22%,0.01213535615,3.22%,3.22%,0.00%,16.09%,9.65%,6.43%,3.22%,3.22%,0.01213535615,3.22%,3.22%,0.00%,32.75,58.02%,24.43%,12.21%,6.11%,0.00%,0.00%,3.05%,3.05%,18.32%,9.16%,6.11%,3.05%,0.01213535615,3.05%,0.00%,18.32%,12.21%,6.11%,3.05%,3.05%,0.01213535615,3.05%,0.00%
India || Meta || Android || Testing - CPS || Fantasy || Hindi || Purple Thunder Sovereign || 649265 || Sketch || NA || 5 May 2026 || Short ||  || UGC || No ||  ||  || PTS-Final PGC-Akshay-LP-3------Non Content VO-FM-Ex-Purchase-7-DAY-CLICK,Purple Thunder Sovereign,PTS-Final PGC-Akshay-LP-3,,Sketch,120243078773740434,de8f3bd12ad51c517ed3178cc66a25d48d575d60,5-May-2026,15-May-2026,completed,84,$2.32,200,28.57%,6.71%,4.92%,4.81%,4.91%,64.692497,8.04%,0.40,42,396,66.19%,21.28%,14.18%,9.46%,14.29%,0.00%,0.00%,0.00%,9.46%,2.36%,11.82%,7.09%,7.09%,0.00%,0,0.00%,2.36%,0.00%,11.82%,7.09%,7.09%,2.36%,0.00%,0,0.00%,2.36%,2.36%,49.5286,68.65%,16.15%,16.15%,12.11%,0.00%,0.00%,4.04%,2.02%,14.13%,8.08%,8.08%,0.00%,0,4.04%,0.00%,14.13%,8.08%,8.08%,4.04%,0.00%,0,4.04%,4.04%
India || Meta || Android || Testing - CPS || Male Drama || Hindi || My Mysterious Princess || 242697 || Sketch || NA || 6 May 2026 || Short ||  || UGC ||  ||  ||  || MMPS-Final PGC-Prakash-LP-3------Non Content VO-FM-Ex-Purchase-7-DAY-CLICK,My Mysterious Princess,MMPS-Final PGC-Prakash-LP-3,,Sketch,120243143327120434,ca6c466ebfcd2658a9f1641045f468c15417a1e7,6-May-2026,11-May-2026,completed,57,$2.06,178,21.05%,9.51%,6.13%,4.93%,5.24%,104.386873,9.98%,0.59,30,339,56.98%,46.93%,33.52%,23.46%,41.18%,0.00%,0.00%,0.00%,16.76%,0.00%,23.46%,3.35%,0.00%,0.00%,0,0.00%,0.00%,0.00%,23.46%,6.70%,6.70%,3.35%,0.00%,0,0.00%,3.35%,0.00%,38.6668,62.07%,43.97%,31.03%,23.28%,0.00%,0.00%,0.00%,0.00%,25.86%,2.59%,0.00%,0.00%,0,0.00%,0.00%,25.86%,5.17%,5.17%,2.59%,0.00%,0,2.59%,0.00%
India || Meta || Android || Testing - CPS || Fantasy || Hindi || Divine Flame Burst || 628685 || Sketch || NA || 6 May 2026 ||  ||  || UGC ||  ||  ||  || DFB-Final PGC-Hasim-LP-1------Non Content VO-FM-Ex-Purchase-7-DAY-CLICK,Divine Flame Burst,DFB-Final PGC-Hasim-LP-1,,Sketch,120243144431360434,9e8043f6d71ede076b7ac420a611f3f56e40f224,6-May-2026,15-May-2026,completed,94,$2.24,193,40.43%,9.86%,8.47%,6.78%,6.75%,72.146661,8.36%,0.45,57,317,77.07%,45.54%,45.54%,36.78%,47.73%,1.75%,0.16%,3.50%,31.53%,14.01%,35.03%,14.01%,8.76%,3.50%,0.003482567853,3.50%,0.00%,0.00%,35.03%,14.01%,8.76%,3.50%,3.50%,0.003482567853,5.25%,3.50%,1.75%,66.7879,77.86%,44.92%,35.93%,29.95%,1.50%,0.16%,17.97%,4.49%,32.94%,13.48%,8.98%,4.49%,0.01000727041,0.00%,0.00%,32.94%,13.48%,8.98%,2.99%,4.49%,0.02084559622,2.99%,1.50%
India || Meta || Android || Testing - CPS || Fantasy || Hindi || Billionaire Royal System || 614376 || Sketch || NA || 18 May 2026 ||  ||  || UGC ||  ||  ||  || BRS-Final PGC-Prakash-LP-2------Non Content VO-FM-Ex-Purchase-7-DAY-CLICK,Billionaire Royal System,BRS-Final PGC-Prakash-LP-2,,Sketch,120243800124500434,0326f594b1a7a24070eaf848204d97a7f7b09885,18-May-2026,24-May-2026,completed,98,$2.13,183,40.82%,10.42%,8.08%,7.24%,8.08%,72.724977,8.39%,0.47,42,309,71.12%,37.05%,35.36%,21.89%,30.78%,2.37%,0.22%,2.37%,16.84%,6.74%,26.94%,10.10%,8.42%,2.37%,0.002234892918,2.37%,3.37%,0.00%,30.31%,10.10%,8.42%,1.68%,2.37%,0.002234892918,2.37%,3.37%,0.00%,71.3883,74.24%,37.82%,29.42%,22.41%,2.80%,0.35%,9.81%,4.20%,29.42%,11.21%,9.81%,4.20%,0.006476081718,5.60%,0.00%,32.22%,11.21%,9.81%,4.20%,4.20%,0.006476081718,5.60%,1.40%
India || Meta || Android || Testing - CPS || Fantasy || Hindi || Primordial God || 653918 || Sketch || NA || 19 May 2026 ||  ||  || UGC ||  ||  ||  || PG-Final PGC-Pranjali-LP-3------Non Content VO-FM-Ex-Purchase-7-DAY-CLICK,Primordial God,PG-Final PGC-Pranjali-LP-3,Selected,Sketch,120243850858250434,abef90c631978edd56192a52e96c3ff23955322c,19-May-2026,24-May-2026,completed,90,$1.44,123,27.78%,6.51%,5.11%,4.79%,5.53%,54.028143,6.04%,0.72,39,232,48.87%,23.48%,13.70%,13.70%,28.03%,2.57%,0.32%,5.14%,9.78%,1.96%,15.65%,3.91%,3.91%,2.57%,0.003211223435,5.14%,0.00%,0.00%,15.65%,5.87%,5.87%,1.96%,5.14%,0.01758440784,5.14%,1.96%,0.00%,57.1058,49.03%,15.76%,12.26%,12.26%,1.75%,0.26%,5.25%,1.75%,17.51%,5.25%,5.25%,1.75%,0.002608288038,1.75%,0.00%,17.51%,7.00%,7.00%,3.50%,3.50%,0.01428278086,3.50%,0.00%
India || Meta || Android || Testing - CPS || Fantasy || Hindi || Divine Flame Burst || 628685 || Sketch || NA || 23 May 2026 ||  ||  || UGC ||  ||  ||  || DFB-Final PGC-Pranjali-15 Minuter-1------Non Content VO-FM-Ex-Purchase-7-DAY-CLICK,Divine Flame Burst,DFB-Final PGC-Hasim-LP-1,Selected,Sketch,120244141086980434,9e8043f6d71ede076b7ac420a611f3f56e40f224,23-May-2026,28-May-2026,completed,77,$1.61,138,38.96%,7.04%,5.90%,6.10%,5.76%,76.605777,7.52%,0.74,37,247,70.97%,23.50%,23.50%,11.75%,16.56%,0.00%,0.00%,2.73%,4.70%,2.35%,18.80%,7.05%,7.05%,2.73%,0.003191275992,5.46%,2.35%,0.00%,18.80%,7.05%,7.05%,2.35%,2.73%,0.003191275992,5.46%,2.35%,0.00%,51.1832,72.29%,25.40%,17.58%,11.72%,0.00%,0.00%,7.82%,5.86%,23.45%,11.72%,11.72%,1.95%,0.002710688154,1.95%,0.00%,23.45%,11.72%,11.72%,3.91%,5.86%,0.02571706059,3.91%,0.00%
India || Meta || Android || Testing - CPS || Fantasy || Hindi || The Warrior | Author - Dayaram Prajapati || 349022 || Sketch || NA || 06 Jun 2026 || Short ||  || UGC ||  ||  ||  || TWAR-Final PGC-Akshay-LP-1------Non Content VO-FM-Ex-Purchase-7-DAY-CLICK,The Warrior,TWAR-Final PGC-Akshay-LP-1,Selected,Sketch,120245027469260434,a3ba65aa427077188e1ad7dbcbcafae266683ca9,6-Jun-2026,11-Jun-2026,completed,80,$1.56,134,25.00%,8.47%,7.36%,7.10%,8.22%,73.755038,13.01%,0.42,18,599,67.09%,50.32%,44.73%,39.14%,58.33%,0.00%,0.00%,5.59%,33.55%,0.00%,33.55%,0.00%,0.00%,0.00%,0,5.59%,0.00%,0.00%,39.14%,5.59%,5.59%,0.00%,0.00%,0,5.59%,0.00%,0.00%,22.2194,63.01%,36.01%,31.50%,27.00%,0.00%,0.00%,9.00%,0.00%,27.00%,0.00%,0.00%,0.00%,0,0.00%,0.00%,31.50%,4.50%,4.50%,0.00%,0.00%,0,0.00%,0.00%
India || Meta || Android || Testing - CPS || Fantasy || Hindi || Primordial God || 653918 || Sketch || NA || 06 Jun 2026 ||  ||  || UGC ||  ||  ||  ||PG-Final PGC-Hasim-LP-1-V1-----Non Content VO-FM-Ex-Purchase-7-DAY-CLICK,Primordial God,PG-Final PGC-Hasim-LP-1,Selected,Sketch,120245033400820434,abef90c631978edd56192a52e96c3ff23955322c,6-Jun-2026,11-Jun-2026,completed,73,$1.70,146,19.18%,11.80%,10.41%,9.26%,9.91%,77.980599,4.44%,1.20,31,342,57.63%,41.62%,38.42%,19.21%,33.33%,3.20%,0.18%,3.20%,9.60%,6.40%,19.21%,19.21%,19.21%,3.20%,0.001776512979,3.20%,6.40%,0.00%,19.21%,19.21%,19.21%,6.40%,3.20%,0.001776512979,3.20%,9.60%,0.00%,36.6357,62.78%,38.21%,21.84%,13.65%,2.73%,0.18%,8.19%,5.46%,19.11%,16.38%,16.38%,2.73%,0.001776512979,5.46%,0.00%,19.11%,19.11%,19.11%,5.46%,2.73%,0.001776512979,8.19%,0.00%
India || Meta || Android || Testing - CPS || Fantasy || Hindi || The Warrior | Author - Dayaram Prajapati || 349022 || Sketch || NA || 10 Jun 2026 || Short ||  || UGC ||  ||  ||  || TWAR-Final PGC-Akshay-LP-4------Non Content VO-FM-Ex-Purchase-7-DAY-CLICK,The Warrior,TWAR-Final PGC-Akshay-LP-4,,Sketch,120245300124360434,a3ba65aa427077188e1ad7dbcbcafae266683ca9,10-Jun-2026,15-Jun-2026,completed,74,$1.71,147,14.86%,10.82%,6.18%,5.95%,6.16%,94.883214,3.45%,1.87,21,515,52.11%,18.95%,14.21%,14.21%,27.27%,0.00%,0.00%,0.00%,14.21%,4.74%,18.95%,14.21%,14.21%,4.74%,0.02722505081,0.00%,4.74%,0.00%,18.95%,14.21%,14.21%,9.48%,4.74%,0.02722505081,0.00%,9.48%,4.74%,28.3691,49.35%,14.10%,10.57%,10.57%,0.00%,0.00%,7.05%,0.00%,17.62%,10.57%,7.05%,3.52%,0.02722505081,3.52%,0.00%,17.62%,10.57%,10.57%,3.52%,3.52%,0.02722505081,3.52%,3.52%
India || Meta || Android || Testing - CPS || Fantasy || Hindi || The Warrior | Author - Dayaram Prajapati || 349022 || Sketch || NA || 17 Jun 2026 || Short ||  || UGC ||  ||  ||  ||  TWAR-Final PGC-Akshay-LP-7------Non Content VO-FM-Ex-Purchase-7-DAY-CLICK,The Warrior,TWAR-Final PGC-Akshay-LP-7,Partially Selected,Sketch,120245677159990434,a3ba65aa427077188e1ad7dbcbcafae266683ca9,17-Jun-2026,22-Jun-2026,completed,138,$0.92,79,10.14%,4.14%,3.07%,1.96%,1.98%,78.153631,1.97%,5.00,58,189,39.75%,17.28%,12.10%,10.37%,26.09%,1.73%,0.26%,5.18%,8.64%,5.18%,8.64%,3.46%,3.46%,5.18%,0.00794901328,8.64%,1.73%,0.00%,8.64%,3.46%,3.46%,1.73%,5.18%,0.01635294516,8.64%,1.73%,0.00%,63.5316,39.35%,12.59%,11.02%,7.87%,1.57%,0.26%,7.87%,3.15%,7.87%,3.15%,3.15%,4.72%,0.00794901328,1.57%,0.00%,7.87%,3.15%,3.15%,1.57%,6.30%,0.01899629794,1.57%,0.00%
India || Meta || Android || Testing - CPS || Fantasy || Hindi || Primordial God || 653918 || GenAI || NA || 22 Jun 2026 ||  ||  || UGC ||  ||  ||  || PG-Final PGC-Shailendra-LP-3-Sarthak+Hasim-V1-----Non Content VO-FM-Ex-Purchase-7-DAY-CLICK-Gen AI-With Logo-Bid-18-24,Primordial God,PG-Final PGC-Shailendra-LP-3,,Gen AI,120245938960850434,abef90c631978edd56192a52e96c3ff23955322c,22-Jun-2026,27-Jun-2026,completed,151,$1.12,96,28.48%,10.76%,9.31%,9.49%,10.79%,79.000071,5.69%,1.44,120,121,67.63%,46.76%,35.07%,25.05%,37.04%,1.67%,0.44%,2.50%,22.54%,8.35%,27.55%,9.18%,4.17%,2.50%,0.006349387894,3.34%,0.83%,0.00%,27.55%,9.18%,5.01%,0.83%,2.50%,0.006349387894,3.34%,0.83%,0.83%,135.1947,69.53%,40.68%,34.02%,25.15%,1.48%,0.44%,15.53%,5.18%,31.07%,10.36%,5.18%,2.22%,0.006349387894,1.48%,0.00%,31.07%,10.36%,5.92%,2.22%,2.22%,0.006349387894,2.22%,0.74%
RE-RUN-India || Meta || Android || Testing - CPS || Fantasy || Hindi || Primordial God || 653918 || GenAI || NA || 23 Jun 2026 ||  ||  || UGC ||  ||  ||  ||PG-Final PGC-Shailendra-LP-3-30 Minuter 1------Non Content VO-FM-Ex-Purchase-7-DAY-CLICK-GenAI-With-Logo-Bid-18-24,Primordial God,PG-Final PGC-Shailendra-LP-3-30 Minuter 1,Selected,Gen AI,120246007594700434,abef90c631978edd56192a52e96c3ff23955322c,23-Jun-2026,28-Jun-2026,completed,149,$1.24,107,33.56%,7.17%,6.57%,6.31%,5.55%,72.494065,6.98%,0.97,114,139,76.11%,58.61%,46.36%,23.62%,31.03%,0.87%,0.18%,4.37%,19.25%,6.12%,23.62%,0.87%,0.87%,0.87%,0.001817582763,4.37%,0.00%,0.00%,23.62%,0.87%,0.87%,0.00%,0.87%,0.001817582763,4.37%,0.00%,0.00%,127.0015,77.95%,50.39%,26.77%,19.68%,0.79%,0.18%,11.02%,0.79%,23.62%,1.57%,0.79%,0.79%,0.001817582763,0.00%,0.00%,23.62%,1.57%,0.79%,0.00%,0.79%,0.001817582763,0.00%,0.00%
India || Meta || Android || Testing - CPS || Suspense & Thriller || Hindi || The Return of Zombie  Father | द रिटर्न ऑफ़ ज़ॉम्बी फ़ादर || 621508 || Sketch || NA || 27 Jun 2026 || Short ||  || UGC ||  ||  ||  || TRZF-Final PGC-Pranjali-LP-2------Non Content VO-FM-Ex-Purchase-7-DAY-CLICK, The Return of Zombie Father,TRZF-Final PGC-Pranjali-LP-2,Partially selected,Sketch,120246246919060434,09bb2a1d63febf4860323830dddde159273484de,27-Jun-2026,4-Jul-2026,completed,72,$1.64,141,20.83%,4.79%,4.18%,3.84%,4.20%,62.809042,2.34%,1.90,36,280,49.70%,33.13%,24.85%,13.80%,27.78%,5.52%,1.48%,5.52%,8.28%,0.00%,16.57%,2.76%,0.00%,11.04%,0.03029626708,11.04%,0.00%,0.00%,16.57%,2.76%,0.00%,0.00%,11.04%,0.03029626708,11.04%,0.00%,0.00%,42.5523,51.70%,25.85%,21.15%,14.10%,4.70%,1.48%,4.70%,0.00%,18.80%,4.70%,2.35%,9.40%,0.03029626708,0.00%,0.00%,18.80%,4.70%,2.35%,0.00%,9.40%,0.03029626708,0.00%,0.00%
India || Meta || Android || Testing - CPS || Fantasy || Hindi || King of Dragon | किंग ऑफ ड्रैगन | Author - Nitesh || 346826 || Sketch || NA || 27 Jun 2026 || Short ||  || UGC ||  ||  ||  ||  KODGN-Final PGC-Shailendra-LP-1------Non Content VO-FM-Ex-Purchase-7-DAY-CLICK,King of Dragon,KODGN-Final PGC-Shailendra-LP-1,,Sketch,120246252170830434,859785ba4869b28dddcfcb0e75295d1e1ad9b5a9,27-Jun-2026,2-Jul-2026,completed,188,$0.65,56,8.51%,5.90%,2.33%,1.98%,1.76%,74.711666,2.03%,6.55,72,146,22.13%,8.30%,4.15%,2.77%,12.50%,0.00%,0.00%,0.00%,2.77%,2.77%,4.15%,1.38%,1.38%,0.00%,0,1.38%,1.38%,0.00%,4.15%,1.38%,1.38%,1.38%,1.38%,0.002732654208,1.38%,1.38%,0.00%,72.9029,21.95%,5.49%,4.12%,2.74%,0.00%,0.00%,2.74%,0.00%,4.12%,1.37%,1.37%,0.00%,0,1.37%,0.00%,4.12%,1.37%,1.37%,1.37%,1.37%,0.002732654208,1.37%,0.00%
WOR--Panya-VAR-D------Non Content VO-FM-Ex-90-D-Level-Acheived,,WOR--Panya-VAR-D,,,120235120171930434,NA,17-Nov-2025,22-Nov-2025,archived,,$0.00,,,0.00%,0.00%,0.00%,0.00%,34.5,,,,,,,,,,,,,,,,,,,,,,,,,,,,,,,,,,,,,,,,,,,,,,,,,,,,,,,
India || Meta || Android || Testing - CPS || Suspense & Thriller || Hindi || The Return of Zombie  Father | द रिटर्न ऑफ़ ज़ॉम्बी फ़ादर || 621508 || GenAI || NA || 07 Jul 2026 || Short ||  || UGC ||  ||  ||  || TRZF-Final PGC-Pranjali-LP-2------Non Content VO-FM-Ex-Purchase-7-DAY-CLICK - Long - Intro, The Return of Zombie Father,TRZF-Final PGC-Pranjali-LP-2,,Gen AI,120246637959460434,09bb2a1d63febf4860323830dddde159273484de,7-Jul-2026,12-Jul-2026,completed,90,$1.68,144,26.67%,7.07%,6.15%,5.48%,5.85%,80.815493,7.65%,0.73,63,206,84.23%,60.39%,42.91%,17.48%,20.75%,9.54%,1.56%,11.12%,4.77%,0.00%,17.48%,0.00%,0.00%,11.12%,0.02149743472,12.71%,0.00%,0.00%,20.66%,1.59%,1.59%,1.59%,11.12%,0.04271562471,12.71%,1.59%,0.00%,70.2728,81.11%,46.96%,27.04%,12.81%,9.96%,1.79%,5.69%,0.00%,18.77%,1.44%,1.44%,11.55%,0.02511365391,0.00%,0.00%,19.06%,1.91%,1.91%,1.91%,9.53%,0.01627537209,1.91%,0.00%
India || Meta || Android || Testing - CPS || Fantasy || Hindi || The Warrior | Author - Dayaram Prajapati || 349022 || GenAI-Cinematic-Motion || NA || 09 Jul 2026 || Short ||  || UGC ||  ||  ||  ||  TWAR-Final PGC-Pranjali-LP-6------Non Content VO-FM-Ex-Purchase-7-DAY-CLICK - Motion AI,The Warrior,TWAR-Final PGC-Pranjali-LP-6,Selected,Motion AI,120246713325470434,a3ba65aa427077188e1ad7dbcbcafae266683ca9,9-Jul-2026,14-Jul-2026,completed,107,$0.93,80,7.48%,4.55%,2.46%,2.12%,2.06%,54.942,1.25%,5.49,51,169,29.53%,13.78%,11.81%,9.84%,33.33%,0.00%,0.00%,0.00%,9.84%,0.00%,9.84%,0.00%,0.00%,0.00%,0,0.00%,0.00%,0.00%,11.81%,3.94%,0.00%,0.00%,0.00%,0,0.00%,0.00%,0.00%,49.5714,28.24%,12.10%,10.09%,10.09%,0.00%,0.00%,2.02%,0.00%,15.35%,0.00%,0.00%,0.00%,0,0.00%,0.00%,,,,,,,,
India || Meta || Android || Testing - CPS || Fantasy || Hindi || The Warrior | Author - Dayaram Prajapati || 349022 || GenAI-Cinematic-Motion || NA || 15 Jul 2026 || Short ||  || UGC ||  ||  ||  ||  TWAR-Final PGC-Chaitanya-LP-6------Non Content VO-FM-Ex-Purchase-7-DAY-CLICK - Motion AI,The Warrior,TWAR-Final PGC-Chaitanya-LP-6,,Motion AI,120246900234870434,a3ba65aa427077188e1ad7dbcbcafae266683ca9,15-Jul-2026,20-Jul-2026,completed,69,$1.80,155,13.04%,14.10%,6.72%,5.14%,5.41%,40.65283,2.78%,0.95,18,582,49.09%,5.45%,0.00%,0.00%,0.00%,0.00%,0.00%,0.00%,0.00%,0.00%,0.00%,0.00%,0.00%,0.00%,0,0.00%,0.00%,0.00%,0.00%,0.00%,0.00%,0.00%,0.00%,0,0.00%,0.00%,0.00%,,,0.00%,0.00%,0.00%,,,0.00%,0.00%,,,,,,,,,,,,,,,
India || Meta || Android || Testing - CPS || Fantasy || Hindi || The Warrior | Author - Dayaram Prajapati || 349022 || Sketch || NA || 15 Jul 2026 || Short ||  || UGC ||  ||  ||  ||  TWAR-Final PGC-Pranjali-LP-10------Non Content VO-N-Ex-Purchase-7-DAY-CLICK,The Warrior,TWAR-Final PGC-Pranjali-LP-10,,Sketch,120246903674430434,a3ba65aa427077188e1ad7dbcbcafae266683ca9,15-Jul-2026,20-Jul-2026,completed,90,$1.36,117,21.11%,5.91%,4.70%,3.93%,3.90%,50.711494,3.59%,1.21,35,300,68.57%,37.14%,20.00%,14.29%,20.83%,0.00%,0.00%,0.00%,14.29%,2.86%,14.29%,2.86%,2.86%,0.00%,0,0.00%,0.00%,0.00%,14.29%,5.71%,2.86%,2.86%,0.00%,0,0.00%,2.86%,0.00%,2,0.00%,0.00%,0.00%,0.00%,0.00%,0.00%,0.00%,0.00%,,,,,,,,,,,,,,,
RE-RUN-India || Meta || Android || Testing - CPS || Fantasy || Hindi || The Warrior | Author - Dayaram Prajapati || 349022 || Sketch || NA || 19 Jul 2026 || Short ||  || UGC ||  ||  ||  ||  TWAR-Final PGC-Pranjali-LP-10------Non Content VO-N-Ex-Purchase-7-DAY-CLICK,The Warrior,TWAR-Final PGC-Pranjali-LP-10,,Sketch,120246979463380434,a3ba65aa427077188e1ad7dbcbcafae266683ca9,19-Jul-2026,24-Jul-2026,completed,85,$1.51,130,24.71%,5.57%,4.42%,3.43%,3.57%,81.414978,6.87%,0.91,35,314,79.51%,45.44%,39.76%,19.88%,25.00%,2.84%,0.26%,2.84%,17.04%,0.00%,19.88%,5.68%,5.68%,2.84%,0.002624141136,2.84%,0.00%,0.00%,19.88%,8.52%,8.52%,2.84%,2.84%,0.002624141136,2.84%,2.84%,0.00%,,,,,,,,,,,,,,,,,,,,,,,,
India || Meta || Android || Testing - CPS || Fantasy || Hindi || The Beast Guru || 706713 || Sketch || NA || 30 Jul 2026 || Short ||  || UGC ||  ||  ||  || TBG-Final PGC-Shailendra-LP-3------Non Content VO-FM-Ex-Purchase-7-DAY-CLICK,The Beast Guru ,TBG-Final PGC-Shailendra-LP-3,,Sketch,120247209103800434,460702ff409f87d178f7821534c645030c2db71e,30-Jul-2026,4-Aug-2026,completed,49,$2.47,213,36.73%,7.92%,6.54%,6.60%,6.56%,78.664632,4.08%,0.90,23,446,72.78%,12.84%,4.28%,4.28%,5.88%,0.00%,0.00%,0.00%,4.28%,4.28%,4.28%,0.00%,0.00%,0.00%,0,0.00%,0.00%,0.00%,4.28%,0.00%,0.00%,0.00%,4.28%,0.002789684212,4.28%,0.00%,0.00%,,,,,,,,,,,,,,,,,,,,,,,,
India || Meta || Android || Testing - CPS || Male Drama || Hindi || Bechara Billionaire | बेचारा बिलियनेयर || NA || Sketch || NA || 17 Dec 2025 || Long || NA || Commissioning ||  ||  ||  || Multiple Ads (Mandate Purchase Success)_Rutvik_Solanki,Bechara Billionaire,Multiple Ads (Mandate Purchase Success)_Rutvik_Solanki,,Sketch,120236953214880434,8df502806fb9974684c465424e298fcc4c1614f9,18-Dec-2025,Ongoing,inactive,23,$4.09,352,26.09%,6.31%,4.01%,3.63%,3.13%,182.529311,11.06%,0.46,,,,,,,,,,,,,,,,,,,,,,,,,,,,,,,,,,,,,,,,,,,,,,,,,,,,,
WAR-Final PGC-Hasim-LP-1------Non Content VO-FM-Ex-Purchase-Gen AI-PS2-FDG-Extra Trimmed-OG-Settings-Fast Speed,The Warrior,WAR-Final PGC-Hasim-LP-1,,Gen AI,120239686224460434,a3ba65aa427077188e1ad7dbcbcafae266683ca9,23-Feb-2026,Ongoing,inactive,223,$1.35,116,20.18%,6.15%,4.76%,4.37%,4.37%,48.624637,18.85%,0.22,2,0,50.00%,,,,0.00%,0.00%,,0.00%,,,0.00%,0.00%,0.00%,0.00%,,0.00%,0.00%,0.00%,0.00%,0.00%,0.00%,0.00%,0.00%,,0.00%,0.00%,0.00%,1,100.00%,0.00%,0.00%,0.00%,0.00%,,0.00%,0.00%,0.00%,0.00%,0.00%,0.00%,,0.00%,0.00%,0.00%,0.00%,0.00%,0.00%,0.00%,,0.00%,0.00%
BH-Final PGC-Prakash-LP-1------Non Content VO-FM-Ex-Purchase-GenAI,Beggar Husband,BH-Final PGC-Prakash-LP-1,,Gen AI,120240693377260434,425ac5972370e4acbca481e52e618f61cb60aa2e,20-Mar-2026,Ongoing,inactive,6444,$0.40,34,12.48%,4.72%,4.82%,5.00%,6.88%,49.954918,24.31%,0.60,4683,43,80.61%,49.66%,24.10%,6.75%,8.37%,7.54%,6.11%,9.74%,4.27%,0.49%,8.03%,1.43%,1.07%,8.07%,0.07601445454,10.16%,0.45%,0.09%,8.43%,2.31%,1.86%,1.07%,8.24%,0.1020031206,10.25%,1.13%,0.43%,5383.3549,80.82%,35.46%,13.28%,6.59%,7.58%,7.92%,1.45%,0.46%,9.85%,2.14%,1.73%,8.34%,0.1296285095,0.84%,0.26%,10.35%,3.38%,2.94%,1.71%,8.62%,0.1833484677,1.86%,0.76%
HSF-Akshay-LP5-GENAI-Non Content VO-FM-Ex-Purchase-7-DAY-CLICK-WL,His Secret Fortune,HSF-Akshay-LP5,,Gen AI,120242483151690434,6515322bae57dd2a3bb88524c9697821cca249ea,24-Apr-2026,Ongoing,inactive,12324,$0.67,58,16.15%,12.62%,9.82%,9.33%,9.02%,78.131624,9.97%,1.36,9196,68,61.27%,36.44%,24.96%,10.10%,16.48%,2.85%,1.68%,4.24%,6.75%,0.72%,12.67%,2.98%,1.85%,3.64%,0.03089337591,4.86%,0.63%,0.09%,13.30%,5.82%,5.09%,1.62%,4.03%,0.04347193775,5.14%,1.86%,0.43%,10715.1438,61.98%,30.51%,16.28%,9.33%,3.31%,2.68%,2.41%,0.53%,14.24%,3.92%,2.63%,4.54%,0.06005179285,1.03%,0.21%,14.94%,6.94%,6.12%,2.28%,5.10%,0.08559522825,2.57%,0.66%
ESSP-Final PGC-Prakash-LP-1------Non Content VO-FM-Ex-Purchase-7-DAY-CLICK-Gen AI,Ek Stranger Se Pyar,ESSP-Final PGC-Prakash-LP-1,,Gen AI,120242553083560434,18bf3d2008b65626889df28b873222a3a2267a11,25-Apr-2026,Ongoing,inactive,827,$0.52,45,12.58%,13.03%,10.59%,10.63%,6.72%,48.718708,20.79%,0.53,648,57,70.82%,37.18%,21.76%,4.94%,6.97%,3.39%,2.58%,3.70%,2.93%,0.62%,8.18%,2.62%,1.70%,4.47%,0.06612339645,4.47%,0.77%,0.15%,8.95%,4.01%,3.55%,1.70%,4.63%,0.1139391173,4.63%,1.85%,0.62%,731.8915,70.37%,29.24%,12.43%,4.78%,3.83%,3.47%,1.37%,0.41%,9.84%,3.14%,2.19%,5.06%,0.07932326929,0.96%,0.27%,10.66%,4.92%,4.37%,2.32%,5.60%,0.1322106168,2.46%,0.68%
India || Meta || Android || Testing - CPS || Fantasy || Hindi || The Warrior | Author - Dayaram Prajapati || 349022 || GenAI || NA || 31 Jul 2026 || Short ||  || UGC ||  ||  ||  ||  TWAR-Pranjali-LP7-Hook1------Non Content VO-FM-Ex-Purchase-7-DAY-CLICK - Bid-18-24,The Warrior,TWAR-Pranjali-LP7,,Gen AI,120247229764930434,a3ba65aa427077188e1ad7dbcbcafae266683ca9,31-Jul-2026,Ongoing,inactive,97,$1.35,116,35.05%,8.41%,7.21%,5.52%,5.17%,64.956863,15.90%,0.35,87,130,80.39%,49.38%,41.34%,28.71%,35.71%,6.89%,2.10%,10.34%,28.71%,12.63%,31.01%,16.08%,12.63%,10.34%,0.03490940433,12.63%,5.74%,0.00%,31.01%,16.08%,13.78%,8.04%,10.34%,0.06052745445,12.63%,9.19%,3.45%,,,,,,,,,,,,,,,,,,,,,,,,
India || Meta || Android || Testing - CPS || Fantasy || Hindi || The Warrior | Author - Dayaram Prajapati || 349022 || GenAI || NA || 31 Jul 2026 || Short ||  || UGC ||  ||  ||  ||  TWAR-Pranjali-LP8------Non Content VO-FM-Ex-Purchase-7-DAY-CLICK - Bid-Applied,The Warrior,TWAR-Pranjali-LP8,,Gen AI,120247238606700434,a3ba65aa427077188e1ad7dbcbcafae266683ca9,31-Jul-2026,Ongoing,inactive,47,$1.88,162,31.91%,8.34%,5.99%,5.39%,6.52%,103.121811,13.43%,0.47,32,238,74.91%,46.82%,43.70%,37.46%,50.00%,0.00%,0.00%,0.00%,31.21%,15.61%,34.33%,0.00%,0.00%,0.00%,0,0.00%,0.00%,0.00%,34.33%,3.12%,3.12%,0.00%,0.00%,0,0.00%,3.12%,0.00%,,,,,,,,,,,,,,,,,,,,,,,,
India || Meta || Android || Testing - CPS || Fantasy || Hindi || Mahagatha || 228406 || GenAI || GenAI || 3 August 2026 || Long || Growth ||  ||  ||  || MG_Rajkumari Aur Gulam Base _Dhram_Kunal Mishra / Manasi Palencheri_PT_Vinod _Sonali_59:56,MHG OG PGC,MG_Rajkumari Aur Gulam Base _Dhram_Kunal Mishra ,,Gen AI,120247288958470434,641b6f77fd211e92df35a3bcbab67e6879e19a66,4-Aug-2026,Ongoing,inactive,44,$2.18,187,25.00%,7.83%,5.94%,4.52%,5.08%,77.787157,3.57%,1.16,32,249,63.06%,31.53%,18.92%,9.46%,15.00%,0.00%,0.00%,0.00%,6.31%,3.15%,9.46%,0.00%,0.00%,3.15%,0.003675404198,3.15%,0.00%,0.00%,15.77%,6.31%,6.31%,0.00%,6.31%,0.007350808396,6.31%,0.00%,0.00%,,,,,,,,,,,,,,,,,,,,,,,,
India || Meta || Android || Testing - CPS || Fantasy || Hindi || The Warrior | Author - Dayaram Prajapati || 349022 || GenAI || NA || 06 Aug 2026 || Short ||  || UGC ||  ||  ||  ||  TWAR-Pranjali-LP7-Hasim-V1-Slap-Hook------Non Content VO-FM-Ex-Purchase-7-DAY-CLICK - Applied-Bid,The Warrior,TWAR-Pranjali-LP7-Hasim-V1-Slap-Hook,,Gen AI,120247378894030434,a3ba65aa427077188e1ad7dbcbcafae266683ca9,6-Aug-2026,Ongoing,inactive,98,$0.72,62,34.69%,5.52%,5.38%,6.37%,7.36%,65.242748,25.19%,0.42,77,79,83.56%,58.75%,45.70%,23.50%,28.13%,1.31%,0.48%,2.61%,15.67%,3.92%,28.72%,6.53%,3.92%,2.61%,0.01527326824,3.92%,1.31%,0.00%,28.72%,10.44%,7.83%,3.92%,3.92%,0.02485312839,5.22%,3.92%,1.31%,,,,,,,,,,,,,,,,,,,,,,,,
Mandate-Purchase-MTAHH-LP3-Sarthak,Married to a Hard Hearted,MTAHH-LP3-Sarthak,,Sketch,120232629376670434,81de0bc81be63a15ef7b7f2a301e23b4f3d49745,9-Oct-2025,28-Oct-2025,inactive,117,$2.48,213,52.99%,3.59%,3.24%,2.76%,2.47%,108.148443,13.27%,0.38,,,,,,,,,,,,,,,,,,,,,,,,,,,,,,,,,,,,,,,,,,,,,,,,,,,,,
RE-RUN-Mandate-Purchase-MTAHH-LP3-Sarthak-LIU,Married to a Hard Hearted,MTAHH-LP3-Sarthak-LIU,,Sketch,120232956837380434,81de0bc81be63a15ef7b7f2a301e23b4f3d49745,14-Oct-2025,28-Oct-2025,inactive,245,$3.45,297,33.06%,2.43%,2.10%,1.82%,1.59%,56.944085,8.18%,0.23,2,0,0.00%,,,,,0.00%,,0.00%,,,0.00%,0.00%,0.00%,0.00%,,0.00%,0.00%,0.00%,0.00%,0.00%,0.00%,0.00%,0.00%,,0.00%,0.00%,0.00%,2,0.00%,0.00%,0.00%,0.00%,0.00%,,0.00%,0.00%,0.00%,0.00%,0.00%,0.00%,,0.00%,0.00%,0.00%,0.00%,0.00%,0.00%,0.00%,,0.00%,0.00%
India || Meta || Android || Testing - CPS || Fantasy || Hindi || The Beast Guru || 706713 || GenAI || NA || 07 Aug 2026 || Short ||  || UGC ||  ||  ||  || TBG-Final PGC-Akshay-LP3------Non Content VO-FM-Ex-Purchase-7-DAY-CLICK-Bid-18-24,The Beast Guru ,TBG-Final PGC-Akshay-LP3,,Gen AI,120247418488650434,460702ff409f87d178f7821534c645030c2db71e,7-Aug-2026,Ongoing,inactive,300,$0.59,51,22.33%,11.24%,11.63%,10.17%,12.11%,65.53866,15.82%,0.82,202,75,80.64%,47.99%,32.16%,13.85%,17.18%,0.00%,0.00%,3.96%,12.37%,3.96%,15.34%,5.94%,3.96%,0.99%,0.006328897782,4.45%,0.49%,0.49%,15.83%,5.94%,3.96%,1.98%,0.99%,0.0114620651,4.45%,1.98%,0.99%,,,,,,,,,,,,,,,,,,,,,,,,
India || Meta || Android || Testing - CPS || Fantasy || Hindi || The Beast Guru || 706713 || GenAI || NA || 07 Aug 2026 || Short ||  || UGC ||  ||  ||  || TBG-Akshay-LP3-V2------Non Content VO-FM-Ex-Purchase-7-DAY-CLICK-Bid-18-24,The Beast Guru ,TBG-Akshay-LP3-V2,,Gen AI,120247421343210434,460702ff409f87d178f7821534c645030c2db71e,7-Aug-2026,Ongoing,inactive,129,$1.00,86,22.48%,7.53%,7.53%,6.61%,7.66%,85.029472,17.84%,0.56,95,116,76.64%,47.25%,34.65%,15.75%,20.55%,0.00%,0.00%,3.15%,9.45%,3.15%,14.70%,3.15%,1.05%,0.00%,0,3.15%,1.05%,0.00%,14.70%,5.25%,4.20%,3.15%,1.05%,0.005231351336,4.20%,3.15%,0.00%,,,,,,,,,,,,,,,,,,,,,,,,
India || Meta || Android || Testing - CPS || Fantasy || Hindi || The Warrior | Author - Dayaram Prajapati || 349022 || GenAI || NA || 04 Aug 2026 || Short ||  || UGC ||  ||  ||  ||  TWAR-Hasim-LP2-Akshay-V1------Non Content VO-FM-Ex-Purchase-7-DAY-CLICK - Bid-Applied-18-24,The Warrior,TWAR-Hasim-LP2-Akshay-V1,,Gen AI,120247514621670434,a3ba65aa427077188e1ad7dbcbcafae266683ca9,11-Aug-2026,Ongoing,inactive,168,$0.75,65,34.52%,5.25%,4.48%,3.88%,4.16%,71.734271,17.59%,0.63,144,76,82.23%,57.84%,43.20%,27.18%,33.05%,3.48%,1.33%,5.57%,25.09%,9.76%,31.36%,13.24%,10.45%,6.97%,0.0353856827,8.36%,6.27%,0.00%,32.75%,15.33%,11.85%,5.57%,6.97%,0.04546318421,8.36%,8.36%,2.09%,,,,,,,,,,,,,,,,,,,,,,,,
India || Meta || Android || Testing - CPS || Fantasy || Hindi || The Beast Guru || 706713 || GenAI || NA || 13 Aug 2026 || Short ||  || UGC ||  ||  ||  || TBG-Akshay-LP4------Non Content VO-FM-Ex-Purchase-7-DAY-CLICK-Bid-18-24,The Beast Guru ,TBG-Akshay-LP4,,Gen AI,120247586781590434,460702ff409f87d178f7821534c645030c2db71e,13-Aug-2026,Ongoing,inactive,158,$0.98,84,20.25%,9.56%,9.89%,9.38%,11.78%,72.863331,16.26%,0.53,104,127,65.35%,16.34%,11.53%,9.61%,14.71%,0.96%,0.22%,1.92%,9.61%,2.88%,10.57%,5.77%,5.77%,4.81%,0.01221371877,4.81%,1.92%,0.96%,10.88%,5.94%,5.94%,3.96%,5.94%,0.02627771726,6.93%,4.95%,1.98%,,,,,,,,,,,,,,,,,,,,,,,,
India || Meta || Android || Testing - CPS || Fantasy || Hindi || The Beast Guru || 706713 || GenAI || NA || 18 Aug 2026 || Short ||  || UGC ||  ||  ||  || TBG-Shailendra-LP3-V1------Non Content VO-FM-Ex-Purchase-7-DAY-CLICK-Bid-Applied-18-24,The Beast Guru ,TBG-Shailendra-LP3-V1,,Gen AI,120247688431330434,460702ff409f87d178f7821534c645030c2db71e,18-Aug-2026,Ongoing,inactive,217,$0.82,70,14.75%,8.45%,8.35%,7.77%,8.34%,70.398342,19.91%,0.50,170,89,86.24%,39.89%,23.47%,7.63%,8.84%,1.76%,0.57%,4.11%,5.28%,0.00%,10.54%,4.21%,4.21%,2.11%,0.00683045283,4.21%,1.40%,0.70%,,,,,,,,,,,,,,,,,,,,,,,,,,,,,,,,,
RE-RUN-India || Meta || Android || Testing - CPS || Fantasy || Hindi || The Beast Guru || 706713 || GenAI || NA || 18 Aug 2026 || Short ||  || UGC ||  ||  ||  || TBG-Akshay-LP4------Non Content VO-FM-Ex-Purchase-7-DAY-CLICK-Bid-18-24,The Beast Guru ,TBG-Akshay-LP4,,Gen AI,120247691566120434,460702ff409f87d178f7821534c645030c2db71e,18-Aug-2026,Ongoing,inactive,297,$0.84,73,15.82%,5.71%,5.74%,5.50%,7.15%,48.816442,15.05%,0.45,236,91,82.99%,45.73%,30.06%,12.28%,14.80%,0.85%,0.27%,2.12%,9.32%,2.54%,12.41%,2.48%,2.48%,1.65%,0.004857612758,3.31%,0.00%,0.00%,,,,,,,,,,,,,,,,,,,,,,,,,,,,,,,,,
India || Meta || Android || Testing - CPS || Fantasy || Hindi || The Warrior | Author - Dayaram Prajapati || 349022 || GenAI || NA || 18 Aug 2026 || Short ||  || UGC ||  ||  ||  ||  TWAR-Pranjali-LP11------Non Content VO-FM-Ex-Purchase-7-DAY-CLICK - Applied-Bid,The Warrior,TWAR-Pranjali-LP11,,Gen AI,120247694330890434,a3ba65aa427077188e1ad7dbcbcafae266683ca9,18-Aug-2026,Ongoing,inactive,218,$1.40,120,36.24%,6.02%,4.61%,6.82%,9.01%,97.188898,17.10%,0.47,169,155,80.48%,52.08%,44.98%,26.63%,33.09%,1.18%,0.22%,2.96%,23.67%,4.14%,30.15%,8.87%,5.32%,1.77%,0.002569044083,3.55%,3.55%,0.00%,,,,,,,,,,,,,,,,,,,,,,,,,,,,,,,,,
India || Meta || Android || Testing - CPS || Fantasy || Hindi || The Warrior | Author - Dayaram Prajapati || 349022 || GenAI || NA || 20 Aug 2026 || Short ||  || UGC ||  ||  ||  ||  TWAR-Hasim-LP2------Non Content VO-FM-Ex-Purchase-7-DAY-CLICK - Bid-18-24,The Warrior,TWAR-Hasim-LP2,,Gen AI,120247731786880434,a3ba65aa427077188e1ad7dbcbcafae266683ca9,20-Aug-2026,Ongoing,inactive,243,$0.79,68,17.70%,1.82%,1.79%,1.91%,1.69%,48.023328,14.67%,0.48,195,84,83.01%,39.46%,23.06%,11.27%,13.58%,3.07%,1.24%,3.59%,8.20%,2.56%,19.54%,5.86%,1.95%,0.00%,0,0.00%,0.00%,0.00%,,,,,,,,,,,,,,,,,,,,,,,,,,,,,,,,,
India || Meta || Android || Testing - CPS || Fantasy || Hindi || The Beast Guru || 706713 || GenAI || NA || 20 Aug 2026 || Short ||  || UGC ||  ||  ||  || TBG-Shailendra-LP4------Non Content VO-FM-Ex-Purchase-7-DAY-CLICK-Applied-Bid-18-24,The Beast Guru ,TBG-Shailendra-LP4,,Gen AI,120247740670880434,460702ff409f87d178f7821534c645030c2db71e,20-Aug-2026,Ongoing,inactive,246,$0.67,58,19.11%,13.20%,14.64%,15.44%,16.35%,70.392137,15.98%,0.76,189,75,86.96%,47.19%,33.40%,11.67%,13.41%,1.59%,0.65%,2.65%,7.42%,2.12%,11.78%,2.95%,0.00%,2.95%,0.01679312855,2.95%,0.00%,0.00%,,,,,,,,,,,,,,,,,,,,,,,,,,,,,,,,,
India || Meta || Android || Testing - CPS || Fantasy || Hindi || King of Dragon | किंग ऑफ ड्रैगन | Author - Nitesh || 346826 || GenAI || NA || 21 Aug 2026 || Short ||  || UGC ||  ||  ||  ||  KOD-Shailendra-LP10-Hasim-V1------Non Content VO-FM-Ex-Purchase-7-DAY-CLICK-Apply-Bid,King of Dragon,KOD-Shailendra-LP10-Hasim-V1,,Gen AI,120247759795040434,859785ba4869b28dddcfcb0e75295d1e1ad9b5a9,21-Aug-2026,Ongoing,inactive,66,$1.88,162,45.45%,8.62%,7.39%,8.37%,12.27%,76.078836,12.22%,0.38,49,216,84.97%,56.64%,48.55%,38.44%,45.24%,0.00%,0.00%,6.07%,30.35%,8.09%,,,,,,,,,,,,,,,,,,,,,,,,,,,,,,,,,,,,,,,,,
KNG-PGC-Tamil------FM-Ex-Purchase,King Tamil,KNG-PGC-Tamil------FM-Ex-Purchase,,Sketch,120233930697710434,143fc87ea3616aaf50a1417b627d9f5c924663a9,29-Oct-2025,3-Nov-2025,inactive,17,$3.48,299,5.88%,1.23%,0.79%,0.66%,0.70%,39.381968,2.64%,0.50,,,,,,,,,,,,,,,,,,,,,,,,,,,,,,,,,,,,,,,,,,,,,,,,,,,,,
YSK-PGC-Tamil------FM-Ex-Purchase,ஏய் சண்டைக்காரா,YSK-PGC-Tamil------FM-Ex-Purchase,,Sketch,120233930769240434,b6aa4c24c4a17d02f398a56472b3a9a09d3141fc,29-Oct-2025,3-Nov-2025,inactive,26,$2.19,189,7.69%,1.03%,0.72%,0.56%,0.42%,62.643398,5.15%,0.64,,,,,,,,,,,,,,,,,,,,,,,,,,,,,,,,,,,,,,,,,,,,,,,,,,,,,
SRGJ-B-Mandate-Purchase,Super Rich Gharjamai (FS),SRGJ-B-Mandate-Purchase,,Sketch,120234244457050434,f13b0d14c8113783af74058b7a0b398b39af19b8,4-Nov-2025,18-Nov-2025,inactive,360,$4.16,357,42.50%,4.14%,3.05%,2.65%,2.46%,128.168093,8.99%,0.40,1,0,100.00%,0.00%,0.00%,0.00%,0.00%,0.00%,,0.00%,0.00%,0.00%,0.00%,0.00%,0.00%,0.00%,,0.00%,0.00%,0.00%,0.00%,0.00%,0.00%,0.00%,0.00%,,0.00%,0.00%,0.00%,1,100.00%,0.00%,0.00%,0.00%,0.00%,,0.00%,0.00%,0.00%,0.00%,0.00%,0.00%,,0.00%,0.00%,0.00%,0.00%,0.00%,0.00%,0.00%,,0.00%,0.00%
SS-Final PGC-Sarthak-LP-1------Non Content VO-FM-Ex-Purchase,Martial Emperor (PGC) -SS,SS-Final PGC-Sarthak-LP-1,,Sketch,120234716351200434,aa81f1feb820ed6f22bd7b22b55890db740929cb,11-Nov-2025,16-Nov-2025,inactive,20,$2.94,253,20.00%,17.01%,10.14%,9.12%,8.74%,100.862395,11.49%,0.35,1,0,100.00%,,,,0.00%,0.00%,,0.00%,,,100.00%,0.00%,0.00%,0.00%,,0.00%,0.00%,0.00%,100.00%,0.00%,0.00%,0.00%,0.00%,,0.00%,0.00%,0.00%,1,100.00%,100.00%,100.00%,100.00%,0.00%,,100.00%,0.00%,100.00%,0.00%,0.00%,0.00%,,0.00%,0.00%,100.00%,0.00%,0.00%,0.00%,0.00%,,0.00%,0.00%
SS-Final PGC-Hasim-LP-3-V1-----Non Content VO-FM-Ex-Purchase,Martial Emperor (PGC) -SS,SS-Final PGC-Hasim-LP-3,,Sketch,120234716433020434,aa81f1feb820ed6f22bd7b22b55890db740929cb,11-Nov-2025,16-Nov-2025,inactive,70,$0.14,12,4.29%,3.41%,2.60%,2.33%,1.68%,16.32145,40.46%,0.34,1,0,0.00%,,,,,0.00%,,0.00%,,,0.00%,0.00%,0.00%,0.00%,,0.00%,0.00%,0.00%,0.00%,0.00%,0.00%,0.00%,0.00%,,0.00%,0.00%,0.00%,1,0.00%,0.00%,0.00%,0.00%,0.00%,,0.00%,0.00%,0.00%,0.00%,0.00%,0.00%,,0.00%,0.00%,0.00%,0.00%,0.00%,0.00%,0.00%,,0.00%,0.00%
RE-RUN-SS-Final PGC-Hasim-LP-3-V1-----Non Content VO-FM-Ex-Purchase,Martial Emperor (PGC) -SS,SS-Final PGC-Hasim-LP-3,,Sketch,120234768233140434,aa81f1feb820ed6f22bd7b22b55890db740929cb,12-Nov-2025,17-Nov-2025,inactive,13,$4.42,380,15.38%,5.77%,4.62%,4.57%,2.80%,91.20163,5.39%,0.44,1,0,100.00%,,,,0.00%,0.00%,,0.00%,,,0.00%,0.00%,0.00%,0.00%,,0.00%,0.00%,0.00%,0.00%,0.00%,0.00%,0.00%,0.00%,,0.00%,0.00%,0.00%,1,100.00%,0.00%,0.00%,0.00%,0.00%,,0.00%,0.00%,0.00%,0.00%,0.00%,0.00%,,0.00%,0.00%,0.00%,0.00%,0.00%,0.00%,0.00%,,0.00%,0.00%
WOR--Panya-VAR-D------Non Content VO-FM-Ex-180-D-Level-Acheived,The Worrior (FS),WOR--Panya-VAR-D------Non Content VO-FM-Ex-180-D-Level-Acheived,,Sketch,120235120299190434,4fecb74cc7fc15235cd15ba026c3232459fcbc48 ,17-Nov-2025,22-Nov-2025,inactive,49,$1.02,88,20.41%,8.83%,7.66%,6.70%,6.07%,46.091555,8.42%,0.62,1,0,0.00%,,,,,0.00%,,0.00%,,,0.00%,0.00%,0.00%,0.00%,,0.00%,0.00%,0.00%,0.00%,0.00%,0.00%,0.00%,0.00%,,0.00%,0.00%,0.00%,1,0.00%,0.00%,0.00%,0.00%,0.00%,,0.00%,0.00%,0.00%,0.00%,0.00%,0.00%,,0.00%,0.00%,0.00%,0.00%,0.00%,0.00%,0.00%,,0.00%,0.00%
WOR--Panya-VAR-E------Non Content VO-FM-Ex-180-D-Level-Acheived,The Worrior (FS),WOR--Panya-VAR-E------Non Content VO-FM-Ex-180-D-Level-Acheived,,Sketch,120235120564510434,4d94f6b0e00d0d2eeea7f1bf0a9bdba9958dff2c ,17-Nov-2025,22-Nov-2025,inactive,78,$0.70,60,12.82%,6.33%,5.50%,4.77%,3.70%,28.235867,12.38%,0.38,1,0,0.00%,,,,,0.00%,,0.00%,,,0.00%,0.00%,0.00%,0.00%,,0.00%,0.00%,0.00%,0.00%,0.00%,0.00%,0.00%,0.00%,,0.00%,0.00%,0.00%,1,0.00%,0.00%,0.00%,0.00%,0.00%,,0.00%,0.00%,0.00%,0.00%,0.00%,0.00%,,0.00%,0.00%,0.00%,0.00%,0.00%,0.00%,0.00%,,0.00%,0.00%
WOR--Panya-VAR-B------Non Content VO-FM-Ex-180-D-Level-Acheived,The Worrior (FS),WOR--Panya-VAR-B------Non Content VO-FM-Ex-180-D-Level-Acheived,,Sketch,120235121860240434,61dde28aa6cc59cd493d824a776a49868488ef43 ,17-Nov-2025,22-Nov-2025,inactive,140,$0.40,35,19.29%,8.31%,5.39%,4.32%,4.08%,31.828314,14.60%,0.63,2,0,100.00%,,,,0.00%,0.00%,,0.00%,,,0.00%,0.00%,0.00%,0.00%,,0.00%,0.00%,0.00%,0.00%,0.00%,0.00%,0.00%,0.00%,,0.00%,0.00%,0.00%,1,100.00%,0.00%,0.00%,0.00%,0.00%,,0.00%,0.00%,0.00%,0.00%,0.00%,0.00%,,0.00%,0.00%,0.00%,0.00%,0.00%,0.00%,0.00%,,0.00%,0.00%
WOR--Panya-VAR-C------Non Content VO-FM-Ex-180-D-Level-Acheived,The Worrior (FS),WOR--Panya-VAR-C------Non Content VO-FM-Ex-180-D-Level-Acheived,,Sketch,120235122196490434,77940b69f4cc4879cfa60b7027d25095a3a043af ,17-Nov-2025,22-Nov-2025,inactive,112,$0.50,43,24.11%,16.45%,12.88%,11.94%,11.45%,49.439602,11.70%,0.98,1,0,0.00%,,,,,0.00%,,0.00%,,,0.00%,0.00%,0.00%,0.00%,,0.00%,0.00%,0.00%,0.00%,0.00%,0.00%,0.00%,0.00%,,0.00%,0.00%,0.00%,1,0.00%,0.00%,0.00%,0.00%,0.00%,,0.00%,0.00%,0.00%,0.00%,0.00%,0.00%,,0.00%,0.00%,0.00%,0.00%,0.00%,0.00%,0.00%,,0.00%,0.00%
SRGJ-C-Mandate-Purchase,Super Rich Gharjamai (FS),SRGJ-C-Mandate-Purchase,,Sketch,120235396470430434,38c22be7bf59e5aeecd54ce1e1d17b1e77c8d565,25-Nov-2025,2-Dec-2025,inactive,31,$1.89,163,16.13%,5.14%,4.79%,5.67%,5.02%,188.043,34.83%,0.33,1,0,100.00%,,,,0.00%,0.00%,,0.00%,,,0.00%,0.00%,0.00%,0.00%,,0.00%,0.00%,0.00%,0.00%,0.00%,0.00%,0.00%,0.00%,,0.00%,0.00%,0.00%,1,100.00%,0.00%,0.00%,0.00%,0.00%,,0.00%,0.00%,0.00%,0.00%,0.00%,0.00%,,0.00%,0.00%,0.00%,0.00%,0.00%,0.00%,0.00%,,0.00%,0.00%
SRGJ-C-CPS-Purchase,Super Rich Gharjamai (FS),SRGJ-C-CPS-Purchase,,Sketch,120235627273950434,38c22be7bf59e5aeecd54ce1e1d17b1e77c8d565,26-Nov-2025,2-Dec-2025,inactive,386,$1.15,99,30.57%,9.58%,8.79%,12.36%,9.43%,106.185403,26.35%,0.41,1,0,0.00%,,,,,0.00%,,0.00%,,,0.00%,0.00%,0.00%,0.00%,,0.00%,0.00%,0.00%,0.00%,0.00%,0.00%,0.00%,0.00%,,0.00%,0.00%,0.00%,1,0.00%,0.00%,0.00%,0.00%,0.00%,,0.00%,0.00%,100.00%,0.00%,0.00%,0.00%,,0.00%,0.00%,100.00%,0.00%,0.00%,0.00%,0.00%,,0.00%,0.00%
KOD-Final PGC-Hasim-LP-4-V2-----Non Content VO-FM-Ex-Purchase-Human+Show 2,King of Dragon,KOD-Final PGC-Hasim-LP-4,,Sketch,120235575420120434,badc1a875daf4474a8c28ed168ac6894f3c79e1e,25-Nov-2025,12-Dec-2025,inactive,193,$2.26,194,26.94%,6.10%,5.19%,5.44%,3.78%,51.875681,15.44%,0.17,1,0,0.00%,,,,,0.00%,,0.00%,,,0.00%,0.00%,0.00%,0.00%,,0.00%,0.00%,0.00%,0.00%,0.00%,0.00%,0.00%,0.00%,,0.00%,0.00%,0.00%,1,0.00%,0.00%,0.00%,0.00%,0.00%,,0.00%,0.00%,0.00%,0.00%,0.00%,0.00%,,0.00%,0.00%,0.00%,0.00%,0.00%,0.00%,0.00%,,0.00%,0.00%
RE-RUN-KOD-Final PGC-Hasim-LP-4-V2-----Non Content VO-FM-Ex-Purchase-Human+Show 2+5Hrs,King of Dragon,KOD-Final PGC-Hasim-LP-4,,Sketch,120235737687760434,badc1a875daf4474a8c28ed168ac6894f3c79e1e,28-Nov-2025,12-Dec-2025,inactive,114,$2.35,202,27.19%,5.33%,4.52%,4.69%,3.36%,50.454373,15.34%,0.16,1,0,0.00%,,,,,0.00%,,0.00%,,,0.00%,0.00%,0.00%,0.00%,,0.00%,0.00%,0.00%,0.00%,0.00%,0.00%,0.00%,0.00%,,0.00%,0.00%,0.00%,1,0.00%,0.00%,0.00%,0.00%,0.00%,,0.00%,0.00%,0.00%,0.00%,0.00%,0.00%,,0.00%,0.00%,0.00%,0.00%,0.00%,0.00%,0.00%,,0.00%,0.00%
KOD-Final PGC-Hasim-LP-4-V1-----Non Content VO-FM-Ex-Purchase-Human+Show 2+5Hrs,King of Dragon,KOD-Final PGC-Hasim-LP-4,,Sketch,120235737693500434,badc1a875daf4474a8c28ed168ac6894f3c79e1e,28-Nov-2025,12-Dec-2025,inactive,69,$3.90,335,24.64%,4.06%,3.19%,3.63%,3.49%,42.411061,8.37%,0.15,1,0,0.00%,,,,,0.00%,,0.00%,,,0.00%,0.00%,0.00%,0.00%,,0.00%,0.00%,0.00%,0.00%,0.00%,0.00%,0.00%,0.00%,,0.00%,0.00%,0.00%,2,0.00%,0.00%,0.00%,0.00%,0.00%,,0.00%,0.00%,0.00%,0.00%,0.00%,0.00%,,0.00%,0.00%,0.00%,0.00%,0.00%,0.00%,0.00%,,0.00%,0.00%
KOD-Final PGC-Hasim-LP-4-V2-----Non Content VO-FM-Ex-Purchase-MVO-5Hrs-Show 2,King of Dragon,KOD-Final PGC-Hasim-LP-4,,Sketch,120235737946560434,4270125620a25b745ce0b778236f03333cd8fe60,28-Nov-2025,12-Dec-2025,inactive,96,$2.79,240,25.00%,5.70%,4.88%,5.09%,3.55%,48.017029,13.91%,0.14,1,0,100.00%,,,,0.00%,0.00%,,0.00%,,,100.00%,0.00%,0.00%,0.00%,,0.00%,0.00%,0.00%,100.00%,0.00%,0.00%,0.00%,0.00%,,0.00%,0.00%,0.00%,1,100.00%,100.00%,100.00%,100.00%,0.00%,,0.00%,0.00%,100.00%,0.00%,0.00%,0.00%,,0.00%,0.00%,100.00%,0.00%,0.00%,0.00%,0.00%,,0.00%,0.00%
KOD-Final PGC-Hasim-LP-4-V1-----Non Content VO-FM-Ex-Purchase-MVO-5Hrs-Show 2,King of Dragon,KOD-Final PGC-Hasim-LP-4,,Sketch,120235738312140434,4270125620a25b745ce0b778236f03333cd8fe60,28-Nov-2025,6-Dec-2025,inactive,20,$4.22,363,20.00%,5.95%,4.58%,5.22%,4.80%,132.405373,12.27%,0.30,,,,,,,,,,,,,,,,,,,,,,,,,,,,,,,,,,,,,,,,,,,,,,,,,,,,,
RL-Final PGC-Prakash-LP-1------Non Content VO-FM-Ex-Purchase,Ruthless,RL-Final PGC-Prakash-LP-1,,Sketch,120236678948010434,4a74a5deb5acfdd749e525dacc4ddc7f90ccb8f0,12-Dec-2025,20-Dec-2025,inactive,122,$1.37,118,59.84%,10.32%,7.74%,7.65%,7.27%,59.478445,20.03%,0.25,1,0,100.00%,,,,0.00%,0.00%,,0.00%,,,0.00%,0.00%,0.00%,0.00%,,0.00%,0.00%,0.00%,0.00%,0.00%,0.00%,0.00%,0.00%,,0.00%,0.00%,0.00%,1,100.00%,0.00%,0.00%,0.00%,0.00%,,0.00%,0.00%,0.00%,0.00%,0.00%,0.00%,,0.00%,0.00%,0.00%,0.00%,0.00%,0.00%,0.00%,,0.00%,0.00%
ALY-Final PGC-Hasim-LP-1------Non Content VO-FM-Ex-Purchase,Abhimanyu Legend Yoddha,ALY-Final PGC-Hasim-LP-1,,Sketch,120237054306610434,a6bfcdbe4fb878922137e837697d72324678ca1f,19-Dec-2025,25-Dec-2025,inactive,12,$5.68,489,8.33%,12.66%,7.86%,8.48%,7.83%,87.894666,6.56%,0.27,,,,,,,,,,,,,,,,,,,,,,,,,,,,,,,,,,,,,,,,,,,,,,,,,,,,,
RE-RUN-RL-Final PGC-Prakash-LP-1------Non Content VO-FM-Ex-Purchase,Ruthless,RL-Final PGC-Prakash-LP-1,,Sketch,120237073893650434,4a74a5deb5acfdd749e525dacc4ddc7f90ccb8f0,19-Dec-2025,25-Dec-2025,inactive,93,$1.56,134,50.54%,10.71%,8.23%,7.91%,7.67%,63.469244,15.60%,0.30,1,0,100.00%,,,,0.00%,0.00%,,0.00%,,,100.00%,100.00%,100.00%,0.00%,,0.00%,0.00%,0.00%,100.00%,100.00%,100.00%,0.00%,0.00%,,0.00%,0.00%,0.00%,1,100.00%,100.00%,100.00%,100.00%,0.00%,,100.00%,0.00%,100.00%,100.00%,100.00%,0.00%,,0.00%,0.00%,100.00%,100.00%,100.00%,0.00%,0.00%,,0.00%,0.00%
RE-RUN-RL-Final PGC-Prakash-LP-1------Non Content VO-NO-Ex-Purchase-,Ruthless,RL-Final PGC-Prakash-LP-1,,Sketch,120237200015420434,4a74a5deb5acfdd749e525dacc4ddc7f90ccb8f0,22-Dec-2025,28-Dec-2025,inactive,62,$1.51,130,51.61%,11.81%,9.21%,8.75%,8.31%,72.133268,15.86%,0.35,1,0,0.00%,,,,,0.00%,,0.00%,,,0.00%,0.00%,0.00%,0.00%,,0.00%,0.00%,0.00%,0.00%,0.00%,0.00%,0.00%,0.00%,,0.00%,0.00%,0.00%,1,0.00%,0.00%,0.00%,0.00%,0.00%,,0.00%,0.00%,0.00%,0.00%,0.00%,0.00%,,0.00%,0.00%,0.00%,0.00%,0.00%,0.00%,0.00%,,0.00%,0.00%
RL-Final PGC-Pranjali-LP-3------Non Content VO-FM-Ex-Purchase,Ruthless,RL-Final PGC-Pranjali-LP-3,,Sketch,120237200091060434,4a74a5deb5acfdd749e525dacc4ddc7f90ccb8f0,22-Dec-2025,28-Dec-2025,inactive,13,$4.23,363,46.15%,8.27%,6.74%,6.81%,6.39%,70.681325,9.63%,0.20,1,0,100.00%,,,,0.00%,0.00%,,0.00%,,,0.00%,0.00%,0.00%,0.00%,,0.00%,0.00%,0.00%,0.00%,0.00%,0.00%,0.00%,0.00%,,0.00%,0.00%,0.00%,1,100.00%,100.00%,100.00%,0.00%,0.00%,,0.00%,0.00%,0.00%,0.00%,0.00%,0.00%,,0.00%,0.00%,0.00%,0.00%,0.00%,0.00%,0.00%,,0.00%,0.00%
RRSY-Final PGC-Hasim-LP-2-V4-----Non Content VO-FM-Ex-Purchase,Rudra,RRSY-Final PGC-Hasim-LP-2,,Sketch,120237261711140434,17fe1072ea86b7b5ab3a3d254c156d7c5fe66c2e,23-Dec-2025,29-Dec-2025,inactive,68,$3.29,283,30.88%,10.03%,7.87%,8.06%,7.63%,88.777173,9.52%,0.33,1,0,100.00%,,,,0.00%,0.00%,,0.00%,,,0.00%,0.00%,0.00%,0.00%,,0.00%,0.00%,0.00%,0.00%,0.00%,0.00%,0.00%,0.00%,,0.00%,0.00%,0.00%,1,100.00%,0.00%,0.00%,0.00%,0.00%,,0.00%,0.00%,0.00%,0.00%,0.00%,0.00%,,0.00%,0.00%,0.00%,0.00%,0.00%,0.00%,0.00%,,0.00%,0.00%
DP-Final PGC-Akshay-LP-1--Hasim-V1---Non Content VO-FM-Ex-Purchase-Human+Viraj,Divine Power,DP-Final PGC-Akshay-LP-1,,Sketch,120237303221200434,2d97e006d1b26ae01d08323cdcecacdab70063b1,24-Dec-2025,30-Dec-2025,inactive,25,$4.35,374,36.00%,8.67%,7.53%,7.25%,6.88%,98.135285,7.46%,0.35,1,0,100.00%,,,,0.00%,0.00%,,0.00%,,,100.00%,0.00%,0.00%,100.00%,,100.00%,0.00%,0.00%,100.00%,0.00%,0.00%,0.00%,100.00%,,100.00%,0.00%,0.00%,,,,,,,,,,,,,,,,,,,,,,,,
RRSY-Final PGC-Hasim-LP-2-V2-----Non Content VO-FM-Ex-Purchase,Rudra,RRSY-Final PGC-Hasim-LP-2,,Sketch,120237261697080434,17fe1072ea86b7b5ab3a3d254c156d7c5fe66c2e,23-Dec-2025,2-Jan-2026,inactive,240,$2.16,186,28.33%,9.47%,7.37%,7.06%,7.11%,91.3453,11.27%,0.44,2,0,0.00%,,,,,0.00%,,0.00%,,,0.00%,0.00%,0.00%,0.00%,,0.00%,0.00%,0.00%,0.00%,0.00%,0.00%,0.00%,0.00%,,0.00%,0.00%,0.00%,3,0.00%,0.00%,0.00%,0.00%,0.00%,,0.00%,0.00%,0.00%,0.00%,0.00%,0.00%,,0.00%,0.00%,0.00%,0.00%,0.00%,0.00%,0.00%,,0.00%,0.00%
DP-Final PGC-Akshay-LP-1--Hasim-V1---Non Content VO-FM-Ex-Purchase,Divine Power,DP-Final PGC-Akshay-LP-1,,Sketch,120237304616170434,5f70dc8e2667c93408506825ff965d22a21a3694,24-Dec-2025,30-Dec-2025,inactive,24,$4.51,388,29.17%,8.70%,7.76%,7.76%,7.03%,96.585399,7.16%,0.35,,,,,,,,,,,,,,,,,,,,,,,,,,,,,,,,,,,,,,,,,,,,,,,,,,,,,
RRSY-Final PGC-Hasim-LP-2-V2-----Non Content VO-FM-Ex-Purchase-Human+AI,Rudra,RRSY-Final PGC-Hasim-LP-2,,Sketch,120237321653210434,6addb2460437453a74b269f271068e1a43b0923a,24-Dec-2025,30-Dec-2025,inactive,61,$3.24,279,26.23%,9.63%,7.84%,7.68%,7.80%,97.034467,10.80%,0.32,2,0,0.00%,,,,,0.00%,,0.00%,,,0.00%,0.00%,0.00%,0.00%,,0.00%,0.00%,0.00%,0.00%,0.00%,0.00%,0.00%,0.00%,,0.00%,0.00%,0.00%,2,0.00%,0.00%,0.00%,0.00%,0.00%,,0.00%,0.00%,0.00%,0.00%,0.00%,0.00%,,0.00%,0.00%,0.00%,0.00%,0.00%,0.00%,0.00%,,0.00%,0.00%
RRSY-Final PGC-Hasim-LP-2-V4-----Non Content VO-FM-Ex-Purchase-Human+AI,Rudra,RRSY-Final PGC-Hasim-LP-2,,Sketch,120237322209250434,6addb2460437453a74b269f271068e1a43b0923a,24-Dec-2025,30-Dec-2025,inactive,26,$3.92,338,26.92%,9.60%,7.57%,7.54%,7.23%,97.621553,9.15%,0.32,,,,,,,,,,,,,,,,,,,,,,,,,,,,,,,,,,,,,,,,,,,,,,,,,,,,,
India || Meta || Android || Testing - CPS || Male Drama || Hindi || Ruthless || NA || Sketch || NA || 26 Dec 2025 || Long || NA || Commissioning ||  ||  ||  || Multiple Ads (Mandate Purchase Success)_Rutvik,Ruthless,Multiple Ads (Mandate Purchase Success)_Rutvik,,Sketch,120237394082630434,4a74a5deb5acfdd749e525dacc4ddc7f90ccb8f0,26-Dec-2025,6-Jan-2026,inactive,1889,$2.89,248,32.72%,8.03%,5.92%,5.28%,5.04%,128.993284,10.23%,0.51,13,0,0.00%,,,,,0.00%,,0.00%,,,0.00%,0.00%,0.00%,0.00%,,0.00%,0.00%,0.00%,0.00%,0.00%,0.00%,0.00%,0.00%,,0.00%,0.00%,0.00%,11,0.00%,0.00%,0.00%,0.00%,0.00%,,0.00%,0.00%,0.00%,0.00%,0.00%,0.00%,,0.00%,0.00%,0.00%,0.00%,0.00%,0.00%,0.00%,,0.00%,0.00%
Scaling-KOD-Final PGC-Hasim-LP-4-V2-----Non Content VO-FM-Ex-Purchase-Human+Show 2+5Hrs,King of Dragon,Scaling-KOD-Final PGC-Hasim-LP-4,,Sketch,120237414001310434,859785ba4869b28dddcfcb0e75295d1e1ad9b5a9,27-Dec-2025,6-Jan-2026,inactive,1131,$3.33,287,25.55%,7.72%,6.31%,6.19%,5.08%,70.286653,8.80%,0.28,12,0,0.00%,,,,,0.00%,,0.00%,,,0.00%,0.00%,0.00%,0.00%,,0.00%,0.00%,0.00%,0.00%,0.00%,0.00%,0.00%,0.00%,,0.00%,0.00%,0.00%,12,0.00%,0.00%,0.00%,0.00%,0.00%,,0.00%,0.00%,0.00%,0.00%,0.00%,0.00%,,0.00%,0.00%,0.00%,0.00%,0.00%,0.00%,0.00%,,0.00%,0.00%
RRSY-Final PGC-Hasim-LP-2-V2-----Non Content VO-FM-Ex-Purchase-Gen AI-CC,Rudra,RRSY-Final PGC-Hasim-LP-2,,Gen AI,120237542897910434,6addb2460437453a74b269f271068e1a43b0923a,30-Dec-2025,6-Jan-2026,inactive,94,$2.71,233,23.40%,8.90%,7.58%,7.62%,7.77%,85.758102,11.60%,0.32,1,0,100.00%,,,,0.00%,0.00%,,0.00%,,,0.00%,0.00%,0.00%,0.00%,,0.00%,0.00%,0.00%,0.00%,0.00%,0.00%,0.00%,0.00%,,0.00%,0.00%,0.00%,1,100.00%,100.00%,100.00%,100.00%,0.00%,,100.00%,100.00%,100.00%,100.00%,100.00%,0.00%,,100.00%,0.00%,0.00%,0.00%,0.00%,0.00%,0.00%,,0.00%,0.00%
HK-Final PGC-Pranjali-LP-1------Non Content VO-FM-Ex-Purchase-Mandate,Hidden King,HK-Final PGC-Pranjali-LP-1,,Sketch,120237837291660434,a4568ba365400c509820c052c145195177c7b73a,7-Jan-2026,21-Jan-2026,inactive,221,$2.65,228,31.22%,12.96%,10.80%,10.20%,9.28%,90.42605,11.50%,0.34,1,0,100.00%,,,,0.00%,0.00%,,0.00%,,,0.00%,0.00%,0.00%,0.00%,,0.00%,0.00%,0.00%,0.00%,0.00%,0.00%,0.00%,0.00%,,0.00%,0.00%,0.00%,1,0.00%,0.00%,0.00%,0.00%,0.00%,,0.00%,0.00%,0.00%,0.00%,0.00%,0.00%,,0.00%,0.00%,0.00%,0.00%,0.00%,0.00%,0.00%,,0.00%,0.00%
DP-Final PGC-Akshay-LP-4------Non Content VO-FM-Ex-Purchase,Divine Power,DP-Final PGC-Akshay-LP-4,,Sketch,120238131445580434,5f70dc8e2667c93408506825ff965d22a21a3694,15-Jan-2026,22-Jan-2026,inactive,58,$4.05,348,22.41%,5.98%,4.68%,4.41%,3.79%,75.141849,4.88%,0.44,,,,,,,,,,,,,,,,,,,,,,,,,,,,,,,,,,,,,,,,,,,,,,,,,,,,,
DP-Final PGC-Prakash-LP-3--Hasim-V1---Non Content VO-FM-Ex-Purchase,Divine Power,DP-Final PGC-Prakash-LP-3,,Sketch,120238132054190434,5f70dc8e2667c93408506825ff965d22a21a3694,15-Jan-2026,22-Jan-2026,inactive,63,$3.69,317,30.16%,7.17%,6.60%,5.67%,6.33%,86.613018,7.70%,0.35,1,0,0.00%,,,,,0.00%,,0.00%,,,0.00%,0.00%,0.00%,0.00%,,0.00%,0.00%,0.00%,0.00%,0.00%,0.00%,0.00%,0.00%,,0.00%,0.00%,0.00%,1,0.00%,0.00%,0.00%,0.00%,0.00%,,0.00%,0.00%,0.00%,0.00%,0.00%,0.00%,,0.00%,0.00%,0.00%,0.00%,0.00%,0.00%,0.00%,,0.00%,0.00%
SD-Final PGC-Hasim-LP-1-V1-----Non Content VO-FM-Ex-Purchase,Sarvshaktimaan Dev,SD-Final PGC-Hasim-LP-1,,Sketch,120238187930220434,d54a84d9b28855313ff24e0019658d7267b3a4d2,16-Jan-2026,21-Jan-2026,inactive,12,$5.58,480,16.67%,10.46%,8.61%,7.93%,6.90%,94.250814,5.36%,0.37,,,,,,,,,,,,,,,,,,,,,,,,,,,,,,,,,,,,,,,,,,,,,,,,,,,,,
SD-Final PGC-Prakash-LP-7------Non Content VO-FM-Ex-Purchase,Sarvshaktimaan Dev,SD-Final PGC-Prakash-LP-7,,Sketch,120238188052370434,d54a84d9b28855313ff24e0019658d7267b3a4d2,16-Jan-2026,21-Jan-2026,inactive,21,$3.16,272,9.52%,8.51%,6.22%,4.94%,4.94%,72.478059,3.41%,0.78,1,0,0.00%,,,,,0.00%,,0.00%,,,0.00%,0.00%,0.00%,0.00%,,0.00%,0.00%,0.00%,0.00%,0.00%,0.00%,0.00%,0.00%,,0.00%,0.00%,0.00%,1,0.00%,0.00%,0.00%,0.00%,0.00%,,0.00%,0.00%,0.00%,0.00%,0.00%,0.00%,,0.00%,0.00%,0.00%,0.00%,0.00%,0.00%,0.00%,,0.00%,0.00%
SD-Final PGC-Hasim-LP-2-V1-----Non Content VO-FM-Ex-Purchase,Sarvshaktimaan Dev,SD-Final PGC-Hasim-LP-2,,Sketch,120238188126450434,d54a84d9b28855313ff24e0019658d7267b3a4d2,16-Jan-2026,23-Jan-2026,inactive,30,$4.25,366,40.00%,6.95%,5.67%,5.43%,4.47%,75.668042,6.32%,0.33,1,0,100.00%,,,,0.00%,100.00%,,0.00%,,,100.00%,100.00%,0.00%,100.00%,,0.00%,0.00%,0.00%,100.00%,100.00%,0.00%,0.00%,100.00%,,0.00%,0.00%,0.00%,1,100.00%,100.00%,100.00%,100.00%,100.00%,,100.00%,0.00%,100.00%,100.00%,0.00%,100.00%,,0.00%,0.00%,100.00%,100.00%,0.00%,0.00%,100.00%,,0.00%,0.00%
DP-Final PGC-Prakash-LP-3--Hasim-V1---Non Content VO-FM-Ex-Purchase-Gen AI,Divine Power,DP-Final PGC-Prakash-LP-3,,Gen AI,120238362372290434,5f70dc8e2667c93408506825ff965d22a21a3694,21-Jan-2026,26-Jan-2026,inactive,28,$2.72,234,21.43%,6.00%,5.94%,5.52%,6.47%,95.669917,12.17%,0.34,1,0,0.00%,,,,,0.00%,,0.00%,,,0.00%,0.00%,0.00%,0.00%,,0.00%,0.00%,0.00%,100.00%,0.00%,0.00%,0.00%,0.00%,,0.00%,0.00%,0.00%,1,0.00%,0.00%,0.00%,0.00%,0.00%,,0.00%,0.00%,0.00%,0.00%,0.00%,0.00%,,0.00%,0.00%,100.00%,0.00%,0.00%,0.00%,0.00%,,0.00%,0.00%
RTR-Final PGC-Pranjali-LP-1------Non Content VO-FM-Ex-Purchase,Reborn to Rule,RTR-Final PGC-Pranjali-LP-1,,Sketch,120238570711810434,96f83d557f46e53468344ad16002a230ee68d585,27-Jan-2026,1-Feb-2026,inactive,140,$1.38,119,25.00%,7.09%,6.29%,5.52%,5.47%,81.401758,16.53%,0.41,2,0,0.00%,,,,,0.00%,,0.00%,,,0.00%,0.00%,0.00%,0.00%,,0.00%,0.00%,0.00%,0.00%,0.00%,0.00%,0.00%,0.00%,,0.00%,0.00%,0.00%,1,0.00%,0.00%,0.00%,0.00%,0.00%,,0.00%,0.00%,0.00%,0.00%,0.00%,0.00%,,0.00%,0.00%,0.00%,0.00%,0.00%,0.00%,0.00%,,0.00%,0.00%
RTR-Final PGC-Pranjali-LP-2------Non Content VO-FM-Ex-Purchase,Reborn to Rule,RTR-Final PGC-Pranjali-LP-2,,Sketch,120238570915520434,96f83d557f46e53468344ad16002a230ee68d585,27-Jan-2026,1-Feb-2026,inactive,81,$2.43,209,25.93%,11.19%,8.07%,7.03%,6.35%,103.996626,11.39%,0.44,2,0,0.00%,,,,,0.00%,,0.00%,,,0.00%,0.00%,0.00%,0.00%,,0.00%,0.00%,0.00%,0.00%,0.00%,0.00%,0.00%,0.00%,,0.00%,0.00%,0.00%,1,0.00%,0.00%,0.00%,0.00%,0.00%,,0.00%,0.00%,0.00%,0.00%,0.00%,0.00%,,0.00%,0.00%,0.00%,0.00%,0.00%,0.00%,0.00%,,0.00%,0.00%
DP-Final PGC-Prakash-LP-3--Hasim-V1---Non Content VO-FM-Ex-Purchase-Gen AI-1HR-PGC-Growth-LP5HR,Divine Power,DP-Final PGC-Prakash-LP-3,,Gen AI,120238599944320434,5f70dc8e2667c93408506825ff965d22a21a3694,28-Jan-2026,1-Feb-2026,inactive,54,$3.22,277,22.22%,6.98%,6.08%,5.65%,6.32%,92.578671,8.85%,0.38,1,0,0.00%,,,,,0.00%,,0.00%,,,0.00%,0.00%,0.00%,0.00%,,0.00%,0.00%,0.00%,0.00%,0.00%,0.00%,0.00%,0.00%,,0.00%,0.00%,0.00%,1,0.00%,0.00%,0.00%,0.00%,0.00%,,0.00%,0.00%,0.00%,0.00%,0.00%,0.00%,,0.00%,0.00%,0.00%,0.00%,0.00%,0.00%,0.00%,,0.00%,0.00%
DP-Final PGC-Prakash-LP-3--Hasim-V1---Non Content VO-FM-Ex-Purchase-Gen AI-1HR-PGC-Growth-LP5HR-11SEC-CLIP,Divine Power,DP-Final PGC-Prakash-LP-3,,Gen AI,120238627301400434,5f70dc8e2667c93408506825ff965d22a21a3694,29-Jan-2026,3-Feb-2026,inactive,20,$3.30,283,20.00%,5.10%,4.66%,4.31%,4.74%,85.913024,11.36%,0.27,,,,,,,,,,,,,,,,,,,,,,,,,,,,,,,,,,,,,,,,,,,,,,,,,,,,,
DP-Final PGC-Prakash-LP-3--Hasim-V1---Non Content VO-FM-Ex-Purchase-Gen AI-1HR-PGC-Growth-LP5HR-STILLS-1,Divine Power,DP-Final PGC-Prakash-LP-3,,Gen AI,120238627891010434,5f70dc8e2667c93408506825ff965d22a21a3694,29-Jan-2026,3-Feb-2026,inactive,37,$1.80,154,10.81%,3.51%,3.27%,3.01%,3.66%,74.435656,14.02%,0.34,1,0,0.00%,,,,,0.00%,,0.00%,,,0.00%,0.00%,0.00%,0.00%,,0.00%,0.00%,0.00%,0.00%,0.00%,0.00%,0.00%,0.00%,,0.00%,0.00%,0.00%,,,,,,,,,,,,,,,,,,,,,,,,
DP-Final PGC-Prakash-LP-3--Hasim-V1---Non Content VO-FM-Ex-Purchase-Gen AI-1HR-PGC-Growth-LP5HR-STILLS-2,Divine Power,DP-Final PGC-Prakash-LP-3,,Gen AI,120238628466940434,5f70dc8e2667c93408506825ff965d22a21a3694,29-Jan-2026,3-Feb-2026,inactive,69,$1.85,159,15.94%,4.33%,4.21%,3.97%,5.16%,74.853398,17.92%,0.26,,,,,,,,,,,,,,,,,,,,,,,,,,,,,,1,0.00%,0.00%,0.00%,0.00%,0.00%,,0.00%,0.00%,0.00%,0.00%,0.00%,0.00%,,0.00%,0.00%,0.00%,0.00%,0.00%,0.00%,0.00%,,0.00%,0.00%
WOR-Final PGC-Prakash-LP-5------Non Content VO-N-Ex-Purchase-Gen AI-Clip-1,The Warrior,WOR-Final PGC-Prakash-LP-5,,Gen AI,120238667744390434,a3ba65aa427077188e1ad7dbcbcafae266683ca9,30-Jan-2026,4-Feb-2026,inactive,3,$10.01,861,66.67%,5.63%,4.21%,3.28%,3.48%,73.069587,2.52%,0.34,,,,,,,,,,,,,,,,,,,,,,,,,,,,,,,,,,,,,,,,,,,,,,,,,,,,,
WOR-Final PGC-Prakash-LP-5------Non Content VO-N-Ex-Purchase-Gen AI-Clip-2,The Warrior,WOR-Final PGC-Prakash-LP-5,,Gen AI,120238668326870434,a3ba65aa427077188e1ad7dbcbcafae266683ca9,30-Jan-2026,4-Feb-2026,inactive,4,$6.78,583,50.00%,4.96%,3.65%,2.89%,2.89%,66.770425,5.26%,0.22,,,,,,,,,,,,,,,,,,,,,,,,,,,,,,,,,,,,,,,,,,,,,,,,,,,,,
WAR-Final PGC-Prakash-LP-5--Hasim-V1---Non Content VO-FM-Ex-Purchase,The Warrior,WAR-Final PGC-Prakash-LP-5,,Sketch,120238669154910434,a3ba65aa427077188e1ad7dbcbcafae266683ca9,30-Jan-2026,4-Feb-2026,inactive,14,$3.99,343,21.43%,8.98%,5.17%,3.78%,4.30%,86.388464,7.78%,0.32,,,,,,,,,,,,,,,,,,,,,,,,,,,,,,1,0.00%,0.00%,0.00%,0.00%,0.00%,,0.00%,0.00%,0.00%,0.00%,0.00%,0.00%,,0.00%,0.00%,0.00%,0.00%,0.00%,0.00%,0.00%,,0.00%,0.00%
DP-Final PGC-Prakash-LP-3--Hasim-V1---Non Content VO-FM-Ex-Purchase-Gen AI-1HR-PGC-Growth-LP5HR-STILLS-3,Divine Power,DP-Final PGC-Prakash-LP-3,,Gen AI,120238670423010434,5f70dc8e2667c93408506825ff965d22a21a3694,30-Jan-2026,4-Feb-2026,inactive,102,$2.20,189,23.53%,5.25%,5.23%,4.88%,6.16%,55.426488,11.68%,0.25,,,,,,,,,,,,,,,,,,,,,,,,,,,,,,1,0.00%,0.00%,0.00%,0.00%,0.00%,,0.00%,0.00%,0.00%,0.00%,0.00%,0.00%,,0.00%,0.00%,0.00%,0.00%,0.00%,0.00%,0.00%,,0.00%,0.00%
ML-Final PGC-Hasim-LP-1--Female----Non Content VO-FM-Ex-Purchase,Malang,ML-Final PGC-Hasim-LP-1,,Sketch,120238570988070434,e493cee863483a057af12de782cd20043a19ed05,27-Jan-2026,9-Feb-2026,inactive,223,$1.35,116,37.67%,3.36%,1.34%,0.70%,0.60%,69.924825,18.04%,0.33,2,0,0.00%,,,,,0.00%,,0.00%,,,0.00%,0.00%,0.00%,0.00%,,0.00%,0.00%,0.00%,0.00%,0.00%,0.00%,0.00%,0.00%,,0.00%,0.00%,0.00%,3,33.33%,33.33%,33.33%,33.33%,33.33%,,0.00%,0.00%,0.00%,0.00%,0.00%,0.00%,,0.00%,0.00%,0.00%,0.00%,0.00%,0.00%,0.00%,,0.00%,0.00%
WAR-Final PGC-Hasim-LP-1------Non Content VO-FM-Ex-Purchase,The Warrior,WAR-Final PGC-Hasim-LP-1,,Sketch,120238650419950434,a3ba65aa427077188e1ad7dbcbcafae266683ca9,30-Jan-2026,9-Feb-2026,inactive,148,$3.45,297,39.86%,4.89%,3.26%,3.07%,3.03%,28.16032,8.04%,0.12,1,0,0.00%,,,,,0.00%,,0.00%,,,0.00%,0.00%,0.00%,0.00%,,0.00%,0.00%,0.00%,0.00%,0.00%,0.00%,0.00%,0.00%,,0.00%,0.00%,0.00%,1,0.00%,0.00%,0.00%,0.00%,0.00%,,0.00%,0.00%,0.00%,0.00%,0.00%,0.00%,,0.00%,0.00%,0.00%,0.00%,0.00%,0.00%,0.00%,,0.00%,0.00%
WAR-Final PGC-Sarthak-LP-1------Non Content VO-FM-Ex-Purchase,The Warrior,WAR-Final PGC-Sarthak-LP-1,,Sketch,120238669742820434,a3ba65aa427077188e1ad7dbcbcafae266683ca9,30-Jan-2026,5-Feb-2026,inactive,58,$3.95,339,24.14%,5.15%,3.26%,2.73%,3.20%,33.040135,6.99%,0.14,1,0,100.00%,,,,0.00%,0.00%,,0.00%,,,0.00%,0.00%,0.00%,0.00%,,0.00%,0.00%,0.00%,0.00%,0.00%,0.00%,0.00%,0.00%,,0.00%,0.00%,0.00%,1,100.00%,0.00%,0.00%,0.00%,0.00%,,0.00%,0.00%,0.00%,0.00%,0.00%,0.00%,,0.00%,0.00%,0.00%,0.00%,0.00%,0.00%,0.00%,,0.00%,0.00%
DP-Final PGC-Prakash-LP-3--Hasim-V1---Non Content VO-FM-Ex-Purchase-Gen AI-1HR-PGC-Growth-LP5HR-STILLS-4,Divine Power,DP-Final PGC-Prakash-LP-3,,Gen AI,120238670697190434,5f70dc8e2667c93408506825ff965d22a21a3694,30-Jan-2026,4-Feb-2026,inactive,25,$2.72,233,20.00%,4.86%,5.05%,4.66%,6.16%,104.790148,12.69%,0.35,1,0,0.00%,,,,,0.00%,,0.00%,,,0.00%,0.00%,0.00%,0.00%,,0.00%,0.00%,0.00%,0.00%,0.00%,0.00%,0.00%,0.00%,,0.00%,0.00%,0.00%,,,,,,,,,,,,,,,,,,,,,,,,
WAR-Final PGC-Hasim-LP-1-V1-----Non Content VO-FM-Ex-Purchase,The Warrior,WAR-Final PGC-Hasim-LP-1,,Sketch,120238694147270434,a3ba65aa427077188e1ad7dbcbcafae266683ca9,31-Jan-2026,5-Feb-2026,inactive,11,$7.15,615,45.45%,6.97%,4.89%,4.63%,4.90%,92.363009,5.07%,0.29,,,,,,,,,,,,,,,,,,,,,,,,,,,,,,,,,,,,,,,,,,,,,,,,,,,,,
WAR-Final PGC-Hasim-LP-1------Non Content VO-FM-Ex-Purchase-Powerstart-1,The Warrior,WAR-Final PGC-Hasim-LP-1,,Sketch,120238849334330434,a3ba65aa427077188e1ad7dbcbcafae266683ca9,3-Feb-2026,7-Feb-2026,inactive,8,$6.07,522,12.50%,4.49%,3.00%,2.73%,2.63%,26.198873,3.35%,0.15,,,,,,,,,,,,,,,,,,,,,,,,,,,,,,,,,,,,,,,,,,,,,,,,,,,,,
WAR-Final PGC-Hasim-LP-1------Non Content VO-FM-Ex-Purchase-Powerstart-2,The Warrior,WAR-Final PGC-Hasim-LP-1,,Sketch,120238849824340434,a3ba65aa427077188e1ad7dbcbcafae266683ca9,3-Feb-2026,7-Feb-2026,inactive,12,$4.31,370,25.00%,4.12%,2.54%,2.34%,2.19%,26.729739,5.11%,0.14,,,,,,,,,,,,,,,,,,,,,,,,,,,,,,,,,,,,,,,,,,,,,,,,,,,,,
WAR-Final PGC-Hasim-LP-1------Non Content VO-FM-Ex-Purchase-Powerstart-3,The Warrior,WAR-Final PGC-Hasim-LP-1,,Sketch,120238850171130434,a3ba65aa427077188e1ad7dbcbcafae266683ca9,3-Feb-2026,7-Feb-2026,inactive,4,$11.56,994,25.00%,3.07%,1.90%,1.67%,1.63%,23.071512,1.83%,0.13,,,,,,,,,,,,,,,,,,,,,,,,,,,,,,1,0.00%,0.00%,0.00%,0.00%,0.00%,,0.00%,0.00%,0.00%,0.00%,0.00%,0.00%,,0.00%,0.00%,0.00%,0.00%,0.00%,0.00%,0.00%,,0.00%,0.00%
WAR-Final PGC-Hasim-LP-1------Non Content VO-FM-Ex-Purchase-Powerstart-4,The Warrior,WAR-Final PGC-Hasim-LP-1,,Sketch,120238850416810434,a3ba65aa427077188e1ad7dbcbcafae266683ca9,3-Feb-2026,7-Feb-2026,inactive,10,$4.37,376,20.00%,4.58%,2.93%,2.72%,2.60%,23.324997,3.95%,0.16,,,,,,,,,,,,,,,,,,,,,,,,,,,,,,,,,,,,,,,,,,,,,,,,,,,,,
WAR-Final PGC-Hasim-LP-1------Non Content VO-FM-Ex-Purchase-Powerstart-5,The Warrior,WAR-Final PGC-Hasim-LP-1,,Sketch,120238868136000434,a3ba65aa427077188e1ad7dbcbcafae266683ca9,4-Feb-2026,9-Feb-2026,inactive,7,$3.64,313,0.00%,3.94%,2.47%,2.05%,2.22%,54.577899,6.80%,0.26,,,,,,,,,,,,,,,,,,,,,,,,,,,,,,,,,,,,,,,,,,,,,,,,,,,,,
India || Meta || Android || Testing - CPS || Male Drama || Hindi || Ruthless || NA || Sketch || NA || 26 Dec 2025 || Long || NA || Commissioning ||  ||  ||  || Multiple Ads (Mandate Purchase Success)_Rutvik-Deeplink-60,Ruthless,Multiple Ads (Mandate Purchase Success)_Rutvik-Deeplink-60,,Sketch,120238870214260434,4a74a5deb5acfdd749e525dacc4ddc7f90ccb8f0,4-Feb-2026,5-Feb-2026,inactive,29,$1.79,154,44.83%,9.63%,6.77%,6.36%,6.18%,69.281848,15.26%,0.30,1,0,0.00%,,,,,0.00%,,0.00%,,,0.00%,0.00%,0.00%,0.00%,,0.00%,0.00%,0.00%,0.00%,0.00%,0.00%,0.00%,0.00%,,0.00%,0.00%,0.00%,1,0.00%,0.00%,0.00%,0.00%,0.00%,,0.00%,0.00%,0.00%,0.00%,0.00%,0.00%,,0.00%,0.00%,0.00%,0.00%,0.00%,0.00%,0.00%,,0.00%,0.00%
DP-Final PGC-Prakash-LP-3--Hasim-V1---Non Content VO-FM-Ex-Purchase-Gen AI-1HR-PGC-Growth-LP5HR-STILLS-5,Divine Power,DP-Final PGC-Prakash-LP-3,,Gen AI,120238877899170434,5f70dc8e2667c93408506825ff965d22a21a3694,4-Feb-2026,9-Feb-2026,inactive,4,$4.31,371,25.00%,3.07%,2.97%,2.80%,3.32%,26.090002,7.55%,0.09,,,,,,,,,,,,,,,,,,,,,,,,,,,,,,,,,,,,,,,,,,,,,,,,,,,,,
DP-Final PGC-Prakash-LP-3--Hasim-V1---Non Content VO-FM-Ex-Purchase-Gen AI-1HR-PGC-Growth-LP5HR-STILLS-6,Divine Power,DP-Final PGC-Prakash-LP-3,,Gen AI,120238879402910434,5f70dc8e2667c93408506825ff965d22a21a3694,4-Feb-2026,9-Feb-2026,inactive,115,$1.25,107,18.26%,5.69%,5.38%,5.12%,6.24%,65.513926,17.61%,0.35,1,0,0.00%,,,,,0.00%,,0.00%,,,0.00%,0.00%,0.00%,0.00%,,0.00%,0.00%,0.00%,0.00%,0.00%,0.00%,0.00%,0.00%,,0.00%,0.00%,0.00%,1,100.00%,100.00%,100.00%,100.00%,0.00%,,100.00%,100.00%,100.00%,100.00%,100.00%,0.00%,,100.00%,0.00%,100.00%,100.00%,100.00%,100.00%,0.00%,,100.00%,0.00%
DP-Final PGC-Prakash-LP-3--Hasim-V1---Non Content VO-FM-Ex-Purchase-Gen AI-1HR-PGC-Growth-LP5HR-STILLS-7,Divine Power,DP-Final PGC-Prakash-LP-3,,Gen AI,120238892893350434,5f70dc8e2667c93408506825ff965d22a21a3694,4-Feb-2026,9-Feb-2026,inactive,3,$4.36,375,33.33%,2.99%,2.78%,2.70%,3.47%,26.803435,7.69%,0.09,,,,,,,,,,,,,,,,,,,,,,,,,,,,,,,,,,,,,,,,,,,,,,,,,,,,,
DP-Final PGC-Prakash-LP-3--Hasim-V1---Non Content VO-FM-Ex-Purchase-Gen AI-1HR-PGC-Growth-LP5HR-STILLS-6.1,Divine Power,DP-Final PGC-Prakash-LP-3,,Gen AI,120238952660120434,5f70dc8e2667c93408506825ff965d22a21a3694,6-Feb-2026,11-Feb-2026,inactive,13,$2.01,173,30.77%,2.37%,2.21%,2.00%,2.78%,37.439382,12.87%,0.17,,,,,,,,,,,,,,,,,,,,,,,,,,,,,,,,,,,,,,,,,,,,,,,,,,,,,
SD-Final PGC-Hasim-LP-1-V3-----Non Content VO-FM-Ex-Purchase,Sarvshaktimaan Dev,SD-Final PGC-Hasim-LP-1,,Sketch,120239237443460434,d54a84d9b28855313ff24e0019658d7267b3a4d2,12-Feb-2026,20-Feb-2026,inactive,29,$3.96,341,17.24%,6.68%,5.90%,5.19%,4.82%,107.173939,9.12%,0.34,,,,,,,,,,,,,,,,,,,,,,,,,,,,,,,,,,,,,,,,,,,,,,,,,,,,,
WAR-Final PGC-Hasim-LP-1------Non Content VO-FM-Ex-Purchase-Gen AI-PS1,The Warrior,WAR-Final PGC-Hasim-LP-1,,Gen AI,120239405508030434,a3ba65aa427077188e1ad7dbcbcafae266683ca9,17-Feb-2026,23-Feb-2026,inactive,127,$1.92,166,25.20%,5.42%,4.43%,4.06%,4.28%,58.185236,18.65%,0.19,1,0,100.00%,,,,0.00%,0.00%,,0.00%,,,0.00%,0.00%,0.00%,0.00%,,0.00%,0.00%,0.00%,0.00%,0.00%,0.00%,0.00%,0.00%,,0.00%,0.00%,0.00%,2,0.00%,0.00%,0.00%,0.00%,0.00%,,0.00%,0.00%,0.00%,0.00%,0.00%,0.00%,,0.00%,0.00%,0.00%,0.00%,0.00%,0.00%,0.00%,,0.00%,0.00%
WAR-Final PGC-Hasim-LP-1------Non Content VO-FM-Ex-Purchase-Gen AI-PS1-Trimmed,The Warrior,WAR-Final PGC-Hasim-LP-1,,Gen AI,120239417433740434,a3ba65aa427077188e1ad7dbcbcafae266683ca9,17-Feb-2026,22-Feb-2026,inactive,32,$2.52,217,37.50%,5.35%,4.52%,4.11%,4.34%,97.018688,16.84%,0.26,,,,,,,,,,,,,,,,,,,,,,,,,,,,,,1,100.00%,100.00%,0.00%,0.00%,0.00%,,0.00%,0.00%,0.00%,0.00%,0.00%,0.00%,,0.00%,0.00%,0.00%,0.00%,0.00%,0.00%,0.00%,,0.00%,0.00%
WAR-Final PGC-Hasim-LP-1------Non Content VO-FM-Ex-Purchase-Gen AI-Base-Trimmed,The Warrior,WAR-Final PGC-Hasim-LP-1,,Gen AI,120239432327720434,a3ba65aa427077188e1ad7dbcbcafae266683ca9,18-Feb-2026,24-Feb-2026,inactive,31,$2.23,192,32.26%,7.20%,4.77%,4.41%,4.39%,88.352357,19.14%,0.24,1,0,100.00%,,,,0.00%,0.00%,,0.00%,,,0.00%,0.00%,0.00%,0.00%,,0.00%,0.00%,0.00%,0.00%,0.00%,0.00%,0.00%,0.00%,,0.00%,0.00%,0.00%,1,100.00%,0.00%,0.00%,0.00%,0.00%,,0.00%,0.00%,0.00%,0.00%,0.00%,0.00%,,0.00%,0.00%,0.00%,0.00%,0.00%,0.00%,0.00%,,0.00%,0.00%
WAR-Final PGC-Hasim-LP-1------Non Content VO-FM-Ex-Purchase-Gen AI-PS2-Trimmed,The Warrior,WAR-Final PGC-Hasim-LP-1,,Gen AI,120239440675380434,a3ba65aa427077188e1ad7dbcbcafae266683ca9,18-Feb-2026,24-Feb-2026,inactive,90,$1.93,166,31.11%,6.02%,5.17%,4.28%,4.74%,59.01989,21.38%,0.17,1,0,100.00%,,,,0.00%,0.00%,,100.00%,,,0.00%,0.00%,0.00%,0.00%,,100.00%,0.00%,0.00%,0.00%,0.00%,0.00%,0.00%,0.00%,,100.00%,0.00%,0.00%,2,100.00%,0.00%,0.00%,0.00%,0.00%,,0.00%,0.00%,0.00%,0.00%,0.00%,0.00%,,0.00%,0.00%,0.00%,0.00%,0.00%,0.00%,0.00%,,0.00%,0.00%
WAR-Final PGC-Hasim-LP-1------Non Content VO-FM-Ex-Purchase-Gen AI-PS3-Trimmed,The Warrior,WAR-Final PGC-Hasim-LP-1,,Gen AI,120239445003440434,a3ba65aa427077188e1ad7dbcbcafae266683ca9,18-Feb-2026,24-Feb-2026,inactive,23,$2.67,230,21.74%,5.45%,4.49%,4.21%,4.34%,90.970929,16.91%,0.23,,,,,,,,,,,,,,,,,,,,,,,,,,,,,,,,,,,,,,,,,,,,,,,,,,,,,
WAR-Final PGC-Hasim-LP-1------Non Content VO-FM-Ex-Purchase-Gen AI-PS4-Trimmed,The Warrior,WAR-Final PGC-Hasim-LP-1,,Gen AI,120239475067400434,a3ba65aa427077188e1ad7dbcbcafae266683ca9,19-Feb-2026,24-Feb-2026,inactive,14,$2.77,238,14.29%,3.89%,2.93%,2.70%,2.68%,150.568695,20.29%,0.31,,,,,,,,,,,,,,,,,,,,,,,,,,,,,,,,,,,,,,,,,,,,,,,,,,,,,
WAR-Final PGC-Hasim-LP-1------Non Content VO-FM-Ex-Purchase-Gen AI-PS2-FDG-Extra Trimmed,The Warrior,WAR-Final PGC-Hasim-LP-1,,Gen AI,120239489107750434,a3ba65aa427077188e1ad7dbcbcafae266683ca9,19-Feb-2026,24-Feb-2026,inactive,18,$1.86,160,44.44%,7.66%,6.25%,4.95%,5.34%,83.709593,19.15%,0.27,1,0,100.00%,,,,0.00%,100.00%,,100.00%,,,0.00%,0.00%,0.00%,100.00%,,100.00%,0.00%,0.00%,0.00%,0.00%,0.00%,0.00%,100.00%,,100.00%,0.00%,0.00%,1,100.00%,0.00%,0.00%,0.00%,100.00%,,0.00%,0.00%,0.00%,0.00%,0.00%,100.00%,,0.00%,0.00%,0.00%,0.00%,0.00%,0.00%,100.00%,,0.00%,0.00%
WAR-Final PGC-Hasim-LP-1------Non Content VO-FM-Ex-Purchase-Gen AI-PS4-Trimmed-OG-Settings,The Warrior,WAR-Final PGC-Hasim-LP-1,,Gen AI,120239527364440434,a3ba65aa427077188e1ad7dbcbcafae266683ca9,20-Feb-2026,25-Feb-2026,inactive,51,$2.08,179,19.61%,3.56%,2.78%,2.69%,3.28%,127.144112,21.98%,0.32,,,,,,,,,,,,,,,,,,,,,,,,,,,,,,,,,,,,,,,,,,,,,,,,,,,,,
RTR-Final PGC-Pranjali-LP-1------Non Content VO-FM-Ex-Purchase-Male-Bidding,Reborn to Rule,RTR-Final PGC-Pranjali-LP-1,,Sketch,120239539183960434,96f83d557f46e53468344ad16002a230ee68d585,20-Feb-2026,25-Feb-2026,inactive,20,$6.11,526,20.00%,5.31%,3.98%,3.37%,3.24%,94.841952,6.27%,0.29,1,0,0.00%,,,,,0.00%,,0.00%,,,0.00%,0.00%,0.00%,0.00%,,0.00%,0.00%,0.00%,0.00%,0.00%,0.00%,0.00%,0.00%,,0.00%,0.00%,0.00%,1,0.00%,0.00%,0.00%,0.00%,0.00%,,0.00%,0.00%,0.00%,0.00%,0.00%,0.00%,,0.00%,0.00%,0.00%,0.00%,0.00%,0.00%,0.00%,,0.00%,0.00%
WAR-Final PGC-Hasim-LP-1------Non Content VO-FM-Ex-Purchase-Gen AI-PS2-FDG-Extra Trimmed-OG-Settings-Ghayal Hu Line,The Warrior,WAR-Final PGC-Hasim-LP-1,,Gen AI,120239730503020434,a3ba65aa427077188e1ad7dbcbcafae266683ca9,24-Feb-2026,1-Mar-2026,inactive,77,$1.36,117,25.97%,5.11%,4.47%,3.84%,4.20%,60.121031,19.35%,0.27,1,0,0.00%,,,,,0.00%,,0.00%,,,0.00%,0.00%,0.00%,0.00%,,0.00%,0.00%,0.00%,0.00%,0.00%,0.00%,0.00%,0.00%,,0.00%,0.00%,0.00%,1,0.00%,0.00%,0.00%,0.00%,0.00%,,0.00%,0.00%,0.00%,0.00%,0.00%,0.00%,,0.00%,0.00%,0.00%,0.00%,0.00%,0.00%,0.00%,,0.00%,0.00%
WAR-Final PGC-Hasim-LP-1------Non Content VO-FM-Ex-Purchase-Gen AI-PS2-FDG-Extra Trimmed-OG-Settings-Ghayal Hu Line-Fast Speed,The Warrior,WAR-Final PGC-Hasim-LP-1,,Gen AI,120239735666520434,a3ba65aa427077188e1ad7dbcbcafae266683ca9,24-Feb-2026,1-Mar-2026,inactive,72,$1.40,120,15.28%,6.34%,5.16%,4.59%,4.90%,64.395745,20.87%,0.26,1,0,100.00%,,,,0.00%,0.00%,,0.00%,,,0.00%,0.00%,0.00%,0.00%,,0.00%,0.00%,0.00%,0.00%,0.00%,0.00%,0.00%,0.00%,,0.00%,0.00%,0.00%,1,100.00%,0.00%,0.00%,0.00%,0.00%,,0.00%,0.00%,0.00%,0.00%,0.00%,0.00%,,0.00%,0.00%,0.00%,0.00%,0.00%,0.00%,0.00%,,0.00%,0.00%
STDL-Final PGC-Hasim-LP-1-V1-----Non Content VO-FM-Ex-Purchase-OG,Saaya - The Dark Love,STDL-Final PGC-Hasim-LP-1,,Sketch,120239822151140434,aebf1183f709bdddcd807099601ce9d8baaa343c,26-Feb-2026,6-Mar-2026,inactive,25,$3.88,334,16.00%,6.53%,4.66%,4.13%,4.16%,123.337321,10.87%,0.34,1,0,0.00%,,,,,0.00%,,0.00%,,,0.00%,0.00%,0.00%,0.00%,,0.00%,0.00%,0.00%,0.00%,0.00%,0.00%,0.00%,0.00%,,0.00%,0.00%,0.00%,,,,,,,,,,,,,,,,,,,,,,,,
STDL-Final PGC-Hasim-LP-1-V1-----Non Content VO-FM-Ex-Purchase-DP1,Saaya - The Dark Love,STDL-Final PGC-Hasim-LP-1,,Sketch,120239822347060434,a6962849d97b3fb7c7a97880f7e9fe95441e193f,26-Feb-2026,6-Mar-2026,inactive,27,$3.60,309,18.52%,7.43%,5.35%,5.05%,5.06%,132.61087,9.38%,0.46,1,0,0.00%,,,,,0.00%,,0.00%,,,0.00%,0.00%,0.00%,0.00%,,0.00%,0.00%,0.00%,0.00%,0.00%,0.00%,0.00%,0.00%,,0.00%,0.00%,0.00%,1,0.00%,0.00%,0.00%,0.00%,0.00%,,0.00%,0.00%,0.00%,0.00%,0.00%,0.00%,,0.00%,0.00%,0.00%,0.00%,0.00%,0.00%,0.00%,,0.00%,0.00%
STDL-Final PGC-Hasim-LP-1-V1-----Non Content VO-FM-Ex-Purchase-DP2,Saaya - The Dark Love,STDL-Final PGC-Hasim-LP-1,,Sketch,120239822463410434,bbf255f66dc2efd219cdc87e87c7d6faa36f577a,26-Feb-2026,6-Mar-2026,inactive,33,$2.94,253,15.15%,7.07%,4.65%,4.29%,4.37%,117.979844,9.91%,0.47,1,0,0.00%,,,,,0.00%,,0.00%,,,0.00%,0.00%,0.00%,0.00%,,0.00%,0.00%,0.00%,0.00%,0.00%,0.00%,0.00%,0.00%,,0.00%,0.00%,0.00%,1,0.00%,0.00%,0.00%,0.00%,0.00%,,0.00%,0.00%,0.00%,0.00%,0.00%,0.00%,,0.00%,0.00%,0.00%,0.00%,0.00%,0.00%,0.00%,,0.00%,0.00%
STDL-Final PGC-Hasim-LP-1-V1-----Non Content VO-FM-Ex-Purchase-DP3,Saaya - The Dark Love,STDL-Final PGC-Hasim-LP-1,,Sketch,120239822571420434,84c5e2b421d37d7e77bc8f86dff789b53907c59c,26-Feb-2026,6-Mar-2026,inactive,26,$3.75,322,19.23%,7.05%,4.92%,4.50%,4.41%,138.829221,10.04%,0.43,,,,,,,,,,,,,,,,,,,,,,,,,,,,,,1,100.00%,100.00%,100.00%,100.00%,0.00%,,0.00%,0.00%,100.00%,0.00%,0.00%,0.00%,,0.00%,0.00%,100.00%,0.00%,0.00%,0.00%,0.00%,,0.00%,0.00%
STDL-Final PGC-Hasim-LP-1-V1-----Non Content VO-FM-Ex-Purchase-Akshay,Saaya - The Dark Love,STDL-Final PGC-Hasim-LP-1,,Sketch,120239822712520434,1945f2fda505444e93fbb1d252e5efeb61375341,26-Feb-2026,6-Mar-2026,inactive,17,$6.10,524,23.53%,7.29%,5.01%,4.66%,4.56%,118.364011,5.99%,0.38,,,,,,,,,,,,,,,,,,,,,,,,,,,,,,,,,,,,,,,,,,,,,,,,,,,,,
STDL-Final PGC-Hasim-LP-2------Non Content VO-FM-Ex-Purchase-OG,Saaya - The Dark Love,STDL-Final PGC-Hasim-LP-2,,Sketch,120239855243250434,aebf1183f709bdddcd807099601ce9d8baaa343c,27-Feb-2026,6-Mar-2026,inactive,14,$6.38,549,21.43%,11.15%,8.43%,7.56%,7.94%,99.430406,7.41%,0.24,1,0,0.00%,,,,,0.00%,,0.00%,,,0.00%,0.00%,0.00%,0.00%,,0.00%,0.00%,0.00%,0.00%,0.00%,0.00%,0.00%,0.00%,,0.00%,0.00%,0.00%,1,0.00%,0.00%,0.00%,0.00%,0.00%,,0.00%,0.00%,0.00%,0.00%,0.00%,0.00%,,0.00%,0.00%,0.00%,0.00%,0.00%,0.00%,0.00%,,0.00%,0.00%
STDL-Final PGC-Hasim-LP-2------Non Content VO-FM-Ex-Purchase-DP1,Saaya - The Dark Love,STDL-Final PGC-Hasim-LP-2,,Sketch,120239855657540434,a6962849d97b3fb7c7a97880f7e9fe95441e193f,27-Feb-2026,6-Mar-2026,inactive,24,$3.68,317,16.67%,11.70%,8.53%,7.90%,8.69%,96.206303,13.87%,0.22,,,,,,,,,,,,,,,,,,,,,,,,,,,,,,1,0.00%,0.00%,0.00%,0.00%,0.00%,,0.00%,0.00%,,,,,,,,,,,,,,,
STDL-Final PGC-Hasim-LP-2------Non Content VO-FM-Ex-Purchase-DP2,Saaya - The Dark Love,STDL-Final PGC-Hasim-LP-2,,Sketch,120239855782270434,bbf255f66dc2efd219cdc87e87c7d6faa36f577a,27-Feb-2026,6-Mar-2026,inactive,16,$5.26,452,6.25%,11.51%,8.65%,8.08%,8.65%,93.39648,9.09%,0.23,1,0,0.00%,0.00%,0.00%,0.00%,,0.00%,,0.00%,0.00%,0.00%,0.00%,0.00%,0.00%,0.00%,,0.00%,0.00%,0.00%,0.00%,0.00%,0.00%,0.00%,0.00%,,0.00%,0.00%,0.00%,1,0.00%,0.00%,0.00%,0.00%,0.00%,,0.00%,0.00%,0.00%,0.00%,0.00%,0.00%,,0.00%,0.00%,0.00%,0.00%,0.00%,0.00%,0.00%,,0.00%,0.00%
STDL-Final PGC-Hasim-LP-2------Non Content VO-FM-Ex-Purchase-Male AI,Saaya - The Dark Love,STDL-Final PGC-Hasim-LP-2,,Sketch,120239956558670434,f14ccab0eea0fc440778d3e0baec6ddfd58790db,2-Mar-2026,7-Mar-2026,inactive,15,$4.56,392,6.67%,11.02%,8.01%,7.32%,7.77%,83.068392,8.52%,0.25,1,0,0.00%,0.00%,0.00%,0.00%,,0.00%,,0.00%,0.00%,0.00%,0.00%,0.00%,0.00%,0.00%,,0.00%,0.00%,0.00%,0.00%,0.00%,0.00%,0.00%,0.00%,,0.00%,0.00%,0.00%,1,0.00%,0.00%,0.00%,0.00%,0.00%,,0.00%,0.00%,0.00%,0.00%,0.00%,0.00%,,0.00%,0.00%,0.00%,0.00%,0.00%,0.00%,0.00%,,0.00%,0.00%
STDL-Final PGC-Hasim-LP-2------Non Content VO-FM-Ex-Purchase-DP3,Saaya - The Dark Love,STDL-Final PGC-Hasim-LP-2,,Sketch,120239856100930434,84c5e2b421d37d7e77bc8f86dff789b53907c59c,27-Feb-2026,11-Mar-2026,inactive,40,$3.46,298,27.50%,11.02%,8.10%,7.39%,7.82%,85.672296,13.16%,0.22,,,,,,,,,,,,,,,,,,,,,,,,,,,,,,,,,,,,,,,,,,,,,,,,,,,,,
STDL-Final PGC-Hasim-LP-2------Non Content VO-FM-Ex-Purchase-Female AI,Saaya - The Dark Love,STDL-Final PGC-Hasim-LP-2,,Sketch,120239956834080434,aebf1183f709bdddcd807099601ce9d8baaa343c,2-Mar-2026,9-Mar-2026,inactive,69,$3.04,262,17.39%,11.20%,8.40%,7.78%,8.08%,76.288559,11.54%,0.25,2,0,100.00%,,,,0.00%,0.00%,,0.00%,,,0.00%,0.00%,0.00%,0.00%,,0.00%,0.00%,0.00%,0.00%,0.00%,0.00%,0.00%,0.00%,,0.00%,0.00%,0.00%,2,100.00%,0.00%,0.00%,0.00%,0.00%,,0.00%,0.00%,0.00%,0.00%,0.00%,0.00%,,0.00%,0.00%,0.00%,0.00%,0.00%,0.00%,0.00%,,0.00%,0.00%
STDL-Final PGC-Hasim-LP-1-V1-----Non Content VO-FM-Ex-Purchase-Male AI,Saaya - The Dark Love,STDL-Final PGC-Hasim-LP-1,,Sketch,120239957027780434,f14ccab0eea0fc440778d3e0baec6ddfd58790db,2-Mar-2026,7-Mar-2026,inactive,8,$5.72,492,0.00%,7.53%,5.20%,4.69%,4.98%,145.248358,6.96%,0.42,1,0,0.00%,,,,,0.00%,,0.00%,,,0.00%,0.00%,0.00%,0.00%,,0.00%,0.00%,0.00%,0.00%,0.00%,0.00%,0.00%,0.00%,,0.00%,0.00%,0.00%,,,,,,,,,,,,,,,,,,,,,,,,
STDL-Final PGC-Hasim-LP-1-V1-----Non Content VO-FM-Ex-Purchase-Female AI,Saaya - The Dark Love,STDL-Final PGC-Hasim-LP-1,,Sketch,120239957227860434,aebf1183f709bdddcd807099601ce9d8baaa343c,2-Mar-2026,7-Mar-2026,inactive,17,$2.73,235,0.00%,7.03%,5.05%,4.89%,4.97%,122.427712,12.88%,0.41,,,,,,,,,,,,,,,,,,,,,,,,,,,,,,,,,,,,,,,,,,,,,,,,,,,,,
BH-Final PGC-Prakash-LP-1------Non Content VO-FM-Ex-Purchase,Beggar Husband,BH-Final PGC-Prakash-LP-1,,Sketch,120239970408730434,425ac5972370e4acbca481e52e618f61cb60aa2e,2-Mar-2026,9-Mar-2026,inactive,253,$1.21,104,21.74%,6.55%,6.40%,6.31%,8.07%,69.880845,19.25%,0.35,1,0,0.00%,0.00%,0.00%,0.00%,,0.00%,,0.00%,0.00%,0.00%,0.00%,0.00%,0.00%,0.00%,,0.00%,0.00%,0.00%,0.00%,0.00%,0.00%,0.00%,0.00%,,0.00%,0.00%,0.00%,2,50.00%,50.00%,50.00%,50.00%,0.00%,,50.00%,0.00%,50.00%,0.00%,0.00%,0.00%,,0.00%,0.00%,50.00%,0.00%,0.00%,0.00%,0.00%,,0.00%,0.00%
STDL-Final PGC-Hasim-LP-2--Akshay-V1---Non Content VO--Purchase,Saaya - The Dark Love,STDL-Final PGC-Hasim-LP-2,,Sketch,120239977527720434,37e68193f879e91ec362f75f4b46511110658e2b,2-Mar-2026,7-Mar-2026,inactive,15,$4.04,348,0.00%,7.42%,6.82%,5.04%,5.62%,69.507723,10.27%,0.19,,,,,,,,,,,,,,,,,,,,,,,,,,,,,,1,0.00%,0.00%,0.00%,0.00%,0.00%,,0.00%,0.00%,0.00%,0.00%,0.00%,0.00%,,0.00%,0.00%,0.00%,0.00%,0.00%,0.00%,0.00%,,0.00%,0.00%
RL-Atishay-OG-----Non Content VO-FM-Ex-Purchase,Ruthless,RL-Atishay-OG-----Non Content VO-FM-Ex-Purchase,,Sketch,120240012646450434,775ebe594ccef3ff856bfe334f3cb0aac2a74a12,3-Mar-2026,16-Mar-2026,inactive,168,$1.50,129,10.12%,13.52%,11.28%,10.37%,9.87%,84.686125,18.06%,0.36,2,0,50.00%,,,,0.00%,0.00%,,0.00%,,,0.00%,0.00%,0.00%,0.00%,,0.00%,0.00%,0.00%,0.00%,0.00%,0.00%,0.00%,0.00%,,0.00%,0.00%,0.00%,2,50.00%,0.00%,0.00%,0.00%,0.00%,,0.00%,0.00%,0.00%,0.00%,0.00%,0.00%,,0.00%,0.00%,0.00%,0.00%,0.00%,0.00%,0.00%,,0.00%,0.00%
RL-Atishay-Trupti----Non Content VO-FM-Ex-Purchase,Ruthless,RL-Atishay-Trupti----Non Content VO-FM-Ex-Purchase,,Sketch,120240012885560434,3652dee979b88ca5dec99d2c21d9fbd195be19ea,3-Mar-2026,16-Mar-2026,inactive,169,$1.49,129,14.79%,13.43%,11.20%,10.30%,9.83%,77.633798,18.55%,0.32,1,0,100.00%,,,,0.00%,0.00%,,0.00%,,,0.00%,0.00%,0.00%,0.00%,,0.00%,0.00%,0.00%,0.00%,0.00%,0.00%,0.00%,0.00%,,0.00%,0.00%,0.00%,1,100.00%,100.00%,0.00%,0.00%,0.00%,,0.00%,0.00%,0.00%,0.00%,0.00%,0.00%,,0.00%,0.00%,0.00%,0.00%,0.00%,0.00%,0.00%,,0.00%,0.00%
TIM-Final PGC-Hasim-LP-1--Prakash-V1---Non Content VO-FM-Ex-Purchase,The Immortal,TIM-Final PGC-Hasim-LP-1,,Sketch,120240126723130434,45a153154deea62e88770e7f1c4fc6ba502f250a,6-Mar-2026,11-Mar-2026,inactive,8,$5.55,477,12.50%,5.58%,3.23%,2.47%,2.91%,42.511531,2.40%,0.37,,,,,,,,,,,,,,,,,,,,,,,,,,,,,,,,,,,,,,,,,,,,,,,,,,,,,
TIM-Final PGC-Akshay-LP-1------Non Content VO-FM-Ex-Purchase,The Immortal,TIM-Final PGC-Akshay-LP-1,,Sketch,120240127910750434,45a153154deea62e88770e7f1c4fc6ba502f250a,6-Mar-2026,11-Mar-2026,inactive,6,$8.04,691,16.67%,4.53%,2.63%,3.20%,3.35%,77.772673,3.02%,0.37,,,,,,,,,,,,,,,,,,,,,,,,,,,,,,1,0.00%,0.00%,0.00%,0.00%,0.00%,,0.00%,0.00%,0.00%,0.00%,0.00%,0.00%,,0.00%,0.00%,0.00%,0.00%,0.00%,0.00%,0.00%,,0.00%,0.00%
STDL-Final PGC-Akshay-LP-6------Non Content VO-FM-Ex-Purchase,Saaya - The Dark Love,STDL-Final PGC-Akshay-LP-6,,Sketch,120240339088680434,1945f2fda505444e93fbb1d252e5efeb61375341,12-Mar-2026,17-Mar-2026,inactive,66,$2.25,193,24.24%,4.66%,3.11%,2.88%,2.89%,72.1851,10.93%,0.34,2,0,0.00%,0.00%,0.00%,0.00%,,0.00%,,0.00%,0.00%,0.00%,0.00%,0.00%,0.00%,0.00%,,0.00%,0.00%,0.00%,0.00%,0.00%,0.00%,0.00%,0.00%,,0.00%,0.00%,0.00%,3,33.33%,0.00%,0.00%,0.00%,0.00%,,0.00%,0.00%,0.00%,0.00%,0.00%,0.00%,,0.00%,0.00%,0.00%,0.00%,0.00%,0.00%,0.00%,,0.00%,0.00%
STDL-Final PGC-Akshay-LP-5------Non Content VO-FM-Ex-Purchase,Saaya - The Dark Love,STDL-Final PGC-Akshay-LP-5,,Sketch,120240339827540434,1945f2fda505444e93fbb1d252e5efeb61375341,12-Mar-2026,17-Mar-2026,inactive,9,$3.59,309,0.00%,6.64%,5.42%,6.26%,3.83%,54.432357,5.03%,0.35,,,,,,,,,,,,,,,,,,,,,,,,,,,,,,,,,,,,,,,,,,,,,,,,,,,,,
DNGY-Final PGC-Shailendra-LP-1------Non Content VO-FM-Ex-Purchase,Divya Naag Garuda Yodha,DNGY-Final PGC-Shailendra-LP-1,,Sketch,120240344512190434,3b91b7236a4f94ec3747d4d0408258a3fdaa1733,12-Mar-2026,17-Mar-2026,inactive,17,$5.03,432,23.53%,4.43%,3.59%,3.13%,3.19%,92.327661,5.90%,0.36,1,0,0.00%,,,,,0.00%,,0.00%,,,0.00%,0.00%,0.00%,0.00%,,0.00%,0.00%,0.00%,0.00%,0.00%,0.00%,0.00%,0.00%,,0.00%,0.00%,0.00%,1,0.00%,0.00%,0.00%,0.00%,0.00%,,0.00%,0.00%,0.00%,0.00%,0.00%,0.00%,,0.00%,0.00%,0.00%,0.00%,0.00%,0.00%,0.00%,,0.00%,0.00%
STDL-Final PGC-Akshay-LP-7------Non Content VO-FM-Ex-Purchase,Saaya - The Dark Love,STDL-Final PGC-Akshay-LP-7,,Sketch,120240353611160434,1945f2fda505444e93fbb1d252e5efeb61375341,12-Mar-2026,17-Mar-2026,inactive,59,$2.42,208,23.73%,13.06%,7.50%,6.90%,7.71%,97.212869,11.32%,0.41,4,0,0.00%,,,,,0.00%,,0.00%,,,0.00%,0.00%,0.00%,0.00%,,0.00%,0.00%,0.00%,0.00%,0.00%,0.00%,0.00%,0.00%,,0.00%,0.00%,0.00%,3,0.00%,0.00%,0.00%,0.00%,0.00%,,0.00%,0.00%,0.00%,0.00%,0.00%,0.00%,,0.00%,0.00%,0.00%,0.00%,0.00%,0.00%,0.00%,,0.00%,0.00%
DNGY-Final PGC-Pranjali-LP-2------Non Content VO-FM-Ex-Purchase,Divya Naag Garuda Yodha,DNGY-Final PGC-Pranjali-LP-2,,Sketch,120240384935440434,3b91b7236a4f94ec3747d4d0408258a3fdaa1733,13-Mar-2026,18-Mar-2026,inactive,22,$5.27,453,22.73%,10.04%,7.91%,6.95%,6.90%,99.322228,4.53%,0.48,1,0,0.00%,,,,,0.00%,,0.00%,,,0.00%,0.00%,0.00%,0.00%,,0.00%,0.00%,0.00%,0.00%,0.00%,0.00%,0.00%,0.00%,,0.00%,0.00%,0.00%,1,0.00%,0.00%,0.00%,0.00%,0.00%,,0.00%,0.00%,0.00%,0.00%,0.00%,0.00%,,0.00%,0.00%,0.00%,0.00%,0.00%,0.00%,0.00%,,0.00%,0.00%
DNGY-Final PGC-Pranjali-LP-2------Non Content VO-FM-Ex-Purchase-NoCaptions,Divya Naag Garuda Yodha,DNGY-Final PGC-Pranjali-LP-2,,Sketch,120240385056720434,3b91b7236a4f94ec3747d4d0408258a3fdaa1733,13-Mar-2026,18-Mar-2026,inactive,8,$5.61,483,25.00%,10.45%,8.41%,7.25%,6.80%,85.329165,5.88%,0.30,1,0,0.00%,,,,,0.00%,,0.00%,,,0.00%,0.00%,0.00%,0.00%,,0.00%,0.00%,0.00%,0.00%,0.00%,0.00%,0.00%,0.00%,,0.00%,0.00%,0.00%,1,0.00%,0.00%,0.00%,0.00%,0.00%,,0.00%,0.00%,,,,,,,,,,,,,,,
STDL-Final PGC-Akshay-LP-7------Non Content VO-FM-Ex-Purchase-AI-New-Akshay-Show ID,Shiva : Mahakaal Ka Doot,STDL-Final PGC-Akshay-LP-7,,Sketch,120240399434400434,814b6d665638285a4d9d644cefd3f3730e3d3c45,13-Mar-2026,18-Mar-2026,inactive,29,$3.87,333,20.69%,12.71%,7.36%,6.70%,7.44%,95.949659,8.98%,0.32,3,0,66.67%,,,,0.00%,0.00%,,0.00%,,,33.33%,0.00%,0.00%,0.00%,,33.33%,0.00%,0.00%,33.33%,0.00%,0.00%,0.00%,0.00%,,33.33%,0.00%,0.00%,3,66.67%,0.00%,0.00%,0.00%,0.00%,,0.00%,0.00%,33.33%,0.00%,0.00%,0.00%,,0.00%,0.00%,33.33%,0.00%,0.00%,0.00%,0.00%,,0.00%,0.00%
STDL-Final PGC-Hasim-LP-2-V1-----Non Content VO-FM-Ex-Purchase-AI-New-Akshay-Show ID,Shiva : Mahakaal Ka Doot,STDL-Final PGC-Hasim-LP-2,,Sketch,120240401060230434,814b6d665638285a4d9d644cefd3f3730e3d3c45,13-Mar-2026,18-Mar-2026,inactive,37,$2.84,244,21.62%,10.85%,8.51%,7.20%,8.02%,129.803448,13.21%,0.40,1,0,0.00%,,,,,0.00%,,0.00%,,,0.00%,0.00%,0.00%,0.00%,,0.00%,0.00%,0.00%,0.00%,0.00%,0.00%,0.00%,0.00%,,0.00%,0.00%,0.00%,1,0.00%,0.00%,0.00%,0.00%,0.00%,,0.00%,0.00%,0.00%,0.00%,0.00%,0.00%,,0.00%,0.00%,0.00%,0.00%,0.00%,0.00%,0.00%,,0.00%,0.00%
DNGY-Final PGC-Shailendra-LP-2------Non Content VO-FM-Ex-Purchase,Divya Naag Garuda Yodha,DNGY-Final PGC-Shailendra-LP-2,,Sketch,120240410040400434,3b91b7236a4f94ec3747d4d0408258a3fdaa1733,13-Mar-2026,18-Mar-2026,inactive,5,$7.70,662,0.00%,6.14%,5.59%,4.94%,5.54%,72.59843,2.67%,0.41,,,,,,,,,,,,,,,,,,,,,,,,,,,,,,,,,,,,,,,,,,,,,,,,,,,,,
TDG-Final PGC-Shailendra-LP-1--Hasim-V1---Non Content VO-FM-Ex-Purchase,Lord of Dimension,TDG-Final PGC-Shailendra-LP-1,,Sketch,120240411474830434,684bf86c1cc5ac02813d77684969e9f57d017c59,13-Mar-2026,18-Mar-2026,inactive,40,$4.37,376,25.00%,9.95%,8.50%,7.28%,7.26%,103.359444,7.39%,0.37,1,0,0.00%,,,,,0.00%,,0.00%,,,0.00%,0.00%,0.00%,0.00%,,0.00%,0.00%,0.00%,0.00%,0.00%,0.00%,0.00%,0.00%,,0.00%,0.00%,0.00%,1,0.00%,0.00%,0.00%,0.00%,0.00%,,0.00%,0.00%,0.00%,0.00%,0.00%,0.00%,,0.00%,0.00%,0.00%,0.00%,0.00%,0.00%,0.00%,,0.00%,0.00%
STDL-Final PGC-Akshay-LP-6------Non Content VO-FM-Ex-Purchase-PPV Show-1Hr-LP-Sketch,Saaya - The Dark Love,STDL-Final PGC-Akshay-LP-6,,Sketch,120240597289350434,37e68193f879e91ec362f75f4b46511110658e2b,18-Mar-2026,23-Mar-2026,inactive,25,$2.95,253,12.00%,5.37%,3.66%,3.41%,3.45%,48.831112,4.49%,0.43,2,0,0.00%,,,,,0.00%,,0.00%,,,0.00%,0.00%,0.00%,0.00%,,0.00%,0.00%,0.00%,0.00%,0.00%,0.00%,0.00%,0.00%,,0.00%,0.00%,0.00%,2,0.00%,0.00%,0.00%,0.00%,0.00%,,0.00%,0.00%,0.00%,0.00%,0.00%,0.00%,,0.00%,0.00%,0.00%,0.00%,0.00%,0.00%,0.00%,,0.00%,0.00%
STDL-Final PGC-Akshay-LP-7------Non Content VO-FM-Ex-Purchase-PPV Show-1Hr-LP-Sketch,Saaya - The Dark Love,STDL-Final PGC-Akshay-LP-7,,Sketch,120240597603810434,37e68193f879e91ec362f75f4b46511110658e2b,18-Mar-2026,23-Mar-2026,inactive,13,$4.82,415,23.08%,10.66%,6.43%,5.80%,6.48%,113.00807,6.88%,0.40,1,0,0.00%,,,,,0.00%,,0.00%,,,0.00%,0.00%,0.00%,0.00%,,0.00%,0.00%,0.00%,0.00%,0.00%,0.00%,0.00%,0.00%,,0.00%,0.00%,0.00%,1,0.00%,0.00%,0.00%,0.00%,0.00%,,0.00%,0.00%,0.00%,0.00%,0.00%,0.00%,,0.00%,0.00%,0.00%,0.00%,0.00%,0.00%,0.00%,,0.00%,0.00%
TDG-Final PGC-Shailendra-LP-1-V2-----Non Content VO-FM-Ex-Purchase,Lord of Dimension,TDG-Final PGC-Shailendra-LP-1,,Sketch,120240697538710434,684bf86c1cc5ac02813d77684969e9f57d017c59,20-Mar-2026,28-Mar-2026,inactive,73,$2.65,228,34.25%,7.06%,5.54%,5.41%,4.79%,68.881382,9.26%,0.33,3,0,66.67%,,,,0.00%,0.00%,,0.00%,,,0.00%,0.00%,0.00%,0.00%,,0.00%,0.00%,0.00%,33.33%,33.33%,33.33%,0.00%,0.00%,,0.00%,0.00%,0.00%,4,75.00%,0.00%,0.00%,0.00%,0.00%,,0.00%,0.00%,0.00%,0.00%,0.00%,0.00%,,0.00%,0.00%,25.00%,25.00%,25.00%,0.00%,0.00%,,0.00%,0.00%
STDL-Final PGC-Akshay-LP-6------Non Content VO-FM-Ex-Purchase-PPV Show-1Hr-LP-Gen-AI,Saaya - The Dark Love,STDL-Final PGC-Akshay-LP-6,,Gen AI,120240893998640434,37e68193f879e91ec362f75f4b46511110658e2b,24-Mar-2026,29-Mar-2026,inactive,29,$3.57,307,13.79%,3.67%,2.51%,2.32%,2.06%,95.924666,10.10%,0.31,,,,,,,,,,,,,,,,,,,,,,,,,,,,,,,,,,,,,,,,,,,,,,,,,,,,,
STDL-Final PGC-Hasim-LP-2-V1-----Non Content VO-FM-Ex-Purchase-PPV Show-1Hr-LP-Gen-AI,Saaya - The Dark Love,STDL-Final PGC-Hasim-LP-2,,Gen AI,120240894953150434,37e68193f879e91ec362f75f4b46511110658e2b,24-Mar-2026,3-Apr-2026,inactive,482,$0.82,70,13.49%,8.74%,6.66%,5.48%,5.82%,54.830286,21.86%,0.36,4,0,50.00%,0.00%,0.00%,0.00%,0.00%,0.00%,,0.00%,0.00%,0.00%,0.00%,0.00%,0.00%,0.00%,,0.00%,0.00%,0.00%,0.00%,0.00%,0.00%,0.00%,0.00%,,0.00%,0.00%,0.00%,4,50.00%,0.00%,0.00%,0.00%,0.00%,,0.00%,0.00%,0.00%,0.00%,0.00%,0.00%,,0.00%,0.00%,0.00%,0.00%,0.00%,0.00%,0.00%,,0.00%,0.00%
STDL-Final PGC-Hasim-LP-2-V1-----Non Content VO-FM-Ex-Purchase-PPV Show-1Hr-LP-Gen-AI-PS1,Saaya - The Dark Love,STDL-Final PGC-Hasim-LP-2,,Gen AI,120240924109250434,37e68193f879e91ec362f75f4b46511110658e2b,25-Mar-2026,6-Apr-2026,inactive,1383,$0.98,85,12.87%,6.39%,5.13%,4.49%,4.99%,55.780074,21.99%,0.30,729,90,77.67%,36.64%,22.23%,10.70%,13.78%,2.74%,0.93%,4.80%,7.14%,0.55%,10.29%,1.51%,1.23%,3.02%,0.01165982755,4.94%,0.27%,0.14%,10.70%,1.92%,1.65%,0.82%,3.16%,0.01709212509,5.08%,0.96%,0.27%,780.9148,77.99%,28.81%,14.09%,8.96%,2.56%,0.93%,1.15%,0.38%,10.50%,1.66%,1.28%,2.82%,0.01165982755,0.26%,0.13%,10.88%,2.31%,2.05%,0.90%,2.95%,0.01709212509,1.02%,0.26%
DNGY-Final PGC-Pranjali-LP-3------Non Content VO-FM-Ex-Purchase,Divya Naag Garuda Yodha,DNGY-Final PGC-Pranjali-LP-3,,Sketch,120240938093870434,3b91b7236a4f94ec3747d4d0408258a3fdaa1733,25-Mar-2026,30-Mar-2026,inactive,5,$7.24,623,0.00%,8.62%,6.71%,5.70%,6.00%,99.950897,3.60%,0.45,2,0,100.00%,,,,0.00%,0.00%,,0.00%,,,0.00%,0.00%,0.00%,0.00%,,0.00%,0.00%,0.00%,0.00%,0.00%,0.00%,0.00%,0.00%,,0.00%,0.00%,0.00%,2,100.00%,0.00%,0.00%,0.00%,0.00%,,0.00%,0.00%,0.00%,0.00%,0.00%,0.00%,,0.00%,0.00%,0.00%,0.00%,0.00%,0.00%,0.00%,,0.00%,0.00%
DNGY-Final PGC-Shailendra-LP-3------Non Content VO-FM-Ex-Purchase,Divya Naag Garuda Yodha,DNGY-Final PGC-Shailendra-LP-3,,Sketch,120240938586740434,3b91b7236a4f94ec3747d4d0408258a3fdaa1733,25-Mar-2026,30-Mar-2026,inactive,4,$9.11,784,50.00%,4.16%,3.64%,3.64%,3.59%,110.233515,3.64%,0.39,1,0,100.00%,,,,0.00%,0.00%,,0.00%,,,0.00%,0.00%,0.00%,0.00%,,0.00%,0.00%,0.00%,0.00%,0.00%,0.00%,0.00%,0.00%,,0.00%,0.00%,0.00%,1,100.00%,100.00%,100.00%,0.00%,0.00%,,0.00%,0.00%,,,,,,,,,,,,,,,
DNGY-Final PGC-Pranjali-LP-2--Shailendra-V1---Non Content VO-FM-Ex-Purchase,Divya Naag Garuda Yodha,DNGY-Final PGC-Pranjali-LP-2,,Sketch,120240939409250434,3b91b7236a4f94ec3747d4d0408258a3fdaa1733,25-Mar-2026,30-Mar-2026,inactive,9,$3.98,342,0.00%,8.89%,6.04%,5.82%,5.16%,99.701947,7.56%,0.38,,,,,,,,,,,,,,,,,,,,,,,,,,,,,,,,,,,,,,,,,,,,,,,,,,,,,
RL-Final PGC-Hasim-LP-1------Non Content VO-FM-Ex-Purchase,Ruthless,RL-Final PGC-Hasim-LP-1,,Sketch,120240992871540434,4a74a5deb5acfdd749e525dacc4ddc7f90ccb8f0,26-Mar-2026,3-Apr-2026,inactive,82,$2.16,186,41.46%,10.09%,7.43%,6.50%,6.51%,94.904978,13.62%,0.38,2,0,0.00%,,,,,0.00%,,0.00%,,,0.00%,0.00%,0.00%,0.00%,,0.00%,0.00%,0.00%,0.00%,0.00%,0.00%,0.00%,0.00%,,0.00%,0.00%,0.00%,1,100.00%,100.00%,100.00%,100.00%,100.00%,,100.00%,100.00%,100.00%,100.00%,100.00%,100.00%,,100.00%,0.00%,100.00%,100.00%,100.00%,100.00%,100.00%,,100.00%,100.00%
RL-Final PGC-Hasim-LP-1-V1-----Non Content VO-FM-Ex-Purchase,Ruthless,RL-Final PGC-Hasim-LP-1,,Sketch,120240993769080434,4a74a5deb5acfdd749e525dacc4ddc7f90ccb8f0,26-Mar-2026,3-Apr-2026,inactive,189,$1.55,133,37.57%,10.26%,7.03%,5.81%,5.39%,75.327432,17.65%,0.32,13,108,77.42%,61.94%,38.71%,15.48%,20.00%,7.74%,2.07%,7.74%,7.74%,0.00%,7.74%,0.00%,0.00%,7.74%,0.02074842335,7.74%,0.00%,0.00%,7.74%,0.00%,0.00%,0.00%,7.74%,0.02074842335,7.74%,0.00%,0.00%,16.0278,74.87%,49.91%,18.72%,6.24%,6.24%,2.07%,0.00%,0.00%,6.24%,0.00%,0.00%,6.24%,0.02074842335,0.00%,0.00%,6.24%,0.00%,0.00%,0.00%,6.24%,0.02074842335,0.00%,0.00%
DMK-Final PGC-Akshay-LP-1------Non Content VO-FM-Ex-Purchase,Doctor Mafia King,DMK-Final PGC-Akshay-LP-1,,Sketch,120241049427480434,29bfb16932f3fae0c2be34b0505a0439cc836866,27-Mar-2026,1-Apr-2026,inactive,10,$5.69,489,30.00%,13.98%,9.97%,10.35%,5.37%,129.742358,5.99%,0.44,1,0,100.00%,,,,0.00%,0.00%,,0.00%,,,0.00%,0.00%,0.00%,0.00%,,0.00%,0.00%,0.00%,0.00%,0.00%,0.00%,0.00%,0.00%,,0.00%,0.00%,0.00%,1,100.00%,100.00%,0.00%,0.00%,0.00%,,0.00%,0.00%,0.00%,0.00%,0.00%,0.00%,,0.00%,0.00%,0.00%,0.00%,0.00%,0.00%,0.00%,,0.00%,0.00%
RL-Final PGC-Prakash-LP-1-V1-----Non Content VO-FM-Ex-Purchase,Ruthless,RL-Final PGC-Prakash-LP-1,,Sketch,120241050536030434,4a74a5deb5acfdd749e525dacc4ddc7f90ccb8f0,27-Mar-2026,1-Apr-2026,inactive,38,$1.94,167,42.11%,14.14%,11.81%,10.08%,11.23%,94.502509,12.54%,0.45,1,0,100.00%,,,,0.00%,0.00%,,0.00%,,,0.00%,0.00%,0.00%,0.00%,,0.00%,0.00%,0.00%,0.00%,0.00%,0.00%,0.00%,0.00%,,0.00%,0.00%,0.00%,1,100.00%,0.00%,0.00%,0.00%,0.00%,,0.00%,0.00%,0.00%,0.00%,0.00%,0.00%,,0.00%,0.00%,0.00%,0.00%,0.00%,0.00%,0.00%,,0.00%,0.00%
HSF-Final PGC-Akshay-LP-2------Non Content VO-FM-Ex-Purchase,His Secret Fortune,HSF-Final PGC-Akshay-LP-2,,Sketch,120241248338550434,6515322bae57dd2a3bb88524c9697821cca249ea,30-Mar-2026,4-Apr-2026,inactive,2,$13.31,1145,50.00%,9.31%,6.24%,6.41%,6.34%,112.00861,3.28%,0.30,,,,,,,,,,,,,,,,,,,,,,,,,,,,,,,,,,,,,,,,,,,,,,,,,,,,,
TIM-Final PGC-Shailendra-LP-6------Non Content VO-FM-Ex-Purchase,The Immortal,TIM-Final PGC-Shailendra-LP-6,,Sketch,120241254163840434,45a153154deea62e88770e7f1c4fc6ba502f250a,30-Mar-2026,4-Apr-2026,inactive,16,$4.94,425,18.75%,6.32%,4.44%,3.18%,3.91%,110.330075,6.87%,0.38,4,1030,95.24%,47.62%,0.00%,0.00%,0.00%,0.00%,0.00%,0.00%,0.00%,0.00%,0.00%,0.00%,0.00%,0.00%,0,0.00%,0.00%,0.00%,0.00%,0.00%,0.00%,0.00%,0.00%,0,0.00%,0.00%,0.00%,6.9,86.96%,14.49%,0.00%,0.00%,0.00%,0.00%,0.00%,0.00%,0.00%,0.00%,0.00%,0.00%,0,0.00%,0.00%,0.00%,0.00%,0.00%,0.00%,0.00%,0,0.00%,0.00%
EHK-Final PGC-Akshay-LP-1------Non Content VO-FM-Ex-Purchase,Super Rich Gharjamai (FS),EHK-Final PGC-Akshay-LP-1,,Sketch,120241380017820434,f8fbcb9a13d17d5888164fffc1bbb7cd5c6608b2,1-Apr-2026,6-Apr-2026,inactive,20,$3.97,342,30.00%,6.60%,5.53%,5.87%,7.17%,103.378806,11.30%,0.27,7,977,71.43%,71.43%,71.43%,42.86%,60.00%,42.86%,1.55%,42.86%,42.86%,14.29%,57.14%,14.29%,14.29%,42.86%,0.01551407554,42.86%,14.29%,0.00%,57.14%,14.29%,14.29%,14.29%,42.86%,0.01551407554,42.86%,14.29%,0.00%,9,66.67%,66.67%,44.44%,44.44%,44.44%,1.98%,22.22%,11.11%,55.56%,22.22%,22.22%,44.44%,0.01976024747,11.11%,0.00%,55.56%,22.22%,22.22%,11.11%,44.44%,0.01976024747,11.11%,0.00%
STDL-Final PGC-Hasim-LP-2-V1-----Non Content VO-FM-Ex-Purchase,Saaya - The Dark Love,STDL-Final PGC-Hasim-LP-2,,Sketch,120240299459250434,1945f2fda505444e93fbb1d252e5efeb61375341,11-Mar-2026,9-Apr-2026,inactive,79,$2.30,198,27.85%,10.22%,7.87%,6.79%,7.29%,95.6906,12.02%,0.40,3,0,66.67%,,,,0.00%,0.00%,,0.00%,,,0.00%,0.00%,0.00%,0.00%,,0.00%,0.00%,0.00%,0.00%,0.00%,0.00%,0.00%,0.00%,,0.00%,0.00%,0.00%,3,66.67%,0.00%,0.00%,0.00%,0.00%,,0.00%,0.00%,0.00%,0.00%,0.00%,0.00%,,0.00%,0.00%,0.00%,0.00%,0.00%,0.00%,0.00%,,0.00%,0.00%
EHK-Final PGC-Prakash-LP-2------Non Content VO-FM-Ex-Purchase,Super Rich Gharjamai (FS),EHK-Final PGC-Prakash-LP-2,,Sketch,120241381078460434,f8fbcb9a13d17d5888164fffc1bbb7cd5c6608b2,1-Apr-2026,6-Apr-2026,inactive,11,$7.08,609,0.00%,8.10%,8.89%,8.30%,7.45%,137.031592,6.08%,0.37,1,0,100.00%,0.00%,0.00%,0.00%,0.00%,0.00%,,0.00%,0.00%,0.00%,0.00%,0.00%,0.00%,0.00%,,0.00%,0.00%,0.00%,0.00%,0.00%,0.00%,0.00%,0.00%,,0.00%,0.00%,0.00%,1,100.00%,0.00%,0.00%,0.00%,0.00%,,0.00%,0.00%,0.00%,0.00%,0.00%,0.00%,,0.00%,0.00%,0.00%,0.00%,0.00%,0.00%,0.00%,,0.00%,0.00%
STDL-Final PGC-Hasim-LP-2-V1-----Non Content VO-FM-Ex-Purchase-LIU,Saaya - The Dark Love,STDL-Final PGC-Hasim-LP-2,,Sketch,120241450772130434,1945f2fda505444e93fbb1d252e5efeb61375341,2-Apr-2026,7-Apr-2026,inactive,102,$2.20,189,8.82%,5.88%,4.14%,3.65%,4.54%,100.16247,16.01%,0.33,87,222,60.84%,12.63%,9.18%,3.44%,5.66%,1.15%,0.15%,3.44%,2.30%,0.00%,3.44%,0.00%,0.00%,2.30%,0.003003067927,4.59%,0.00%,0.00%,3.44%,0.00%,0.00%,0.00%,2.30%,0.003003067927,4.59%,0.00%,0.00%,95.8295,60.52%,10.44%,5.22%,2.09%,1.04%,0.15%,0.00%,0.00%,4.17%,0.00%,0.00%,2.09%,0.003003067927,0.00%,0.00%,4.17%,0.00%,0.00%,0.00%,2.09%,0.003003067927,0.00%,0.00%
RL-Final PGC-Hasim-LP-1------Non Content VO-FM-Ex-Purchase-Gen AI-WithoutNarration,Ruthless,RL-Final PGC-Hasim-LP-1,,Gen AI,120241471271480434,4a74a5deb5acfdd749e525dacc4ddc7f90ccb8f0,2-Apr-2026,7-Apr-2026,inactive,11,$4.04,347,27.27%,4.92%,3.49%,2.67%,2.60%,102.205473,13.25%,0.22,9,424,77.78%,44.44%,44.44%,33.33%,42.86%,0.00%,0.00%,0.00%,22.22%,0.00%,33.33%,0.00%,0.00%,0.00%,0,0.00%,0.00%,0.00%,33.33%,0.00%,0.00%,0.00%,0.00%,0,0.00%,0.00%,0.00%,10,80.00%,40.00%,30.00%,30.00%,0.00%,0.00%,0.00%,0.00%,30.00%,0.00%,0.00%,0.00%,0,0.00%,0.00%,30.00%,0.00%,0.00%,0.00%,0.00%,0,0.00%,0.00%
RL-Final PGC-Hasim-LP-1--V1----Non Content VO-FM-Ex-Purchase-Gen AI-Without-Narration,Ruthless,RL-Final PGC-Hasim-LP-1,,Gen AI,120241488926990434,4a74a5deb5acfdd749e525dacc4ddc7f90ccb8f0,3-Apr-2026,8-Apr-2026,inactive,,$0.00,,,5.61%,2.80%,3.97%,1.87%,117.59542,0.00%,0.14,,,,,,,,,,,,,,,,,,,,,,,,,,,,,,,,,,,,,,,,,,,,,,,,,,,,,
RL-Final PGC-Hasim-LP-1--V1----Non Content VO-FM-Ex-Purchase-Gen AI-With-Narration,Ruthless,RL-Final PGC-Hasim-LP-1,,Gen AI,120241491335310434,e5d14b0dcbb31559c7e5f2f93046bad5f05faf0e,3-Apr-2026,8-Apr-2026,inactive,100,$2.44,210,29.00%,7.29%,4.96%,3.90%,3.74%,88.165077,14.18%,0.30,78,267,82.88%,57.38%,38.25%,16.58%,20.00%,5.10%,0.55%,8.93%,8.93%,0.00%,15.30%,5.10%,2.55%,8.93%,0.00969117493,12.75%,1.28%,0.00%,15.30%,5.10%,5.10%,1.28%,8.93%,0.00969117493,12.75%,1.28%,0.00%,94.0949,83.96%,49.95%,28.69%,15.94%,7.44%,0.97%,4.25%,3.19%,20.19%,8.50%,3.19%,10.63%,0.01384225845,2.13%,0.00%,20.19%,8.50%,5.31%,2.13%,10.63%,0.01384225845,2.13%,0.00%
RE-RUN-NEW-ID-RL-Final PGC-Hasim-LP-1------Non Content VO-FM-Ex-Purchase-Gen AI-WithoutNarration,Ruthless,RL-Final PGC-Hasim-LP-1,,Gen AI,120241522966780434,e5d14b0dcbb31559c7e5f2f93046bad5f05faf0e,3-Apr-2026,8-Apr-2026,inactive,51,$3.61,310,41.18%,5.24%,3.70%,2.96%,2.83%,91.211748,11.11%,0.26,41,388,85.75%,61.25%,56.35%,36.75%,42.86%,12.25%,0.80%,14.70%,26.95%,0.00%,34.30%,7.35%,7.35%,19.60%,0.08248112239,19.60%,7.35%,2.45%,34.30%,7.35%,7.35%,7.35%,19.60%,0.1453936216,19.60%,7.35%,2.45%,48.9091,81.78%,61.34%,49.07%,32.71%,10.22%,0.80%,0.00%,0.00%,36.80%,10.22%,8.18%,18.40%,0.09064062465,8.18%,2.04%,36.80%,10.22%,8.18%,8.18%,18.40%,0.1535531239,8.18%,2.04%
RE-RUN-NEW-ID-RL-Final PGC-Hasim-LP-1------Non Content VO-FM-Ex-Purchase-Gen AI-WithNarration,Ruthless,RL-Final PGC-Hasim-LP-1,,Gen AI,120241523228860434,e5d14b0dcbb31559c7e5f2f93046bad5f05faf0e,3-Apr-2026,8-Apr-2026,inactive,54,$3.38,290,35.19%,6.03%,4.01%,3.24%,3.05%,92.437317,12.24%,0.26,36,432,85.43%,55.12%,49.61%,22.05%,25.81%,2.76%,0.19%,2.76%,13.78%,2.76%,24.80%,2.76%,2.76%,5.51%,0.004273508555,5.51%,0.00%,0.00%,24.80%,2.76%,2.76%,2.76%,5.51%,0.004273508555,5.51%,2.76%,0.00%,46.0476,84.69%,49.95%,32.57%,17.37%,2.17%,0.19%,2.17%,0.00%,23.89%,4.34%,2.17%,4.34%,0.004273508555,0.00%,0.00%,23.89%,4.34%,4.34%,2.17%,4.34%,0.004273508555,2.17%,0.00%
RE-RUN-NEW-ID-RL-Final PGC-Hasim-LP-1--V1----Non Content VO-FM-Ex-Purchase-Gen AI-Without-Narration,Ruthless,RL-Final PGC-Hasim-LP-1,,Gen AI,120241523577470434,e5d14b0dcbb31559c7e5f2f93046bad5f05faf0e,3-Apr-2026,8-Apr-2026,inactive,95,$2.58,222,34.74%,7.49%,5.35%,4.21%,4.18%,90.772555,9.67%,0.42,74,287,80.21%,54.38%,40.79%,13.60%,16.95%,12.24%,1.75%,14.95%,9.52%,2.72%,21.75%,8.16%,8.16%,13.60%,0.02255653803,16.31%,1.36%,0.00%,21.75%,9.52%,9.52%,2.72%,13.60%,0.02255653803,16.31%,4.08%,1.36%,94.0224,80.83%,44.67%,24.46%,15.95%,9.57%,1.75%,8.51%,3.19%,23.40%,9.57%,8.51%,11.70%,0.02483091058,3.19%,0.00%,23.40%,10.64%,10.64%,5.32%,12.76%,0.02620625566,6.38%,1.06%
TIM-Final PGC-Akshay-LP-1--Hasim-V1---Non Content VO-FM-Ex-Purchase,The Immortal,TIM-Final PGC-Akshay-LP-1,,Sketch,120241523889230434,45a153154deea62e88770e7f1c4fc6ba502f250a,3-Apr-2026,8-Apr-2026,inactive,8,$6.58,566,12.50%,4.26%,2.64%,2.58%,3.23%,112.952702,4.88%,0.41,5,905,60.00%,0.00%,0.00%,0.00%,0.00%,0.00%,0.00%,0.00%,0.00%,0.00%,20.00%,0.00%,0.00%,20.00%,0.006409370568,0.00%,0.00%,0.00%,20.00%,0.00%,0.00%,0.00%,20.00%,0.006409370568,0.00%,0.00%,0.00%,6,66.67%,0.00%,0.00%,0.00%,0.00%,0.00%,0.00%,0.00%,16.67%,0.00%,0.00%,16.67%,0.006409370568,0.00%,0.00%,16.67%,0.00%,0.00%,0.00%,16.67%,0.006409370568,0.00%,0.00%
RL-Final PGC-Hasim-LP-1--V1----Non Content VO-FM-Ex-Purchase-Gen AI-With-Narration-OG-ID,Ruthless,RL-Final PGC-Hasim-LP-1,,Gen AI,120241624322450434,4a74a5deb5acfdd749e525dacc4ddc7f90ccb8f0,6-Apr-2026,11-Apr-2026,inactive,25,$2.04,175,32.00%,6.15%,4.22%,3.37%,3.18%,47.519984,14.53%,0.19,19,233,85.11%,69.15%,53.19%,42.55%,50.00%,5.32%,0.66%,5.32%,31.91%,0.00%,42.55%,5.32%,5.32%,5.32%,0.006607555644,5.32%,0.00%,0.00%,42.55%,5.32%,5.32%,0.00%,5.32%,0.006607555644,5.32%,5.32%,0.00%,24,83.33%,62.50%,50.00%,37.50%,4.17%,0.66%,0.00%,0.00%,41.67%,8.33%,8.33%,8.33%,0.08136690479,4.17%,0.00%,41.67%,8.33%,8.33%,4.17%,8.33%,0.1265340557,8.33%,4.17%
RL-Final PGC-Hasim-LP-1------Non Content VO-FM-Ex-Purchase-Gen AI-WithoutNarration-OG-ID,Ruthless,RL-Final PGC-Hasim-LP-1,,Gen AI,120241625147770434,4a74a5deb5acfdd749e525dacc4ddc7f90ccb8f0,6-Apr-2026,11-Apr-2026,inactive,13,$4.17,358,46.15%,5.31%,3.81%,3.05%,2.93%,101.34215,12.75%,0.22,9,518,88.89%,55.56%,44.44%,44.44%,50.00%,11.11%,0.19%,0.00%,22.22%,0.00%,33.33%,0.00%,0.00%,11.11%,0.001928526356,0.00%,0.00%,0.00%,33.33%,0.00%,0.00%,0.00%,11.11%,0.001928526356,0.00%,0.00%,0.00%,11,90.91%,54.55%,54.55%,45.45%,9.09%,0.19%,9.09%,0.00%,45.45%,18.18%,18.18%,18.18%,0.02257709286,9.09%,0.00%,45.45%,18.18%,18.18%,9.09%,18.18%,0.0711007266,9.09%,9.09%
RL-Final PGC-Hasim-LP-1------Non Content VO-FM-Ex-Purchase-Gen AI-WithNarration-OG-ID,Ruthless,RL-Final PGC-Hasim-LP-1,,Gen AI,120241625991810434,4a74a5deb5acfdd749e525dacc4ddc7f90ccb8f0,6-Apr-2026,11-Apr-2026,inactive,41,$3.39,292,41.46%,5.49%,3.47%,2.78%,2.63%,93.861554,13.90%,0.23,30,399,96.67%,86.67%,60.00%,16.67%,17.24%,13.33%,0.97%,16.67%,13.33%,3.33%,20.00%,3.33%,3.33%,13.33%,0.009688635311,16.67%,0.00%,0.00%,20.00%,6.67%,6.67%,0.00%,13.33%,0.009688635311,16.67%,3.33%,0.00%,36,97.22%,72.22%,41.67%,25.00%,13.89%,1.38%,5.56%,0.00%,33.33%,2.78%,2.78%,13.89%,0.01379473801,0.00%,0.00%,33.33%,5.56%,5.56%,0.00%,13.89%,0.01379473801,2.78%,0.00%
RL-Final PGC-Hasim-LP-1--V1----Non Content VO-FM-Ex-Purchase-Gen AI-Without-Narration-OG-ID,Ruthless,RL-Final PGC-Hasim-LP-1,,Gen AI,120241627485740434,4a74a5deb5acfdd749e525dacc4ddc7f90ccb8f0,6-Apr-2026,11-Apr-2026,inactive,44,$2.82,242,27.27%,6.13%,4.29%,3.40%,3.21%,81.770239,11.67%,0.29,34,314,76.67%,58.97%,53.08%,23.59%,30.77%,14.74%,1.52%,26.54%,14.74%,0.00%,20.64%,5.90%,2.95%,17.69%,0.02731486573,26.54%,0.00%,0.00%,20.64%,5.90%,2.95%,2.95%,17.69%,0.02731486573,26.54%,2.95%,0.00%,39.3659,76.21%,50.81%,27.94%,17.78%,12.70%,1.52%,2.54%,0.00%,17.78%,5.08%,2.54%,15.24%,0.02731486573,0.00%,0.00%,17.78%,5.08%,2.54%,2.54%,15.24%,0.02731486573,2.54%,0.00%
RL-Atishay-LP-1- Butter-Chicken-Modified-OG-ID,Ruthless,RL-Atishay-LP-1,,Sketch,120241630758220434,4a74a5deb5acfdd749e525dacc4ddc7f90ccb8f0,6-Apr-2026,11-Apr-2026,inactive,180,$0.78,67,25.00%,23.45%,18.00%,17.53%,17.85%,102.997833,22.87%,0.67,149,82,78.70%,43.05%,32.29%,18.16%,23.08%,6.73%,2.32%,12.11%,13.45%,0.67%,20.18%,2.69%,2.69%,8.74%,0.03036737936,14.13%,0.67%,0.00%,20.18%,3.36%,2.69%,1.35%,8.74%,0.03036737936,14.13%,1.35%,0.00%,177.1183,79.61%,36.70%,23.71%,15.81%,5.65%,2.32%,2.26%,1.13%,20.89%,5.65%,3.95%,7.34%,0.03036737936,1.13%,0.00%,20.89%,6.21%,5.65%,2.26%,7.34%,0.03036737936,2.26%,0.00%
RL-Atishay-LP-1- Butter-Chicken-Modified-NEW-ID,Ruthless,RL-Atishay-LP-1,,Sketch,120241631169490434,e5d14b0dcbb31559c7e5f2f93046bad5f05faf0e,6-Apr-2026,11-Apr-2026,inactive,174,$0.82,71,20.11%,21.69%,16.44%,15.67%,15.67%,102.266161,24.79%,0.58,129,95,77.43%,44.13%,28.65%,12.39%,16.00%,2.32%,0.99%,7.74%,7.74%,1.55%,12.39%,3.87%,3.87%,3.87%,0.02046763207,9.29%,2.32%,0.00%,12.39%,4.65%,4.65%,3.87%,5.42%,0.03327161215,10.07%,3.87%,0.00%,161.5675,77.37%,37.14%,22.28%,11.14%,3.71%,3.68%,2.48%,0.00%,15.47%,3.71%,3.71%,4.95%,0.0635107027,2.48%,0.00%,15.47%,5.57%,5.57%,3.71%,6.81%,0.07866424486,3.71%,0.00%
ESSP-Final PGC-Pranjali-LP-1------Non Content VO-FM-Ex-Purchase,Ek Stranger Se Pyar,ESSP-Final PGC-Pranjali-LP-1,,Sketch,120241761557150434,18bf3d2008b65626889df28b873222a3a2267a11,9-Apr-2026,14-Apr-2026,inactive,3,$11.58,996,33.33%,7.36%,5.80%,5.48%,4.28%,111.070964,3.16%,0.35,2,1494,100.00%,50.00%,50.00%,50.00%,50.00%,0.00%,0.00%,0.00%,50.00%,0.00%,50.00%,50.00%,0.00%,0.00%,0,0.00%,0.00%,0.00%,50.00%,50.00%,50.00%,0.00%,0.00%,0,0.00%,0.00%,0.00%,2,100.00%,50.00%,50.00%,50.00%,0.00%,0.00%,0.00%,0.00%,50.00%,50.00%,0.00%,0.00%,0,0.00%,0.00%,50.00%,50.00%,50.00%,0.00%,0.00%,0,0.00%,0.00%
HSF-Final PGC-Akshay-LP-3------Non Content VO-FM-Ex-Purchase,His Secret Fortune,HSF-Final PGC-Akshay-LP-3,,Sketch,120241780008320434,6515322bae57dd2a3bb88524c9697821cca249ea,9-Apr-2026,14-Apr-2026,inactive,19,$3.82,328,21.05%,4.44%,3.54%,3.90%,3.54%,120.692492,9.45%,0.39,16,402,77.42%,45.16%,38.71%,25.81%,33.33%,6.45%,0.14%,12.90%,25.81%,0.00%,32.26%,6.45%,6.45%,6.45%,0.001447548874,12.90%,0.00%,0.00%,32.26%,12.90%,12.90%,0.00%,6.45%,0.001447548874,12.90%,0.00%,0.00%,20,75.00%,40.00%,30.00%,20.00%,5.00%,0.14%,0.00%,0.00%,25.00%,5.00%,5.00%,5.00%,0.001447548874,0.00%,0.00%,25.00%,10.00%,10.00%,0.00%,5.00%,0.001447548874,0.00%,0.00%
ESSP-Final PGC-Pranjali-LP-1-V1-----Non Content VO-FM-Ex-Test,Ek Stranger Se Pyar,ESSP-Final PGC-Pranjali-LP-1,,Sketch,120241780209180434,18bf3d2008b65626889df28b873222a3a2267a11,9-Apr-2026,14-Apr-2026,inactive,5,$0.72,62,0.00%,19.56%,15.00%,12.72%,12.09%,30.792987,4.20%,1.19,5,62,0.00%,,,,,0.00%,0.00%,0.00%,,,0.00%,0.00%,0.00%,0.00%,0,0.00%,0.00%,0.00%,0.00%,0.00%,0.00%,0.00%,0.00%,0,0.00%,0.00%,0.00%,5,0.00%,0.00%,0.00%,0.00%,0.00%,0.00%,0.00%,0.00%,0.00%,0.00%,0.00%,0.00%,0,0.00%,0.00%,0.00%,0.00%,0.00%,0.00%,0.00%,0,0.00%,0.00%
ESSP-Final PGC-Pranjali-LP-1-V1-----Non Content VO-FM-Ex-Purchase,Ek Stranger Se Pyar,ESSP-Final PGC-Pranjali-LP-1,,Sketch,120241782448650434,18bf3d2008b65626889df28b873222a3a2267a11,9-Apr-2026,14-Apr-2026,inactive,19,$3.28,282,10.53%,7.49%,6.16%,5.45%,5.43%,130.426887,11.24%,0.41,6,894,83.33%,16.67%,16.67%,0.00%,0.00%,0.00%,0.00%,0.00%,0.00%,0.00%,0.00%,0.00%,0.00%,0.00%,0,0.00%,0.00%,0.00%,0.00%,0.00%,0.00%,0.00%,0.00%,0,0.00%,0.00%,0.00%,13,84.62%,15.38%,15.38%,0.00%,7.69%,0.54%,0.00%,0.00%,7.69%,7.69%,0.00%,7.69%,0.005409410312,0.00%,0.00%,7.69%,7.69%,7.69%,0.00%,7.69%,0.005409410312,0.00%,0.00%
BH-Final PGC-Prakash-LP-1-V1----Non Content VO-FM-Ex-Purchase-GenAI-7-DAY-CLICK,Beggar Husband,BH-Final PGC-Prakash-LP-1,,Gen AI,120241786286170434,425ac5972370e4acbca481e52e618f61cb60aa2e,9-Apr-2026,14-Apr-2026,inactive,429,$0.34,29,12.82%,5.90%,5.73%,5.65%,6.75%,41.617645,25.19%,0.57,373,34,81.85%,45.89%,24.69%,6.44%,7.87%,7.78%,7.67%,10.47%,5.10%,0.54%,6.98%,2.42%,1.61%,8.05%,0.09694068973,10.47%,0.00%,0.00%,7.25%,2.95%,2.42%,1.07%,8.05%,0.09694068973,10.47%,1.07%,0.27%,412.8012,81.40%,34.16%,9.69%,6.06%,7.27%,7.90%,1.45%,0.48%,8.24%,2.66%,1.94%,7.51%,0.0992234001,0.00%,0.00%,8.48%,3.39%,2.91%,0.97%,7.51%,0.0992234001,1.21%,0.24%
HSF-Final PGC-Akshay-LP-5------Non Content VO-FM-Ex-Purchase,His Secret Fortune,HSF-Final PGC-Akshay-LP-5,,Sketch,120241805688120434,6515322bae57dd2a3bb88524c9697821cca249ea,10-Apr-2026,15-Apr-2026,inactive,99,$1.75,151,34.34%,13.50%,10.79%,10.70%,8.92%,123.737773,15.35%,0.54,69,217,85.90%,72.80%,66.98%,36.40%,42.37%,10.19%,1.79%,11.65%,32.03%,0.00%,45.14%,17.47%,10.19%,16.02%,0.06481109523,16.02%,4.37%,0.00%,45.14%,27.66%,23.30%,10.19%,16.02%,0.1426598889,17.47%,11.65%,4.37%,84.7886,87.28%,69.59%,49.54%,31.84%,8.26%,1.79%,7.08%,0.00%,43.64%,16.51%,10.61%,14.15%,0.06675744003,4.72%,0.00%,44.82%,28.31%,24.77%,11.79%,14.15%,0.1446062337,12.97%,4.72%
ESSP-Final PGC-Pranjali-LP-3------Non Content VO-FM-Ex-Purchase,Ek Stranger Se Pyar,ESSP-Final PGC-Pranjali-LP-3,,Sketch,120241819835700434,18bf3d2008b65626889df28b873222a3a2267a11,10-Apr-2026,15-Apr-2026,inactive,7,$4.85,417,14.29%,12.83%,10.87%,7.77%,8.14%,111.383576,8.05%,0.33,3,972,33.33%,33.33%,33.33%,33.33%,100.00%,0.00%,0.00%,0.00%,0.00%,0.00%,33.33%,0.00%,0.00%,0.00%,0,0.00%,0.00%,0.00%,33.33%,0.00%,0.00%,0.00%,0.00%,0,0.00%,0.00%,0.00%,6,50.00%,50.00%,33.33%,16.67%,0.00%,0.00%,0.00%,0.00%,16.67%,0.00%,0.00%,0.00%,0,0.00%,0.00%,16.67%,0.00%,0.00%,0.00%,0.00%,0,0.00%,0.00%
ESSP-Final PGC-Pranjali-LP-3------Non Content VO-FM-Ex-Purchase-7-DAY-CLICK,Ek Stranger Se Pyar,ESSP-Final PGC-Pranjali-LP-3,,Sketch,120241819984070434,18bf3d2008b65626889df28b873222a3a2267a11,10-Apr-2026,15-Apr-2026,inactive,8,$4.43,381,37.50%,14.82%,13.00%,9.47%,10.09%,85.981335,4.94%,0.46,4,762,75.00%,75.00%,75.00%,75.00%,100.00%,0.00%,0.00%,0.00%,50.00%,25.00%,75.00%,25.00%,25.00%,0.00%,0,0.00%,0.00%,0.00%,75.00%,25.00%,25.00%,25.00%,0.00%,0,0.00%,25.00%,0.00%,4,75.00%,75.00%,75.00%,75.00%,0.00%,0.00%,25.00%,0.00%,75.00%,25.00%,25.00%,0.00%,0,0.00%,0.00%,75.00%,25.00%,25.00%,25.00%,0.00%,0,25.00%,0.00%
ESSP-Final PGC-Akshay-LP-2------Non Content VO-FM-Ex-Purchase,Ek Stranger Se Pyar,ESSP-Final PGC-Akshay-LP-2,,Sketch,120241820511290434,18bf3d2008b65626889df28b873222a3a2267a11,10-Apr-2026,15-Apr-2026,inactive,40,$2.56,221,17.50%,8.44%,7.06%,6.28%,6.92%,126.232276,11.94%,0.48,25,358,64.95%,32.48%,24.36%,4.06%,6.25%,0.00%,0.00%,0.00%,4.06%,0.00%,12.18%,0.00%,0.00%,0.00%,0,0.00%,0.00%,0.00%,12.18%,4.06%,4.06%,0.00%,0.00%,0,0.00%,0.00%,0.00%,31.8333,69.11%,34.55%,12.57%,6.28%,3.14%,0.33%,3.14%,3.14%,12.57%,3.14%,3.14%,3.14%,0.003292338439,3.14%,0.00%,12.57%,6.28%,6.28%,3.14%,3.14%,0.003292338439,3.14%,3.14%
BHW-Final PGC-Akshay-LP-1------Non Content VO-FM-Ex-Purchase,Billionaire Hidden Wife,BHW-Final PGC-Akshay-LP-1,,Sketch,120241821201590434,99ef89ab3b48fa9fe5277ea15e46801ace8fd573,10-Apr-2026,15-Apr-2026,inactive,22,$2.99,257,4.55%,6.36%,5.68%,5.41%,5.10%,110.814837,10.33%,0.42,14,404,35.71%,21.43%,14.29%,7.14%,20.00%,0.00%,0.00%,0.00%,7.14%,7.14%,14.29%,14.29%,14.29%,0.00%,0,0.00%,7.14%,0.00%,14.29%,14.29%,14.29%,7.14%,0.00%,0,0.00%,7.14%,7.14%,16,43.75%,18.75%,18.75%,12.50%,6.25%,3.52%,12.50%,12.50%,18.75%,18.75%,18.75%,6.25%,0.04026220063,12.50%,0.00%,18.75%,18.75%,18.75%,12.50%,6.25%,0.04026220063,12.50%,6.25%
BHW-Final PGC-Akshay-LP-1------Non Content VO-FM-Ex-Purchase-7-DAY-CLICK,Billionaire Hidden Wife,BHW-Final PGC-Akshay-LP-1,,Sketch,120241821325000434,99ef89ab3b48fa9fe5277ea15e46801ace8fd573,10-Apr-2026,15-Apr-2026,inactive,30,$2.22,191,50.00%,6.53%,5.61%,5.50%,5.75%,93.108497,10.34%,0.47,22,262,64.12%,36.64%,32.06%,18.32%,28.57%,4.58%,0.51%,4.58%,13.74%,0.00%,32.06%,0.00%,0.00%,9.16%,0.01013912081,9.16%,0.00%,0.00%,32.06%,4.58%,4.58%,0.00%,9.16%,0.01013912081,9.16%,0.00%,0.00%,25.3333,63.16%,39.47%,27.63%,11.84%,3.95%,0.51%,0.00%,0.00%,27.63%,0.00%,0.00%,7.89%,0.01013912081,0.00%,0.00%,27.63%,3.95%,3.95%,0.00%,7.89%,0.01013912081,0.00%,0.00%
BHW-Final PGC-Prakash-LP-1------Non Content VO-FM-Ex-Purchase,Billionaire Hidden Wife,BHW-Final PGC-Prakash-LP-1,,Sketch,120241821768690434,99ef89ab3b48fa9fe5277ea15e46801ace8fd573,10-Apr-2026,15-Apr-2026,inactive,27,$2.51,216,14.81%,15.77%,14.32%,13.78%,12.76%,165.057835,14.06%,0.54,23,254,56.52%,26.09%,13.04%,4.35%,7.69%,0.00%,0.00%,0.00%,0.00%,0.00%,0.00%,0.00%,0.00%,4.35%,0.00497665282,4.35%,0.00%,0.00%,8.70%,0.00%,0.00%,0.00%,4.35%,0.00497665282,4.35%,0.00%,0.00%,24,58.33%,12.50%,4.17%,0.00%,0.00%,0.00%,0.00%,0.00%,0.00%,0.00%,0.00%,4.17%,0.00497665282,0.00%,0.00%,8.33%,0.00%,0.00%,0.00%,4.17%,0.00497665282,0.00%,0.00%
ESSP-Final PGC-Akshay-LP-1------Non Content VO--Purchase,Ek Stranger Se Pyar,ESSP-Final PGC-Akshay-LP-1,,Sketch,120241822448510434,18bf3d2008b65626889df28b873222a3a2267a11,10-Apr-2026,15-Apr-2026,inactive,46,$2.11,181,13.04%,4.45%,3.65%,3.05%,3.06%,37.9022,11.68%,0.18,37,223,77.50%,56.12%,32.07%,13.36%,17.24%,5.34%,1.04%,2.67%,8.02%,0.00%,10.69%,2.67%,2.67%,8.02%,0.02687428293,5.34%,2.67%,0.00%,10.69%,2.67%,2.67%,2.67%,8.02%,0.03635735145,5.34%,2.67%,0.00%,46.8691,74.68%,36.27%,19.20%,10.67%,4.27%,1.04%,2.13%,0.00%,12.80%,2.13%,2.13%,6.40%,0.02687428293,2.13%,0.00%,12.80%,2.13%,2.13%,2.13%,6.40%,0.03635735145,2.13%,0.00%
ESSP-Final PGC-Pranjali-LP-2------Non Content VO-FM-Ex-Purchase,Ek Stranger Se Pyar,ESSP-Final PGC-Pranjali-LP-2,,Sketch,120241824494700434,18bf3d2008b65626889df28b873222a3a2267a11,10-Apr-2026,15-Apr-2026,inactive,6,$5.29,455,16.67%,5.66%,4.75%,4.20%,4.01%,82.191224,5.61%,0.32,1,2731,100.00%,0.00%,0.00%,0.00%,0.00%,0.00%,0.00%,0.00%,0.00%,0.00%,0.00%,0.00%,0.00%,0.00%,0,0.00%,0.00%,0.00%,0.00%,0.00%,0.00%,0.00%,0.00%,0,0.00%,0.00%,0.00%,3,100.00%,33.33%,33.33%,33.33%,0.00%,0.00%,0.00%,0.00%,33.33%,0.00%,0.00%,0.00%,0,0.00%,0.00%,33.33%,0.00%,0.00%,0.00%,0.00%,0,0.00%,0.00%
ESSP-Final PGC-Pranjali-LP-2------Non Content VO-FM-Ex-Purchase-7-DAY-CLICK,Ek Stranger Se Pyar,ESSP-Final PGC-Pranjali-LP-2,,Sketch,120241824874010434,18bf3d2008b65626889df28b873222a3a2267a11,10-Apr-2026,15-Apr-2026,inactive,6,$5.46,470,33.33%,5.55%,4.80%,3.91%,3.90%,83.715865,3.92%,0.45,5,0,40.00%,20.00%,20.00%,20.00%,50.00%,0.00%,,0.00%,20.00%,0.00%,20.00%,0.00%,0.00%,0.00%,,0.00%,0.00%,0.00%,20.00%,0.00%,0.00%,0.00%,0.00%,,0.00%,0.00%,0.00%,5,40.00%,20.00%,20.00%,20.00%,0.00%,,0.00%,0.00%,20.00%,0.00%,0.00%,0.00%,,0.00%,0.00%,20.00%,0.00%,0.00%,0.00%,0.00%,,0.00%,0.00%
EHK-Final PGC-Prakash-LP-2--Hasim-V3---Non Content VO-FM-Ex-Purchase,Super Rich Gharjamai (FS),EHK-Final PGC-Prakash-LP-2,,Sketch,120241827932970434,f8fbcb9a13d17d5888164fffc1bbb7cd5c6608b2,10-Apr-2026,15-Apr-2026,inactive,38,$2.52,216,23.68%,13.83%,12.15%,14.69%,15.66%,116.24484,14.45%,0.37,27,309,63.89%,30.07%,22.55%,18.79%,29.41%,3.76%,0.35%,3.76%,18.79%,0.00%,18.79%,0.00%,0.00%,7.52%,0.007071212663,7.52%,0.00%,0.00%,18.79%,0.00%,0.00%,0.00%,7.52%,0.007071212663,7.52%,0.00%,0.00%,31.4168,66.84%,35.01%,25.46%,22.28%,3.18%,0.35%,6.37%,0.00%,25.46%,3.18%,3.18%,9.55%,0.02280040449,3.18%,0.00%,25.46%,3.18%,3.18%,3.18%,9.55%,0.02280040449,3.18%,3.18%
EHK-Final PGC-Prakash-LP-2--Hasim-V2---Non Content VO-FM-Ex-Purchase,Super Rich Gharjamai (FS),EHK-Final PGC-Prakash-LP-2,,Sketch,120241852422190434,f8fbcb9a13d17d5888164fffc1bbb7cd5c6608b2,11-Apr-2026,16-Apr-2026,inactive,52,$2.07,178,32.69%,9.87%,9.09%,9.48%,9.57%,141.119128,22.03%,0.36,31,297,70.41%,41.61%,32.01%,32.01%,45.45%,9.60%,0.94%,9.60%,25.60%,3.20%,32.01%,9.60%,6.40%,12.80%,0.01250553857,12.80%,0.00%,0.00%,32.01%,12.80%,9.60%,3.20%,12.80%,0.01250553857,12.80%,3.20%,0.00%,44.9999,68.89%,42.22%,37.78%,31.11%,15.56%,5.97%,8.89%,4.44%,35.56%,13.33%,8.89%,20.00%,0.06597054581,4.44%,0.00%,35.56%,15.56%,11.11%,6.67%,20.00%,0.09588385856,6.67%,0.00%
EHK-Final PGC-Prakash-LP-2--Hasim-V2---Non Content VO-FM-Ex-Purchase-7-DAY-CLICK,Super Rich Gharjamai (FS),EHK-Final PGC-Prakash-LP-2,,Sketch,120241852909400434,f8fbcb9a13d17d5888164fffc1bbb7cd5c6608b2,11-Apr-2026,16-Apr-2026,inactive,99,$1.98,170,38.38%,9.97%,9.66%,9.84%,10.16%,133.827326,14.37%,0.55,64,264,76.87%,50.20%,40.79%,31.38%,40.82%,10.98%,4.20%,15.69%,25.10%,3.14%,34.51%,6.28%,3.14%,12.55%,0.04972773923,15.69%,1.57%,0.00%,34.51%,9.41%,7.84%,1.57%,14.12%,0.05146639762,17.26%,1.57%,1.57%,85.6895,74.69%,50.18%,38.51%,28.01%,9.34%,4.97%,11.67%,0.00%,37.34%,8.17%,4.67%,11.67%,0.05915157854,1.17%,0.00%,37.34%,12.84%,9.34%,3.50%,12.84%,0.06089023692,3.50%,1.17%
TDG-Final PGC-Shailendra-LP-1-V2-----Non Content VO-FM-Ex-Purchase-Gen AI,Lord of Dimension,TDG-Final PGC-Shailendra-LP-1,,Gen AI,120241853983150434,684bf86c1cc5ac02813d77684969e9f57d017c59,11-Apr-2026,16-Apr-2026,inactive,19,$3.80,327,31.58%,3.18%,3.06%,2.96%,2.80%,91.456351,7.31%,0.38,6,1035,100.00%,16.67%,16.67%,0.00%,0.00%,16.67%,0.47%,50.00%,0.00%,0.00%,0.00%,0.00%,0.00%,16.67%,0.004683014812,50.00%,0.00%,0.00%,0.00%,0.00%,0.00%,0.00%,16.67%,0.004683014812,50.00%,0.00%,0.00%,11,100.00%,27.27%,18.18%,18.18%,9.09%,0.47%,9.09%,9.09%,18.18%,9.09%,9.09%,9.09%,0.004683014812,9.09%,0.00%,18.18%,9.09%,9.09%,0.00%,9.09%,0.004683014812,9.09%,0.00%
TDG-Final PGC-Shailendra-LP-1-V2-----Non Content VO-FM-Ex-Purchase-Gen AI-7-DAY-CLICK,Lord of Dimension,TDG-Final PGC-Shailendra-LP-1,,Gen AI,120241856824000434,684bf86c1cc5ac02813d77684969e9f57d017c59,11-Apr-2026,16-Apr-2026,inactive,15,$4.83,415,26.67%,3.99%,3.69%,3.67%,3.52%,83.477498,3.83%,0.52,11,589,56.76%,9.46%,0.00%,0.00%,0.00%,0.00%,0.00%,0.00%,0.00%,0.00%,0.00%,0.00%,0.00%,0.00%,0,0.00%,0.00%,0.00%,0.00%,0.00%,0.00%,0.00%,0.00%,0,0.00%,0.00%,0.00%,13.7143,51.04%,0.00%,0.00%,0.00%,0.00%,0.00%,0.00%,0.00%,0.00%,0.00%,0.00%,0.00%,0,0.00%,0.00%,0.00%,0.00%,0.00%,0.00%,0.00%,0,0.00%,0.00%
ESSP-Final PGC-Prakash-LP-1------Non Content VO-FM-Ex-Purchase,Ek Stranger Se Pyar,ESSP-Final PGC-Prakash-LP-1,,Sketch,120241761724380434,18bf3d2008b65626889df28b873222a3a2267a11,9-Apr-2026,17-Apr-2026,inactive,172,$1.86,160,22.67%,13.83%,11.59%,11.02%,8.52%,111.026995,15.14%,0.46,120,229,73.28%,43.30%,31.64%,18.32%,25.00%,4.16%,0.65%,5.83%,13.32%,0.00%,21.65%,3.33%,3.33%,6.66%,0.01323944176,7.49%,1.67%,0.00%,22.48%,5.83%,5.00%,2.50%,6.66%,0.01323944176,7.49%,3.33%,0.83%,154.1481,75.90%,38.28%,24.65%,17.52%,4.54%,0.90%,6.49%,1.30%,25.30%,4.54%,3.89%,7.14%,0.02038444592,2.59%,0.00%,26.60%,8.43%,6.49%,4.54%,7.78%,0.02680807458,5.19%,0.65%
STDL-Final PGC-Hasim-LP-2-V1-----Non Content VO-FM-Ex-Purchase-PPV Show-1Hr-LP-Gen-AI-PS1-7-DAY-CLICK,Saaya - The Dark Love,STDL-Final PGC-Hasim-LP-2,,Gen AI,120241806293640434,37e68193f879e91ec362f75f4b46511110658e2b,10-Apr-2026,20-Apr-2026,inactive,477,$0.51,44,9.22%,7.62%,6.09%,5.36%,5.81%,55.120807,27.94%,0.45,444,47,76.87%,34.94%,19.84%,6.54%,8.50%,2.25%,1.67%,3.16%,3.38%,0.00%,7.89%,0.68%,0.45%,2.70%,0.02423174955,3.38%,0.00%,0.00%,7.89%,1.13%,0.90%,0.23%,2.70%,0.02423174955,3.38%,0.45%,0.00%,460.5006,76.66%,26.06%,10.64%,5.21%,2.17%,1.67%,0.65%,0.00%,8.03%,0.65%,0.43%,2.61%,0.02423174955,0.00%,0.00%,8.03%,1.09%,0.87%,0.22%,2.61%,0.02423174955,0.43%,0.00%
ESSP-Final PGC-Akshay-LP-2------Non Content VO-FM-Ex-Purchase-7-DAY-CLICK,Ek Stranger Se Pyar,ESSP-Final PGC-Akshay-LP-2,,Sketch,120241820912060434,18bf3d2008b65626889df28b873222a3a2267a11,10-Apr-2026,20-Apr-2026,inactive,178,$1.32,113,28.65%,8.90%,7.57%,6.90%,7.66%,86.516968,11.00%,0.69,110,184,75.55%,46.42%,31.86%,14.56%,19.28%,2.73%,0.43%,1.82%,10.01%,0.00%,18.20%,3.64%,3.64%,3.64%,0.01648856587,2.73%,2.73%,0.00%,20.94%,8.19%,7.28%,3.64%,3.64%,0.01648856587,2.73%,4.55%,2.73%,139.5718,75.23%,39.41%,24.36%,14.33%,3.58%,0.72%,2.87%,0.00%,24.36%,6.45%,4.30%,5.02%,0.03560642079,2.87%,0.00%,26.51%,11.46%,10.03%,5.02%,5.02%,0.03560642079,5.73%,2.15%
HSF-Final PGC-Akshay-LP-5-V1-----Non Content VO-FM-Ex-Purchase-7-DAY-CLICK,His Secret Fortune,HSF-Final PGC-Akshay-LP-5,,Sketch,120241932112260434,6515322bae57dd2a3bb88524c9697821cca249ea,13-Apr-2026,18-Apr-2026,inactive,78,$1.55,134,37.18%,14.31%,11.01%,10.62%,10.74%,104.363878,9.25%,0.84,57,183,75.47%,57.92%,49.15%,24.57%,32.56%,5.27%,2.95%,3.51%,19.31%,3.51%,31.59%,7.02%,3.51%,5.27%,0.02948198072,3.51%,1.76%,0.00%,35.10%,19.31%,15.80%,7.02%,7.02%,0.03228348447,5.27%,7.02%,0.00%,68.5627,77.30%,53.97%,32.09%,23.34%,4.38%,2.95%,7.29%,2.92%,32.09%,10.21%,7.29%,5.83%,0.0418731785,4.38%,0.00%,35.00%,20.42%,17.50%,8.75%,7.29%,0.04467468225,8.75%,0.00%
EHK-Final PGC-Prakash-LP-2--Hasim-V4---Non Content VO-FM-Ex-Purchase-7-DAY-CLICK,Super Rich Gharjamai (FS),EHK-Final PGC-Prakash-LP-2,,Sketch,120241946187270434,f8fbcb9a13d17d5888164fffc1bbb7cd5c6608b2,13-Apr-2026,18-Apr-2026,inactive,26,$2.92,251,34.62%,8.85%,7.72%,8.21%,8.56%,140.403814,11.30%,0.49,17,391,78.00%,42.00%,18.00%,12.00%,15.38%,6.00%,0.45%,6.00%,6.00%,6.00%,12.00%,6.00%,6.00%,6.00%,0.004458080998,6.00%,0.00%,0.00%,12.00%,6.00%,6.00%,0.00%,6.00%,0.004458080998,6.00%,0.00%,0.00%,24.8333,80.54%,40.27%,28.19%,20.13%,8.05%,3.95%,12.08%,8.05%,24.16%,12.08%,8.05%,8.05%,0.03950633836,4.03%,0.00%,24.16%,12.08%,8.05%,4.03%,8.05%,0.03950633836,4.03%,0.00%
ESSP-Final PGC-Prakash-LP-1--Hasim-V1---Non Content VO-FM-Ex-Purchase-7-DAY-CLICK,Ek Stranger Se Pyar,ESSP-Final PGC-Prakash-LP-1,,Sketch,120241949690270434,18bf3d2008b65626889df28b873222a3a2267a11,13-Apr-2026,18-Apr-2026,inactive,46,$1.59,137,30.43%,11.31%,8.90%,8.64%,6.47%,87.551574,4.40%,1.45,26,246,62.54%,46.91%,35.18%,19.54%,31.25%,0.00%,0.00%,0.00%,11.73%,0.00%,31.27%,3.91%,3.91%,3.91%,0.01242800778,3.91%,3.91%,0.00%,31.27%,15.64%,15.64%,7.82%,7.82%,0.03239613813,7.82%,7.82%,3.91%,33.8749,64.94%,35.42%,17.71%,11.81%,0.00%,0.00%,0.00%,0.00%,23.62%,2.95%,2.95%,2.95%,0.01242800778,2.95%,0.00%,26.57%,11.81%,11.81%,5.90%,5.90%,0.03239613813,5.90%,2.95%
EHK-Final PGC-Prakash-LP-2--Hasim-V2---Non Content VO-FM-Ex-Purchase-7-DAY-CLICK-V-Hybrid,Empire of Hidden King,EHK-Final PGC-Prakash-LP-2,,Sketch,120242035613850434,f779adc8cf6d24487e71ddd3539d46a77e063549,15-Apr-2026,20-Apr-2026,inactive,,$0.00,,,6.06%,4.98%,4.33%,4.11%,85.868545,0.00%,0.54,,,,,,,,,,,,,,,,,,,,,,,,,,,,,,,,,,,,,,,,,,,,,,,,,,,,,
EHK-Final PGC-Prakash-LP-2--Hasim-V2---Non Content VO-FM-Ex-Purchase-7-DAY-CLICK-V-C3B,Empire of Hidden King,EHK-Final PGC-Prakash-LP-2,,Sketch,120242035949970434,7378857d9665b00f94d8114de21fefba080a14d1,15-Apr-2026,20-Apr-2026,inactive,3,$0.95,82,0.00%,9.04%,7.67%,7.67%,7.95%,152.146402,10.71%,1.74,,,,,,,,,,,,,,,,,,,,,,,,,,,,,,2,50.00%,0.00%,0.00%,0.00%,0.00%,0.00%,0.00%,0.00%,0.00%,0.00%,0.00%,0.00%,0,0.00%,0.00%,0.00%,0.00%,0.00%,0.00%,0.00%,0,0.00%,0.00%
EHK-Final PGC-Prakash-LP-2--Hasim-V2---Non Content VO-FM-Ex-Purchase-7-DAY-CLICK-V-OG AI,Empire of Hidden King,EHK-Final PGC-Prakash-LP-2,,Sketch,120242036314460434,15ea0a22d78b81acd4248ef56a7707670c31be77,15-Apr-2026,20-Apr-2026,inactive,1,$1.65,142,0.00%,10.91%,8.48%,10.30%,10.91%,199.957746,16.67%,0.85,1,142,100.00%,0.00%,0.00%,0.00%,0.00%,0.00%,0.00%,0.00%,0.00%,0.00%,0.00%,0.00%,0.00%,0.00%,0,0.00%,0.00%,0.00%,0.00%,0.00%,0.00%,0.00%,0.00%,0,0.00%,0.00%,0.00%,1,100.00%,0.00%,0.00%,0.00%,0.00%,0.00%,0.00%,0.00%,0.00%,0.00%,0.00%,0.00%,0,0.00%,0.00%,0.00%,0.00%,0.00%,0.00%,0.00%,0,0.00%,0.00%
RE-RUN-EHK-Final PGC-Prakash-LP-2--Hasim-V3---Non Content VO-FM-Ex-Purchase-7-DAY-CLICK-V-Hybrid,Empire of Hidden King,RE-RUN-EHK-Final PGC-Prakash-LP-2,,Sketch,120242042336050434,f779adc8cf6d24487e71ddd3539d46a77e063549,15-Apr-2026,20-Apr-2026,inactive,50,$2.20,189,12.00%,12.17%,11.25%,13.18%,14.24%,107.278842,10.96%,0.52,24,400,46.48%,0.00%,0.00%,0.00%,0.00%,0.00%,0.00%,0.00%,0.00%,0.00%,0.00%,0.00%,0.00%,0.00%,0,0.00%,0.00%,0.00%,0.00%,0.00%,0.00%,0.00%,0.00%,0,0.00%,0.00%,0.00%,31.6666,56.84%,6.32%,0.00%,0.00%,3.16%,0.31%,0.00%,0.00%,0.00%,0.00%,0.00%,3.16%,0.003075716643,0.00%,0.00%,0.00%,0.00%,0.00%,0.00%,3.16%,0.003075716643,0.00%,0.00%
RE-RUN-EHK-Final PGC-Prakash-LP-2--Hasim-V3---Non Content VO-FM-Ex-Purchase-7-DAY-CLICK-V-C3B,Empire of Hidden King,RE-RUN-EHK-Final PGC-Prakash-LP-2,,Sketch,120242044130440434,7378857d9665b00f94d8114de21fefba080a14d1,15-Apr-2026,20-Apr-2026,inactive,51,$2.15,185,11.76%,12.16%,10.80%,12.35%,13.46%,94.640165,10.78%,0.48,33,288,64.19%,6.11%,6.11%,3.06%,4.76%,3.06%,0.31%,9.17%,0.00%,0.00%,3.06%,0.00%,0.00%,6.11%,0.006139576564,12.23%,0.00%,0.00%,3.06%,0.00%,0.00%,0.00%,6.11%,0.006139576564,12.23%,0.00%,0.00%,39.7143,67.99%,10.07%,2.52%,0.00%,5.04%,0.61%,0.00%,0.00%,2.52%,0.00%,0.00%,7.55%,0.009215283462,0.00%,0.00%,2.52%,0.00%,0.00%,0.00%,7.55%,0.009215283462,0.00%,0.00%
RE-RUN-EHK-Final PGC-Prakash-LP-2--Hasim-V3---Non Content VO-FM-Ex-Purchase-7-DAY-CLICK-V-OG AI,Empire of Hidden King,RE-RUN-EHK-Final PGC-Prakash-LP-2,,Sketch,120242044328090434,15ea0a22d78b81acd4248ef56a7707670c31be77,15-Apr-2026,20-Apr-2026,inactive,68,$1.61,138,19.12%,12.93%,11.81%,13.78%,14.99%,97.067859,13.18%,0.53,33,283,66.36%,15.08%,9.05%,6.03%,9.09%,3.02%,0.31%,6.03%,6.03%,3.02%,12.06%,6.03%,6.03%,3.02%,0.003095801561,6.03%,3.02%,0.00%,12.06%,6.03%,6.03%,3.02%,3.02%,0.003095801561,6.03%,3.02%,0.00%,46.6667,62.14%,15.00%,12.86%,10.71%,4.29%,0.62%,4.29%,2.14%,17.14%,8.57%,6.43%,6.43%,0.009261705181,4.29%,0.00%,19.29%,10.71%,10.71%,4.29%,6.43%,0.009261705181,6.43%,0.00%
ESSP-Final PGC-Prakash-LP-1------Non Content VO-FM-Ex-Purchase-7-DAY-CLICK,Ek Stranger Se Pyar,ESSP-Final PGC-Prakash-LP-1,,Sketch,120241785991920434,18bf3d2008b65626889df28b873222a3a2267a11,9-Apr-2026,22-Apr-2026,inactive,377,$1.19,102,23.87%,14.39%,11.87%,11.34%,9.12%,97.118978,11.43%,0.83,271,142,68.20%,37.60%,25.07%,11.06%,16.22%,0.74%,0.15%,0.74%,7.37%,0.37%,15.48%,4.06%,2.58%,1.11%,0.002250427329,1.11%,1.11%,0.00%,16.59%,7.00%,6.64%,2.21%,1.47%,0.003003394407,1.47%,3.32%,0.37%,314.2148,68.42%,31.83%,16.87%,9.55%,1.27%,0.40%,1.59%,0.32%,16.87%,6.05%,4.46%,1.91%,0.01010573821,1.59%,0.32%,17.82%,9.23%,8.91%,4.14%,2.55%,0.01301567754,5.41%,0.64%
ESSP-Final PGC-Akshay-LP-1------Non Content VO--Purchase-7-DAY-CLICK,Ek Stranger Se Pyar,ESSP-Final PGC-Akshay-LP-1,,Sketch,120241822698350434,18bf3d2008b65626889df28b873222a3a2267a11,10-Apr-2026,23-Apr-2026,inactive,261,$1.38,119,26.05%,6.14%,5.04%,4.29%,4.40%,51.433531,13.91%,0.31,181,172,77.31%,50.80%,36.45%,17.67%,22.86%,2.21%,0.70%,3.87%,10.49%,1.10%,21.54%,3.31%,3.31%,2.76%,0.01108278245,3.87%,1.10%,0.00%,23.75%,8.84%,7.73%,2.76%,2.76%,0.0186463364,3.87%,2.76%,1.10%,213.8297,77.16%,42.09%,25.25%,14.50%,2.34%,0.79%,3.27%,1.40%,22.92%,4.21%,3.74%,3.27%,0.01294699649,1.40%,0.47%,24.79%,9.35%,8.42%,3.27%,3.74%,0.02465677826,3.27%,1.40%
EHK-Final PGC-Prakash-LP-2--Hasim-V3---Non Content VO-FM-Ex-Purchase-7-DAY-CLICK,Super Rich Gharjamai (FS),EHK-Final PGC-Prakash-LP-2,,Sketch,120241828503820434,f8fbcb9a13d17d5888164fffc1bbb7cd5c6608b2,10-Apr-2026,23-Apr-2026,inactive,244,$1.51,130,33.20%,12.44%,11.29%,13.04%,14.25%,100.855913,14.96%,0.52,168,189,72.09%,46.47%,36.34%,26.81%,37.19%,10.13%,2.09%,11.92%,20.26%,1.19%,25.62%,8.34%,7.15%,11.92%,0.02838375799,13.11%,2.38%,0.00%,26.22%,11.32%,10.13%,6.55%,12.51%,0.04261088537,13.70%,7.15%,2.98%,211.9231,74.08%,41.52%,32.56%,22.18%,10.38%,2.87%,6.61%,0.94%,26.90%,9.91%,8.02%,11.80%,0.03612430224,3.30%,0.00%,27.37%,12.27%,11.32%,7.55%,12.74%,0.0531052093,8.02%,2.83%
EHK-Final PGC-Prakash-LP-2--Hasim-V3---Non Content VO-FM-Ex-Purchase-7-DAY-CLICK-Old VO,Super Rich Gharjamai (FS),EHK-Final PGC-Prakash-LP-2,,Sketch,120242103087530434,f8fbcb9a13d17d5888164fffc1bbb7cd5c6608b2,16-Apr-2026,21-Apr-2026,inactive,45,$1.85,159,37.78%,10.93%,10.12%,12.41%,13.33%,94.81941,16.79%,0.36,30,238,83.33%,56.67%,46.67%,26.67%,32.00%,16.67%,2.67%,20.00%,26.67%,3.33%,33.33%,16.67%,13.33%,23.33%,0.09878453362,23.33%,6.67%,0.00%,33.33%,16.67%,16.67%,16.67%,23.33%,0.272556974,23.33%,16.67%,10.00%,39,84.62%,43.59%,38.46%,23.08%,12.82%,2.67%,7.69%,2.56%,33.33%,12.82%,10.26%,17.95%,0.09878453362,5.13%,0.00%,33.33%,12.82%,12.82%,12.82%,17.95%,0.272556974,12.82%,7.69%
DMK-Final PGC-Akshay-LP-2------Non Content VO-FM-Ex-Purchase-7-DAY-CLICK,Doctor Mafia King,DMK-Final PGC-Akshay-LP-2,,Sketch,120242105497220434,29bfb16932f3fae0c2be34b0505a0439cc836866,16-Apr-2026,21-Apr-2026,inactive,9,$4.01,345,11.11%,14.01%,8.07%,8.69%,7.06%,99.671531,7.89%,0.37,7,443,85.71%,42.86%,28.57%,14.29%,16.67%,0.00%,0.00%,0.00%,14.29%,0.00%,14.29%,0.00%,0.00%,0.00%,0,0.00%,0.00%,0.00%,14.29%,0.00%,0.00%,0.00%,0.00%,0,0.00%,0.00%,0.00%,7,85.71%,28.57%,14.29%,14.29%,0.00%,0.00%,0.00%,0.00%,14.29%,0.00%,0.00%,0.00%,0,0.00%,0.00%,14.29%,0.00%,0.00%,0.00%,0.00%,0,0.00%,0.00%
EDP-Final PGC-Shailendra-LP-1------Non Content VO-FM-Ex-Purchase-7-DAY-CLICK,Ek Daring Policewala,EDP-Final PGC-Shailendra-LP-1,,Sketch,120242106699380434,24c66cf63e496e75c61b6dcbe16260c87e938c5f,16-Apr-2026,21-Apr-2026,inactive,17,$3.76,323,11.76%,10.58%,9.81%,9.37%,9.92%,105.064496,6.59%,0.49,9,589,85.71%,32.14%,10.71%,0.00%,0.00%,0.00%,0.00%,0.00%,0.00%,0.00%,10.71%,10.71%,0.00%,10.71%,0.006236007883,0.00%,0.00%,0.00%,10.71%,10.71%,0.00%,0.00%,10.71%,0.006236007883,0.00%,0.00%,0.00%,12.3333,89.19%,24.32%,0.00%,0.00%,0.00%,0.00%,0.00%,0.00%,8.11%,8.11%,0.00%,8.11%,0.006236007883,0.00%,0.00%,8.11%,8.11%,0.00%,0.00%,8.11%,0.006236007883,0.00%,0.00%
WAR-Final PGC-Shailendra-LP-3------Non Content VO-FM-Ex-Purchase-7-DAY-CLICK,The Warrior,WAR-Final PGC-Shailendra-LP-3,,Sketch,120242150329880434,a3ba65aa427077188e1ad7dbcbcafae266683ca9,17-Apr-2026,22-Apr-2026,inactive,10,$4.60,395,20.00%,8.04%,6.19%,4.99%,4.94%,89.739953,7.81%,0.29,6,719,72.73%,54.55%,54.55%,18.18%,25.00%,0.00%,0.00%,0.00%,0.00%,0.00%,0.00%,0.00%,0.00%,0.00%,0,0.00%,0.00%,0.00%,0.00%,0.00%,0.00%,0.00%,0.00%,0,0.00%,0.00%,0.00%,5.5,72.73%,54.55%,18.18%,0.00%,0.00%,0.00%,0.00%,0.00%,0.00%,0.00%,0.00%,0.00%,0,0.00%,0.00%,0.00%,0.00%,0.00%,0.00%,0.00%,0,0.00%,0.00%
TDG-Final PGC-Shailendra-LP-1-V3-----Non Content VO-FM-Ex-Purchase-7-DAY-CLICK,Lord of Dimension,TDG-Final PGC-Shailendra-LP-1,,Sketch,120242154712820434,684bf86c1cc5ac02813d77684969e9f57d017c59,17-Apr-2026,22-Apr-2026,inactive,11,$3.82,329,27.27%,6.59%,4.60%,4.25%,3.63%,82.559276,6.01%,0.42,6,657,36.36%,18.18%,18.18%,0.00%,0.00%,0.00%,0.00%,0.00%,0.00%,0.00%,0.00%,0.00%,0.00%,0.00%,0,0.00%,0.00%,0.00%,0.00%,0.00%,0.00%,0.00%,0.00%,0,0.00%,0.00%,0.00%,8.5,35.29%,11.76%,0.00%,0.00%,0.00%,0.00%,0.00%,0.00%,0.00%,0.00%,0.00%,0.00%,0,0.00%,0.00%,0.00%,0.00%,0.00%,0.00%,11.76%,0.007889005207,0.00%,0.00%
DMK-Final PGC-Prakash-LP-2------Non Content VO-FM-Ex-Purchase-7-DAY-CLICK,Doctor Mafia King,DMK-Final PGC-Prakash-LP-2,,Sketch,120242161993000434,29bfb16932f3fae0c2be34b0505a0439cc836866,17-Apr-2026,22-Apr-2026,inactive,24,$2.20,190,29.17%,14.94%,9.91%,7.77%,8.44%,118.548274,10.86%,0.58,13,357,70.68%,15.71%,15.71%,15.71%,22.22%,7.85%,0.64%,15.71%,15.71%,0.00%,23.56%,0.00%,0.00%,7.85%,0.006375985525,15.71%,0.00%,0.00%,31.41%,7.85%,0.00%,0.00%,7.85%,0.006375985525,15.71%,0.00%,0.00%,16.4666,66.80%,18.22%,18.22%,18.22%,6.07%,0.64%,6.07%,0.00%,24.29%,0.00%,0.00%,6.07%,0.006375985525,0.00%,0.00%,30.36%,12.15%,6.07%,0.00%,12.15%,0.00961894368,0.00%,0.00%
TIM-Final PGC-Hasim-LP-1-V1-----Non Content VO-FM-Ex-Purchase-7-DAY-CLICK,The Immortal,TIM-Final PGC-Hasim-LP-1,,Sketch,120242199168610434,45a153154deea62e88770e7f1c4fc6ba502f250a,18-Apr-2026,23-Apr-2026,inactive,1,$22.63,1946,0.00%,6.57%,4.03%,3.42%,4.06%,124.295658,2.13%,0.30,1,0,100.00%,,,,0.00%,100.00%,,100.00%,,,0.00%,0.00%,0.00%,100.00%,,100.00%,0.00%,0.00%,0.00%,0.00%,0.00%,0.00%,100.00%,,100.00%,0.00%,0.00%,1,100.00%,0.00%,0.00%,0.00%,100.00%,,0.00%,0.00%,0.00%,0.00%,0.00%,100.00%,,0.00%,0.00%,0.00%,0.00%,0.00%,0.00%,100.00%,,0.00%,0.00%
TDG-Final PGC-Shailendra-LP-1-V4-----Non Content VO-FM-Ex-Purchase.,Lord of Dimension,TDG-Final PGC-Shailendra-LP-1,,Sketch,120242199399280434,684bf86c1cc5ac02813d77684969e9f57d017c59,18-Apr-2026,23-Apr-2026,inactive,3,$10.34,889,33.33%,8.28%,7.05%,6.93%,6.93%,110.115958,3.06%,0.40,3,0,33.33%,,,,0.00%,0.00%,,0.00%,,,33.33%,0.00%,0.00%,0.00%,,0.00%,0.00%,0.00%,33.33%,0.00%,0.00%,0.00%,0.00%,,0.00%,0.00%,0.00%,3,33.33%,33.33%,33.33%,33.33%,0.00%,0.00%,0.00%,0.00%,33.33%,0.00%,0.00%,0.00%,0,0.00%,0.00%,33.33%,0.00%,0.00%,0.00%,0.00%,0,0.00%,0.00%
TDG-Final PGC-Shailendra-LP-1-V4-----Non Content VO-FM-Ex-Purchase-7-DAY-CLICK,Lord of Dimension,TDG-Final PGC-Shailendra-LP-1,,Sketch,120242200001420434,684bf86c1cc5ac02813d77684969e9f57d017c59,18-Apr-2026,23-Apr-2026,inactive,5,$5.48,472,20.00%,2.06%,1.52%,1.40%,1.44%,71.569954,6.49%,0.23,3,786,100.00%,33.33%,0.00%,0.00%,0.00%,0.00%,0.00%,0.00%,0.00%,0.00%,0.00%,0.00%,0.00%,0.00%,0,0.00%,0.00%,0.00%,0.00%,0.00%,0.00%,0.00%,0.00%,0,0.00%,0.00%,0.00%,3,100.00%,33.33%,0.00%,0.00%,0.00%,0.00%,0.00%,0.00%,0.00%,0.00%,0.00%,0.00%,0,0.00%,0.00%,0.00%,0.00%,0.00%,0.00%,0.00%,0,0.00%,0.00%
India || Meta || Android || Testing - CPS || Male Drama || Hindi || His Secret Fortune | हिज सीक्रेट फॉर्च्यून || NA || NA || 25 March 2026 || Short || NA || Show Validation Testing || || || || HSF-Final PGC-Akshay-LP-5_Deepti_Solanki,His Secret Fortune,HSF-Final PGC-Akshay-LP-5_Deepti_Solanki,,Sketch,120241805835180434,6515322bae57dd2a3bb88524c9697821cca249ea,10-Apr-2026,27-Apr-2026,inactive,852,$1.02,88,34.51%,13.23%,10.89%,10.64%,9.27%,90.214653,14.61%,0.70,632,118,71.48%,56.45%,47.44%,21.51%,30.09%,3.48%,1.06%,3.16%,14.86%,1.90%,28.94%,9.01%,5.85%,4.74%,0.01853822278,3.95%,1.90%,0.00%,30.36%,16.13%,13.92%,4.59%,5.22%,0.02686469782,4.59%,5.69%,1.27%,715.9303,72.21%,52.10%,32.41%,19.14%,4.75%,3.17%,5.31%,1.96%,30.03%,10.20%,7.26%,6.56%,0.05560090721,2.79%,0.14%,31.43%,17.46%,15.50%,5.87%,7.26%,0.06974733286,7.12%,1.54%
DMK-Final PGC-Prakash-LP-1------Non Content VO-FM-Ex-Purchase-7-DAY-CLICK,Doctor Mafia King,DMK-Final PGC-Prakash-LP-1,,Sketch,120242148304420434,29bfb16932f3fae0c2be34b0505a0439cc836866,17-Apr-2026,28-Apr-2026,inactive,517,$0.80,69,17.60%,14.98%,10.93%,9.88%,9.74%,106.933043,25.04%,0.62,390,92,71.19%,36.36%,28.94%,9.48%,13.31%,3.59%,1.27%,4.87%,6.91%,0.51%,11.78%,2.30%,1.28%,3.84%,0.0135075621,4.87%,0.26%,0.00%,13.06%,4.10%,3.59%,0.77%,4.35%,0.01789761786,5.12%,1.54%,0.00%,474.7848,73.09%,34.12%,20.64%,9.06%,4.21%,1.84%,1.26%,0.00%,13.90%,3.16%,1.68%,5.27%,0.02802024688,0.21%,0.00%,14.95%,4.84%,4.21%,1.05%,5.69%,0.03241030264,1.68%,0.00%
DA-Final PGC-Akshay-LP-1------Non Content VO-FM-Ex-Purchase-7-DAY-CLICK,Detective Ajay,DA-Final PGC-Akshay-LP-1,,Sketch,120242345609770434,81b1b4c68f38cb56269343068924abf0386305cb,21-Apr-2026,26-Apr-2026,inactive,4,$8.93,768,25.00%,2.83%,2.12%,1.86%,1.49%,25.327379,2.14%,0.15,2,0,66.67%,0.00%,0.00%,0.00%,0.00%,0.00%,,0.00%,0.00%,0.00%,0.00%,0.00%,0.00%,0.00%,,0.00%,0.00%,0.00%,0.00%,0.00%,0.00%,0.00%,0.00%,,0.00%,0.00%,0.00%,1.5,66.67%,0.00%,0.00%,0.00%,0.00%,0.00%,0.00%,0.00%,0.00%,0.00%,0.00%,0.00%,0,0.00%,0.00%,0.00%,0.00%,0.00%,0.00%,0.00%,0,0.00%,0.00%
HSF-Akshay-LP5-GENAI-Non Content VO-FM-Ex-Purchase-7-DAY-CLICK,His Secret Fortune,HSF-Akshay-LP5-GENAI-Non Content VO-FM-Ex-Purchase-7-DAY-CLICK,,Gen AI,120242407783760434,6515322bae57dd2a3bb88524c9697821cca249ea,22-Apr-2026,27-Apr-2026,inactive,258,$0.77,66,10.47%,14.24%,11.02%,10.89%,11.76%,73.504189,18.89%,0.59,191,90,61.92%,22.56%,15.22%,4.20%,6.78%,3.15%,1.81%,6.30%,3.67%,0.52%,7.87%,1.05%,1.05%,4.20%,0.03425858254,6.82%,0.52%,0.00%,8.40%,2.10%,1.57%,0.52%,4.20%,0.03425858254,6.82%,1.05%,0.00%,220.3498,59.90%,16.79%,8.62%,3.63%,3.18%,1.98%,0.91%,0.45%,7.71%,1.36%,1.36%,4.54%,0.03765050504,0.45%,0.00%,8.17%,2.27%,1.82%,0.91%,4.54%,0.03765050504,1.36%,0.00%
HSF-Akshay-LP5-GENAI-Non Content VO-FM-Ex-Purchase,His Secret Fortune,HSF-Akshay-LP5-GENAI-Non Content VO-FM-Ex-Purchase,,Gen AI,120242408587960434,6515322bae57dd2a3bb88524c9697821cca249ea,22-Apr-2026,27-Apr-2026,inactive,41,$1.45,125,4.88%,15.31%,12.00%,11.68%,12.57%,130.06469,15.13%,0.69,30,168,55.78%,22.97%,9.84%,6.56%,11.76%,3.28%,0.57%,0.00%,6.56%,0.00%,9.84%,0.00%,0.00%,3.28%,0.005693244416,0.00%,0.00%,0.00%,9.84%,6.56%,6.56%,0.00%,3.28%,0.005693244416,0.00%,0.00%,0.00%,39.6668,57.98%,20.17%,7.56%,5.04%,2.52%,0.57%,2.52%,0.00%,10.08%,0.00%,0.00%,2.52%,0.005693244416,0.00%,0.00%,10.08%,7.56%,7.56%,0.00%,2.52%,0.005693244416,0.00%,0.00%
EDP-Final PGC-Pranjali-LP-2------Non Content VO-FM-Ex-Purchase-7-DAY-CLICK,Ek Daring Policewala,EDP-Final PGC-Pranjali-LP-2,,Sketch,120242459282090434,24c66cf63e496e75c61b6dcbe16260c87e938c5f,23-Apr-2026,28-Apr-2026,inactive,3,$7.86,676,33.33%,8.44%,7.66%,7.32%,7.62%,39.870311,3.00%,0.20,2,0,50.00%,50.00%,50.00%,50.00%,100.00%,0.00%,,0.00%,50.00%,0.00%,50.00%,0.00%,0.00%,0.00%,,0.00%,0.00%,0.00%,50.00%,0.00%,0.00%,0.00%,0.00%,,0.00%,0.00%,0.00%,2,50.00%,50.00%,50.00%,50.00%,0.00%,0.00%,0.00%,0.00%,50.00%,0.00%,0.00%,0.00%,0,0.00%,0.00%,50.00%,0.00%,0.00%,0.00%,0.00%,0,0.00%,0.00%
WAR-Final PGC-Prakash-LP-1------Non Content VO-FM-Ex-Purchase-7-DAY-CLICK,The Warrior,WAR-Final PGC-Prakash-LP-1,,Sketch,120242459635630434,a3ba65aa427077188e1ad7dbcbcafae266683ca9,23-Apr-2026,28-Apr-2026,inactive,2,$11.90,1023,50.00%,2.49%,1.82%,1.68%,1.74%,40.788383,2.30%,0.17,3,682,33.33%,0.00%,0.00%,0.00%,0.00%,0.00%,0.00%,0.00%,0.00%,0.00%,0.00%,0.00%,0.00%,0.00%,0,0.00%,0.00%,0.00%,0.00%,0.00%,0.00%,0.00%,0.00%,0,0.00%,0.00%,0.00%,3,33.33%,0.00%,0.00%,0.00%,0.00%,0.00%,0.00%,0.00%,0.00%,0.00%,0.00%,0.00%,0,0.00%,0.00%,0.00%,0.00%,0.00%,0.00%,0.00%,0,0.00%,0.00%
TDG-Final PGC-Hasim-LP-1------Non Content VO-FM-Ex-Purchase-7-DAY-CLICK,Lord of Dimension,TDG-Final PGC-Hasim-LP-1,,Sketch,120242460656650434,684bf86c1cc5ac02813d77684969e9f57d017c59,23-Apr-2026,28-Apr-2026,inactive,7,$3.68,316,14.29%,6.93%,3.10%,2.54%,2.50%,57.966523,7.78%,0.24,4,511,23.08%,0.00%,0.00%,0.00%,0.00%,0.00%,0.00%,0.00%,0.00%,0.00%,0.00%,0.00%,0.00%,0.00%,0,0.00%,0.00%,0.00%,0.00%,0.00%,0.00%,0.00%,0.00%,0,0.00%,0.00%,0.00%,6.3333,47.37%,15.79%,0.00%,0.00%,0.00%,0.00%,0.00%,0.00%,0.00%,0.00%,0.00%,0.00%,0,0.00%,0.00%,0.00%,0.00%,0.00%,0.00%,0.00%,0,0.00%,0.00%
TDG-Final PGC-Akshay-LP-1------Non Content VO-FM-Ex-Purchase-7-DAY-CLICK,Lord of Dimension,TDG-Final PGC-Akshay-LP-1,,Sketch,120242462573580434,684bf86c1cc5ac02813d77684969e9f57d017c59,23-Apr-2026,28-Apr-2026,inactive,3,$8.35,718,0.00%,2.09%,1.57%,1.42%,1.28%,40.138312,3.57%,0.16,1,2153,100.00%,0.00%,0.00%,0.00%,0.00%,0.00%,0.00%,0.00%,0.00%,0.00%,0.00%,0.00%,0.00%,0.00%,0,0.00%,0.00%,0.00%,0.00%,0.00%,0.00%,0.00%,0.00%,0,0.00%,0.00%,0.00%,1,100.00%,0.00%,0.00%,0.00%,0.00%,,0.00%,0.00%,0.00%,0.00%,0.00%,0.00%,,0.00%,0.00%,0.00%,0.00%,0.00%,0.00%,0.00%,,0.00%,0.00%
TDG-Final PGC-Akshay-LP-2------Non Content VO-FM-Ex-Purchase-7-DAY-CLICK,Lord of Dimension,TDG-Final PGC-Akshay-LP-2,,Sketch,120242464794460434,684bf86c1cc5ac02813d77684969e9f57d017c59,23-Apr-2026,28-Apr-2026,inactive,4,$6.38,548,25.00%,3.28%,2.16%,1.86%,1.62%,42.213348,4.88%,0.16,2,1097,0.00%,0.00%,0.00%,0.00%,,0.00%,0.00%,0.00%,0.00%,0.00%,0.00%,0.00%,0.00%,0.00%,0,0.00%,0.00%,0.00%,0.00%,0.00%,0.00%,0.00%,0.00%,0,0.00%,0.00%,0.00%,3,33.33%,0.00%,0.00%,0.00%,0.00%,0.00%,0.00%,0.00%,0.00%,0.00%,0.00%,0.00%,0,0.00%,0.00%,0.00%,0.00%,0.00%,0.00%,0.00%,0,0.00%,0.00%
DMK-Final PGC-Prakash-LP-1-V1-----Non Content VO-FM-Ex-Purchase-7-DAY-CLICK,Doctor Mafia King,DMK-Final PGC-Prakash-LP-1,,Sketch,120242466390440434,29bfb16932f3fae0c2be34b0505a0439cc836866,23-Apr-2026,28-Apr-2026,inactive,58,$1.34,115,10.34%,15.11%,10.50%,10.00%,9.85%,103.118732,14.80%,0.60,47,142,63.47%,29.62%,25.39%,10.58%,16.67%,2.12%,0.43%,4.23%,6.35%,0.00%,6.35%,2.12%,0.00%,2.12%,0.004330662893,4.23%,0.00%,0.00%,6.35%,2.12%,2.12%,0.00%,2.12%,0.004330662893,4.23%,2.12%,0.00%,53.4001,65.54%,29.96%,18.73%,9.36%,1.87%,0.43%,0.00%,0.00%,9.36%,1.87%,0.00%,1.87%,0.004330662893,0.00%,0.00%,9.36%,1.87%,1.87%,0.00%,1.87%,0.004330662893,1.87%,0.00%
DMK-Atishay-LP1-------Non Content VO-FM-Ex-Purchase-7-DAY-CLICK,Doctor Mafia King,DMK-Atishay-LP1-------Non Content VO-FM-Ex-Purchase-7-DAY-CLICK,,Sketch,120242201529280434,29bfb16932f3fae0c2be34b0505a0439cc836866,18-Apr-2026,29-Apr-2026,inactive,125,$1.73,149,14.40%,12.24%,10.78%,10.34%,9.30%,103.587691,14.24%,0.49,88,211,43.26%,13.66%,10.25%,6.83%,15.79%,3.42%,1.08%,6.83%,4.55%,0.00%,7.97%,2.28%,0.00%,4.55%,0.01128910458,6.83%,0.00%,0.00%,7.97%,2.28%,2.28%,0.00%,4.55%,0.01128910458,6.83%,0.00%,0.00%,111.8416,46.49%,9.84%,7.15%,5.36%,3.58%,1.27%,0.89%,0.00%,7.15%,1.79%,0.00%,4.47%,0.01313288239,0.00%,0.00%,8.05%,2.68%,2.68%,0.00%,4.47%,0.01313288239,0.00%,0.00%
TDG-Final PGC-Shailendra-LP-1-V5-----Non Content VO-FM-Ex-Purchase-7-DAY-CLICK,Lord of Dimension,TDG-Final PGC-Shailendra-LP-1,,Sketch,120242337406480434,684bf86c1cc5ac02813d77684969e9f57d017c59,21-Apr-2026,4-May-2026,inactive,171,$1.30,112,11.11%,59.91%,55.23%,44.61%,34.74%,57.427611,1.55%,3.30,57,0,36.99%,17.61%,8.81%,5.28%,14.29%,1.76%,,1.76%,5.28%,3.52%,7.05%,5.28%,5.28%,1.76%,,1.76%,3.52%,0.00%,7.05%,5.28%,5.28%,5.28%,1.76%,,1.76%,5.28%,1.76%,76.9905,37.67%,12.99%,7.79%,6.49%,1.30%,,3.90%,2.60%,10.39%,6.49%,5.20%,1.30%,,2.60%,0.00%,10.39%,6.49%,6.49%,5.20%,1.30%,,5.20%,1.30%
HSF-Akshay-LP5-GenAI-1:1-With-logo,His Secret Fortune,HSF-Akshay-LP5-GenAI-1:1-With-logo,,Gen AI,120242491138440434,6515322bae57dd2a3bb88524c9697821cca249ea,24-Apr-2026,29-Apr-2026,inactive,142,$0.75,64,12.68%,13.43%,10.50%,10.48%,11.16%,98.264545,21.35%,0.71,111,83,74.90%,43.31%,25.27%,7.22%,9.64%,2.71%,1.58%,4.51%,5.41%,0.90%,9.93%,2.71%,0.00%,3.61%,0.02992960103,4.51%,0.00%,0.00%,9.93%,6.32%,4.51%,0.00%,4.51%,0.03309878726,5.41%,0.90%,0.00%,121.8936,73.83%,26.25%,11.49%,4.92%,2.46%,1.58%,2.46%,0.00%,9.02%,2.46%,0.00%,3.28%,0.02992960103,0.00%,0.00%,9.02%,5.74%,4.10%,0.00%,4.10%,0.03309878726,0.82%,0.00%
EDP-Final PGC-Pranjali-LP-5------Non Content VO-FM-Ex-Purchase-7-DAY-CLICK,Ek Daring Policewala,EDP-Final PGC-Pranjali-LP-5,,Sketch,120242513488670434,24c66cf63e496e75c61b6dcbe16260c87e938c5f,24-Apr-2026,29-Apr-2026,inactive,4,$6.44,554,25.00%,6.52%,5.35%,4.89%,5.20%,71.744536,4.65%,0.28,2,1108,100.00%,0.00%,0.00%,0.00%,0.00%,0.00%,0.00%,0.00%,0.00%,0.00%,0.00%,0.00%,0.00%,0.00%,0,0.00%,0.00%,0.00%,0.00%,0.00%,0.00%,0.00%,0.00%,0,0.00%,0.00%,0.00%,3,100.00%,0.00%,0.00%,0.00%,0.00%,0.00%,0.00%,0.00%,0.00%,0.00%,0.00%,0.00%,0,0.00%,0.00%,0.00%,0.00%,0.00%,0.00%,0.00%,0,0.00%,0.00%
TDG-Final PGC-Akshay-LP-3------Non Content VO-FM-Ex-Purchase-7-DAY-CLICK,Lord of Dimension,TDG-Final PGC-Akshay-LP-3,,Sketch,120242524717560434,684bf86c1cc5ac02813d77684969e9f57d017c59,24-Apr-2026,29-Apr-2026,inactive,1,$22.67,1950,0.00%,4.57%,3.21%,3.16%,3.06%,72.391756,1.56%,0.24,1,0,0.00%,,,,,0.00%,,0.00%,,,100.00%,0.00%,0.00%,0.00%,,0.00%,0.00%,0.00%,100.00%,0.00%,0.00%,0.00%,0.00%,,0.00%,0.00%,0.00%,1,0.00%,0.00%,0.00%,0.00%,0.00%,,0.00%,0.00%,100.00%,0.00%,0.00%,0.00%,,0.00%,0.00%,100.00%,0.00%,0.00%,0.00%,0.00%,,0.00%,0.00%
TDG-Final PGC-Shailendra-LP-5------Non Content VO-FM-Ex-Purchase-7-DAY-CLICK,Lord of Dimension,TDG-Final PGC-Shailendra-LP-5,,Sketch,120242525176770434,684bf86c1cc5ac02813d77684969e9f57d017c59,24-Apr-2026,29-Apr-2026,inactive,1,$17.10,1470,0.00%,5.53%,3.22%,2.57%,2.42%,52.285318,1.92%,0.18,1,1470,0.00%,,,,,0.00%,0.00%,0.00%,,,0.00%,0.00%,0.00%,0.00%,0,0.00%,0.00%,0.00%,0.00%,0.00%,0.00%,0.00%,0.00%,0,0.00%,0.00%,0.00%,1,0.00%,0.00%,0.00%,0.00%,0.00%,0.00%,0.00%,0.00%,0.00%,0.00%,0.00%,0.00%,0,0.00%,0.00%,0.00%,0.00%,0.00%,0.00%,0.00%,0,0.00%,0.00%
TDG-Final PGC-Chaitanya-LP-1------Non Content VO-FM-Ex-Purchase-7-DAY-CLICK,Lord of Dimension,TDG-Final PGC-Chaitanya-LP-1,,Sketch,120242528288700434,684bf86c1cc5ac02813d77684969e9f57d017c59,24-Apr-2026,29-Apr-2026,inactive,2,$10.38,893,50.00%,8.07%,5.82%,5.95%,6.36%,50.487598,2.41%,0.23,1,1785,100.00%,0.00%,0.00%,0.00%,0.00%,100.00%,1.62%,100.00%,0.00%,0.00%,0.00%,0.00%,0.00%,100.00%,0.01624519671,100.00%,0.00%,0.00%,0.00%,0.00%,0.00%,0.00%,100.00%,0.01624519671,100.00%,0.00%,0.00%,1,100.00%,0.00%,0.00%,0.00%,100.00%,,0.00%,0.00%,0.00%,0.00%,0.00%,100.00%,,0.00%,0.00%,0.00%,0.00%,0.00%,0.00%,100.00%,,0.00%,0.00%
WAR-Final PGC-Prakash-LP-2------Non Content VO-FM-Ex-Purchase-7-DAY-CLICK,The Warrior,WAR-Final PGC-Prakash-LP-2,,Sketch,120242528607680434,a3ba65aa427077188e1ad7dbcbcafae266683ca9,24-Apr-2026,29-Apr-2026,inactive,15,$3.51,302,26.67%,13.99%,9.03%,7.03%,8.46%,81.432705,6.44%,0.42,13,362,72.00%,40.00%,24.00%,24.00%,33.33%,0.00%,0.00%,8.00%,16.00%,16.00%,16.00%,16.00%,16.00%,0.00%,0,8.00%,0.00%,0.00%,16.00%,16.00%,16.00%,0.00%,0.00%,0,8.00%,0.00%,0.00%,16,75.00%,31.25%,25.00%,18.75%,0.00%,0.00%,18.75%,12.50%,18.75%,18.75%,18.75%,6.25%,0.006400950217,0.00%,0.00%,18.75%,18.75%,18.75%,0.00%,6.25%,0.006400950217,0.00%,0.00%
ESSP-Final PGC-Akshay-LP-1------Non Content VO--Purchase-Gen AI-With-Logo,Ek Stranger Se Pyar,ESSP-Final PGC-Akshay-LP-1,,Gen AI,120242530293770434,18bf3d2008b65626889df28b873222a3a2267a11,24-Apr-2026,29-Apr-2026,inactive,268,$0.54,47,13.81%,15.92%,12.82%,12.04%,12.22%,87.481155,21.63%,0.86,185,68,72.53%,35.72%,24.36%,10.28%,14.18%,2.17%,1.59%,2.71%,5.41%,1.62%,8.12%,2.71%,2.17%,2.71%,0.01968993503,3.25%,0.54%,0.00%,8.12%,2.71%,2.17%,1.08%,2.71%,0.02323403327,3.25%,1.62%,0.54%,233.5012,71.95%,29.55%,15.85%,6.42%,2.14%,1.83%,2.14%,0.43%,11.13%,2.14%,1.71%,3.43%,0.03470169041,0.43%,0.00%,11.13%,3.85%,3.00%,0.86%,3.85%,0.05145247069,1.71%,0.43%
TDG-Final PGC-Akshay-LP-4------Non Content VO-FM-Ex-Purchase-7-DAY-CLICK,Lord of Dimension,TDG-Final PGC-Akshay-LP-4,,Sketch,120242531726230434,684bf86c1cc5ac02813d77684969e9f57d017c59,24-Apr-2026,29-Apr-2026,inactive,5,$7.22,621,20.00%,4.58%,2.56%,2.38%,2.56%,52.396818,2.96%,0.29,3,931,30.00%,30.00%,30.00%,30.00%,100.00%,0.00%,0.00%,0.00%,30.00%,0.00%,30.00%,30.00%,30.00%,0.00%,0,0.00%,0.00%,0.00%,30.00%,30.00%,30.00%,0.00%,0.00%,0,0.00%,0.00%,0.00%,3.3333,30.00%,30.00%,30.00%,30.00%,0.00%,,30.00%,0.00%,30.00%,30.00%,30.00%,0.00%,,0.00%,0.00%,30.00%,30.00%,30.00%,0.00%,0.00%,,0.00%,0.00%
India || Meta || Android || Testing - CPS || Male Drama || Hindi || Devil's Revenge | डेविल्स रिवेंज | Author - Pawan Kumar || 255576 || Sketch || NA || 27 April 2026 || Short ||  || UGC ||  ||  ||  || DR-Final PGC-Prakash-LP-2------Non Content VO-FM-Ex-Purchase-7-DAY-CLICK,Devil’s Revenge,DR-Final PGC-Prakash-LP-2,,Sketch,120242691540460434,4753fe3e20244ef2f82b8ebcd3ba6e18280af490,27-Apr-2026,2-May-2026,inactive,11,$3.45,297,36.36%,10.21%,8.86%,8.18%,7.73%,72.802382,8.94%,0.27,4,816,75.00%,50.00%,50.00%,50.00%,66.67%,0.00%,0.00%,0.00%,50.00%,0.00%,50.00%,25.00%,25.00%,0.00%,0,0.00%,25.00%,0.00%,50.00%,25.00%,25.00%,25.00%,0.00%,0,0.00%,25.00%,0.00%,8,75.00%,50.00%,50.00%,50.00%,0.00%,0.00%,25.00%,12.50%,50.00%,25.00%,25.00%,0.00%,0,25.00%,0.00%,50.00%,25.00%,25.00%,25.00%,0.00%,0,25.00%,0.00%
India || Meta || Android || Testing - CPS || Male Drama || Hindi || Beggar Husband |  बेगर हस्बैंड | Author - Sanjeev Kumar Singh || 410328 || Sketch || NA || 29 April 2026 || Short ||  || UGC ||  ||  ||  || BH-Final PGC-Prakash-LP-1------Non Content VO-FM-Ex-Purchase-Alok-Shivam,Beggar Husband,BH-Final PGC-Prakash-LP-1,,Sketch,120242782766380434,f664ff5ac8c6c95458d82bfd46c1e3dc28e9cc48,29-Apr-2026,4-May-2026,inactive,158,$0.63,54,10.13%,2.86%,2.75%,3.16%,7.53%,78.77008,16.14%,0.90,104,82,65.47%,14.44%,7.70%,0.96%,1.47%,8.67%,5.09%,7.70%,0.96%,0.00%,2.89%,0.00%,0.00%,8.67%,0.05093221981,7.70%,0.00%,0.00%,2.89%,0.00%,0.00%,0.00%,8.67%,0.05093221981,7.70%,0.00%,0.00%,123.6011,67.15%,10.52%,0.81%,0.81%,8.09%,6.60%,0.00%,0.00%,3.24%,0.00%,0.00%,8.90%,0.06935717488,0.00%,0.00%,3.24%,0.81%,0.81%,0.00%,8.90%,0.06935717488,0.00%,0.00%
HSF-Akshay-LP5-GenAI-1:1-With-out-Logo,His Secret Fortune,HSF-Akshay-LP5-GenAI-1:1-With-out-Logo,,Gen AI,120242490274980434,6515322bae57dd2a3bb88524c9697821cca249ea,24-Apr-2026,8-May-2026,inactive,709,$0.71,61,14.67%,9.67%,7.34%,7.24%,7.51%,63.336371,21.71%,0.47,477,91,71.02%,31.84%,20.53%,9.64%,13.57%,4.61%,1.37%,5.45%,5.87%,0.21%,12.36%,2.72%,1.68%,5.45%,0.0388467709,5.87%,0.42%,0.21%,12.99%,3.98%,3.98%,1.47%,5.45%,0.054327914,5.87%,1.47%,0.21%,553.6566,72.43%,26.73%,14.27%,8.31%,5.06%,2.16%,1.63%,0.36%,13.19%,3.25%,2.35%,6.32%,6.20%,0.72%,0.18%,13.73%,4.52%,4.52%,1.99%,6.68%,0.08269107471,1.99%,0.18%
TDG-Final PGC-Hasim-LP-2------Non Content VO-FM-Ex-Purchase-7-DAY-CLICK,Lord of Dimension,TDG-Final PGC-Hasim-LP-2,,Sketch,120242531324360434,684bf86c1cc5ac02813d77684969e9f57d017c59,24-Apr-2026,7-May-2026,inactive,136,$2.22,191,36.03%,9.04%,7.08%,7.79%,7.75%,73.226272,5.57%,0.69,73,356,58.88%,30.12%,26.02%,19.17%,32.56%,2.74%,0.24%,1.37%,16.43%,6.85%,20.54%,10.95%,9.59%,4.11%,0.0148186941,2.74%,4.11%,0.00%,20.54%,10.95%,10.95%,5.48%,4.11%,0.03289015677,2.74%,6.85%,1.37%,89.0656,61.75%,30.31%,20.21%,16.84%,3.37%,0.74%,11.23%,5.61%,22.46%,13.47%,12.35%,4.49%,0.01977380195,5.61%,0.00%,22.46%,13.47%,13.47%,6.74%,4.49%,0.03784526462,7.86%,1.12%
India || Meta || Android || Testing - CPS || Male Drama || Hindi || Beggar Husband |  बेगर हस्बैंड | Author - Sanjeev Kumar Singh || 410328 || Sketch || NA || 29 April 2026 || Short ||  || UGC ||  ||  ||  || BH-Final PGC-Prakash-LP-1------Non Content VO-FM-Ex-Purchase-OG-Duplicate,Beggar Husband,BH-Final PGC-Prakash-LP-1,,Sketch,120242783439260434,e11d38d8b7aeb97f9e12877724db0b20fae007f3,29-Apr-2026,4-May-2026,inactive,118,$0.85,73,7.63%,2.65%,2.50%,2.91%,7.27%,97.299257,13.13%,1.02,89,97,65.42%,10.15%,3.38%,2.26%,3.45%,3.38%,1.01%,6.77%,0.00%,0.00%,2.26%,0.00%,0.00%,4.51%,0.0250790138,6.77%,0.00%,0.00%,3.38%,0.00%,0.00%,0.00%,4.51%,0.0250790138,6.77%,0.00%,0.00%,101.2333,68.16%,4.94%,2.96%,0.99%,3.95%,1.12%,0.00%,0.00%,2.96%,0.00%,0.00%,4.94%,0.04113077566,0.00%,0.00%,3.95%,0.99%,0.00%,0.00%,4.94%,0.04113077566,0.00%,0.00%
India || Meta || Android || Testing - CPS || Fantasy || Hindi || Reborn to Rule || 438898 || Sketch || NA || 29 April 2026 ||  ||  || UGC ||  ||  ||  || RE-RUN-RTR-Final PGC-Pranjali-LP-1------Non Content VO-FM-Ex-Purchase,Reborn to Rule,RE-RUN-RTR-Final PGC-Pranjali-LP-1,,Sketch,120242783675730434,96f83d557f46e53468344ad16002a230ee68d585,29-Apr-2026,6-May-2026,inactive,126,$1.73,149,30.95%,6.27%,5.66%,4.91%,4.84%,96.889641,10.61%,0.61,80,234,58.76%,43.76%,33.76%,21.25%,36.17%,3.75%,1.25%,3.75%,17.50%,1.25%,26.26%,5.00%,2.50%,3.75%,0.02523684715,3.75%,1.25%,1.25%,27.51%,10.00%,6.25%,2.50%,3.75%,0.02523684715,3.75%,2.50%,1.25%,98.7162,59.77%,40.52%,26.34%,18.23%,6.08%,1.72%,2.03%,1.01%,26.34%,6.08%,4.05%,9.12%,0.05561899715,3.04%,1.01%,27.35%,10.13%,7.09%,4.05%,9.12%,0.0709718598,4.05%,3.04%
India || Meta || Android || Testing - CPS || Fantasy || Hindi || The Legend Gods || 607713 || Sketch || NA || 29 April 2026 ||  ||  || UGC ||  ||  ||  || TLG-Final PGC-Shailendra-LP-2------Non Content VO-FM-Ex-Purchase-7-DAY-CLICK,The Legend Gods,TLG-Final PGC-Shailendra-LP-2,,Sketch,120242789575890434,e9df0d17c5a5f6fd21ae4b491bd2bca28a785135,29-Apr-2026,6-May-2026,inactive,42,$2.72,234,28.57%,11.30%,8.80%,7.85%,9.57%,88.752827,8.68%,0.44,31,314,70.44%,16.01%,12.81%,12.81%,18.18%,3.20%,0.30%,3.20%,9.61%,9.61%,12.81%,9.61%,6.40%,3.20%,0.00295578893,3.20%,3.20%,0.00%,12.81%,9.61%,6.40%,6.40%,3.20%,0.00295578893,3.20%,6.40%,0.00%,36.3987,71.43%,16.48%,16.48%,16.48%,5.49%,1.61%,13.74%,5.49%,16.48%,13.74%,10.99%,5.49%,0.01609338089,5.49%,0.00%,16.48%,13.74%,10.99%,8.24%,5.49%,0.01609338089,8.24%,0.00%
India || Meta || Android || Testing - CPS || Fantasy || Hindi || Lord of Dimension || 670588 || Sketch || NA || 29 April 2026 || Short ||  || UGC ||  ||  ||  || TDG-Final PGC-Chaitanya-LP-2------Non Content VO-FM-Ex-Purchase-7-DAY-CLICK,Lord of Dimension,TDG-Final PGC-Chaitanya-LP-2,,Sketch,120242790505490434,684bf86c1cc5ac02813d77684969e9f57d017c59,29-Apr-2026,4-May-2026,inactive,28,$3.24,279,42.86%,7.89%,6.63%,7.34%,6.84%,112.662792,5.51%,0.73,11,689,70.59%,17.65%,8.82%,8.82%,12.50%,0.00%,0.00%,0.00%,0.00%,0.00%,8.82%,0.00%,0.00%,0.00%,0,0.00%,0.00%,0.00%,8.82%,0.00%,0.00%,0.00%,0.00%,0,0.00%,0.00%,0.00%,14.6666,68.18%,13.64%,13.64%,13.64%,0.00%,0.00%,0.00%,0.00%,20.45%,6.82%,6.82%,0.00%,0,6.82%,0.00%,20.45%,6.82%,6.82%,6.82%,6.82%,0.003730654159,6.82%,6.82%
India || Meta || Android || Testing - CPS || Male Drama || Hindi || Devil's Revenge | डेविल्स रिवेंज | Author - Pawan Kumar || 255576 || Sketch || NA || 29 April 2026 || Short ||  || UGC ||  ||  ||  || DR-Final PGC-Prakash-LP-3------Non Content VO-FM-Ex-Purchase-7-DAY-CLICK,Devil’s Revenge,DR-Final PGC-Prakash-LP-3,,Sketch,120242808346640434,4753fe3e20244ef2f82b8ebcd3ba6e18280af490,29-Apr-2026,4-May-2026,inactive,18,$3.34,287,22.22%,9.81%,5.79%,5.55%,5.87%,78.994,6.92%,0.40,7,739,71.43%,28.57%,14.29%,14.29%,20.00%,0.00%,0.00%,0.00%,0.00%,0.00%,14.29%,14.29%,14.29%,14.29%,0.03536315815,0.00%,14.29%,0.00%,14.29%,14.29%,14.29%,14.29%,14.29%,0.08458656142,0.00%,14.29%,0.00%,11,81.82%,27.27%,9.09%,9.09%,0.00%,0.00%,0.00%,0.00%,27.27%,9.09%,9.09%,9.09%,0.03536315815,9.09%,0.00%,27.27%,18.18%,18.18%,9.09%,9.09%,0.08458656142,9.09%,0.00%
India || Meta || Android || Testing - CPS || Fantasy || Hindi || The Divine Body || 568845 || Sketch || NA || 30 April 2026 || Short ||  || UGC ||  ||  ||  || TDB-Final PGC-Akshay-LP-1------Non Content VO-FM-Ex-Purchase-7-DAY-CLICK,The Divine Body,TDB-Final PGC-Akshay-LP-1,,Sketch,120242847670970434,e7dcade5fad636ac69e1e14d05d30bdbbeda1bdc,30-Apr-2026,5-May-2026,inactive,10,$4.23,363,50.00%,11.22%,8.96%,7.60%,8.11%,82.079579,5.21%,0.43,6,661,72.73%,54.55%,36.36%,36.36%,50.00%,0.00%,0.00%,0.00%,36.36%,18.18%,36.36%,36.36%,36.36%,0.00%,0,0.00%,18.18%,0.00%,36.36%,36.36%,36.36%,18.18%,0.00%,0,0.00%,18.18%,18.18%,6.5,76.92%,46.15%,46.15%,46.15%,0.00%,0.00%,46.15%,15.38%,46.15%,46.15%,46.15%,0.00%,0,15.38%,0.00%,46.15%,46.15%,46.15%,15.38%,0.00%,0,30.77%,15.38%
India || Meta || Android || Testing - CPS || Fantasy || Hindi || Divine Flame Burst || 628685 || Sketch || NA || 30 April 2026 ||  ||  || UGC ||  ||  ||  || DFB-Final PGC-Pranjali-LP-2------Non Content VO-N-Ex-Purchase-7-DAY-CLICK,Divine Flame Burst,DFB-Final PGC-Pranjali-LP-2,,Sketch,120242865418560434,9e8043f6d71ede076b7ac420a611f3f56e40f224,30-Apr-2026,5-May-2026,inactive,12,$3.72,320,41.67%,6.12%,4.74%,3.85%,3.82%,73.760158,6.42%,0.36,2,0,100.00%,50.00%,50.00%,50.00%,50.00%,0.00%,,0.00%,50.00%,50.00%,50.00%,50.00%,50.00%,0.00%,,0.00%,0.00%,0.00%,50.00%,50.00%,50.00%,0.00%,0.00%,,0.00%,0.00%,0.00%,2,100.00%,50.00%,50.00%,50.00%,0.00%,,50.00%,50.00%,50.00%,50.00%,50.00%,0.00%,,0.00%,0.00%,50.00%,50.00%,50.00%,0.00%,0.00%,,0.00%,0.00%
India || Meta || Android || Testing - CPS || Male Drama || Hindi || My Mysterious Princess || 242697 || Sketch || NA || 1 May 2026 || Short ||  || UGC ||  ||  ||  || MMPS-Final PGC-Prakash-LP-1------Non Content VO-N-Ex-Purchase-7-DAY-CLICK,My Mysterious Princess,MMPS-Final PGC-Prakash-LP-1,,Sketch,120242885774630434,ca6c466ebfcd2658a9f1641045f468c15417a1e7,1-May-2026,6-May-2026,inactive,11,$3.98,342,27.27%,7.36%,5.01%,4.75%,4.47%,113.1875,4.09%,0.81,5,0,40.00%,40.00%,40.00%,40.00%,100.00%,0.00%,,0.00%,40.00%,0.00%,40.00%,0.00%,0.00%,0.00%,,0.00%,0.00%,0.00%,40.00%,0.00%,0.00%,0.00%,0.00%,,0.00%,0.00%,0.00%,5,40.00%,40.00%,40.00%,40.00%,0.00%,,0.00%,0.00%,40.00%,0.00%,0.00%,0.00%,,0.00%,0.00%,40.00%,0.00%,0.00%,0.00%,0.00%,,0.00%,0.00%
India || Meta || Android || Testing - CPS || Fantasy || Hindi || Primordial God || 653918 || Sketch || NA || 1 May 2026 ||  ||  || UGC ||  ||  ||  || PG-Final PGC-Shailendra-LP-1------Non Content VO-FM-Ex-Purchase-7-DAY-CLICK,Primordial God,PG-Final PGC-Shailendra-LP-1,,Sketch,120242889955440434,abef90c631978edd56192a52e96c3ff23955322c,1-May-2026,6-May-2026,inactive,16,$2.75,237,12.50%,6.22%,5.28%,4.35%,5.30%,75.083213,5.95%,0.53,5,757,80.00%,40.00%,40.00%,20.00%,25.00%,0.00%,0.00%,0.00%,20.00%,0.00%,20.00%,20.00%,20.00%,0.00%,0,0.00%,0.00%,0.00%,20.00%,20.00%,20.00%,0.00%,0.00%,0,0.00%,0.00%,0.00%,6,83.33%,33.33%,33.33%,16.67%,0.00%,0.00%,16.67%,0.00%,16.67%,16.67%,16.67%,0.00%,0,0.00%,0.00%,16.67%,16.67%,16.67%,0.00%,0.00%,0,0.00%,0.00%
India || Meta || Android || Testing - CPS || Fantasy || Hindi || Reborn to Rule || 438898 || GenAI || NA || 3 May 2026 || Short ||  || UGC ||  ||  ||  || RTR-Final PGC-Pranjali-LP-1------Non Content VO-FM-Ex-Purchase-Gen-AI,Reborn to Rule,RTR-Final PGC-Pranjali-LP-1,,Gen AI,120242989582300434,96f83d557f46e53468344ad16002a230ee68d585,3-May-2026,8-May-2026,inactive,407,$0.68,59,15.23%,8.09%,6.79%,5.85%,4.78%,54.573347,17.60%,0.53,310,77,67.37%,37.39%,28.36%,12.57%,18.66%,2.26%,0.88%,2.90%,7.74%,0.32%,14.50%,2.26%,1.29%,2.90%,0.02135930926,3.22%,0.00%,0.00%,14.50%,3.55%,2.90%,1.61%,2.90%,0.02498955231,3.55%,1.61%,0.00%,346.7361,66.91%,33.17%,19.90%,11.54%,2.60%,1.54%,1.44%,0.29%,15.57%,3.46%,2.02%,3.75%,0.03689129062,0.58%,0.00%,15.57%,4.61%,4.04%,2.60%,3.75%,0.04743308037,2.60%,0.29%
ESSP-Final PGC-Akshay-LP-1------Non Content VO--Purchase-Gen AI-Without-Logo,Ek Stranger Se Pyar,ESSP-Final PGC-Akshay-LP-1,,Gen AI,120242530585520434,18bf3d2008b65626889df28b873222a3a2267a11,24-Apr-2026,12-May-2026,inactive,1464,$0.44,38,16.33%,11.44%,8.89%,8.37%,8.20%,47.26651,21.04%,0.59,1110,0,70.18%,35.68%,21.62%,7.75%,11.04%,2.34%,,2.88%,5.05%,0.18%,10.54%,1.98%,1.44%,2.88%,,3.24%,0.36%,0.00%,11.80%,4.23%,3.69%,1.62%,3.33%,,3.60%,1.80%,0.36%,1232.2959,71.25%,28.32%,13.71%,8.20%,3.08%,,0.73%,0.32%,12.82%,3.00%,2.11%,3.98%,,0.65%,0.08%,14.12%,5.60%,5.03%,2.35%,4.54%,,2.60%,0.57%
India || Meta || Android || Testing - CPS || Fantasy || Hindi || Reborn to Rule || 438898 || GenAI || NA || 3 May 2026 || Short ||  || UGC ||  ||  ||  || RTR-Final PGC-Pranjali-LP-1------Non Content VO-FM-Ex-Purchase-Gen-AI-With-Logo,Reborn to Rule,RTR-Final PGC-Pranjali-LP-1,,Gen AI,120242989943160434,96f83d557f46e53468344ad16002a230ee68d585,3-May-2026,8-May-2026,inactive,446,$0.62,53,16.37%,14.21%,12.29%,10.96%,9.65%,70.197543,14.05%,0.94,334,71,66.45%,33.22%,25.74%,11.97%,18.02%,0.30%,0.14%,0.00%,5.39%,0.00%,11.97%,1.20%,0.30%,0.30%,0.001446193518,0.00%,0.30%,0.00%,12.87%,3.29%,2.39%,0.30%,0.30%,0.001446193518,0.00%,0.60%,0.00%,389.2859,66.28%,29.28%,17.47%,8.73%,0.77%,0.47%,1.03%,0.00%,12.07%,1.54%,0.77%,0.77%,0.00473241362,0.26%,0.00%,12.84%,3.34%,2.57%,0.26%,0.77%,0.00473241362,0.51%,0.00%
India || Meta || Android || Testing - CPS || Fantasy || Hindi || Reborn to Rule || 438898 || GenAI || NA || 3 May 2026 || Short ||  || UGC ||  ||  ||  || RTR-Final PGC-Pranjali-LP-1------Non Content VO-FM-Ex-Purchase-Gen-AI-1:1 Ratio,Reborn to Rule,RTR-Final PGC-Pranjali-LP-1,,Gen AI,120242990119660434,96f83d557f46e53468344ad16002a230ee68d585,3-May-2026,8-May-2026,inactive,87,$1.21,104,19.54%,12.79%,10.63%,9.40%,7.91%,104.102854,12.89%,0.78,57,158,71.86%,29.79%,19.28%,14.02%,19.51%,1.75%,0.32%,3.51%,5.26%,0.00%,15.77%,0.00%,0.00%,3.51%,0.01746233775,3.51%,0.00%,0.00%,15.77%,1.75%,1.75%,0.00%,3.51%,0.01746233775,3.51%,0.00%,0.00%,71.0716,74.57%,29.55%,19.70%,14.07%,1.41%,0.32%,1.41%,0.00%,19.70%,1.41%,0.00%,2.81%,0.01746233775,0.00%,0.00%,19.70%,4.22%,4.22%,0.00%,2.81%,0.01746233775,0.00%,0.00%
India || Meta || Android || Testing - CPS || Fantasy || Hindi || Purple Thunder Sovereign || 649265 || Sketch || NA || 5 May 2026 || Short ||  || UGC || No ||  ||  || PTS-Final PGC-Akshay-LP-2------Non Content VO-FM-Ex-Purchase-7-DAY-CLICK,Purple Thunder Sovereign,PTS-Final PGC-Akshay-LP-2,,Sketch,120243064011580434,de8f3bd12ad51c517ed3178cc66a25d48d575d60,5-May-2026,10-May-2026,inactive,26,$2.57,221,34.62%,4.46%,3.14%,2.96%,3.24%,83.916192,5.74%,0.66,11,502,70.00%,26.25%,26.25%,17.50%,25.00%,0.00%,0.00%,0.00%,17.50%,8.75%,26.25%,8.75%,0.00%,0.00%,0,0.00%,0.00%,0.00%,43.75%,8.75%,0.00%,0.00%,0.00%,0,0.00%,0.00%,0.00%,14.4286,55.45%,20.79%,13.86%,13.86%,0.00%,0.00%,6.93%,6.93%,27.72%,6.93%,0.00%,0.00%,0,0.00%,0.00%,41.58%,6.93%,0.00%,0.00%,0.00%,0,0.00%,0.00%
India || Meta || Android || Testing - CPS || Male Drama || Hindi || My Mysterious Princess || 242697 || Sketch || NA || 5 May 2026 || Short ||  || UGC ||  ||  ||  || MMPS-Final PGC-Prakash-LP-2------Non Content VO-FM-Ex-Purchase-7-DAY-CLICK,My Mysterious Princess,MMPS-Final PGC-Prakash-LP-2,,Sketch,120243065443300434,ca6c466ebfcd2658a9f1641045f468c15417a1e7,5-May-2026,10-May-2026,inactive,19,$3.02,260,31.58%,10.64%,8.22%,7.45%,6.91%,107.907531,5.96%,0.70,10,0,50.00%,30.00%,30.00%,30.00%,60.00%,10.00%,,10.00%,30.00%,0.00%,30.00%,0.00%,0.00%,10.00%,,10.00%,0.00%,0.00%,30.00%,0.00%,0.00%,0.00%,10.00%,,10.00%,0.00%,0.00%,12,50.00%,33.33%,33.33%,33.33%,16.67%,,8.33%,0.00%,33.33%,0.00%,0.00%,16.67%,,0.00%,0.00%,33.33%,0.00%,0.00%,0.00%,16.67%,,0.00%,0.00%
India || Meta || Android || Testing - CPS || Fantasy || Hindi || Divine Flame Burst || 628685 || Sketch || NA || 5 May 2026 ||  ||  || UGC ||  ||  ||  || DFB-Final PGC-Pranjali-LP-3------Non Content VO-FM-Ex-Purchase-7-DAY-CLICK,Divine Flame Burst,DFB-Final PGC-Pranjali-LP-3,,Sketch,120243066169510434,9e8043f6d71ede076b7ac420a611f3f56e40f224,5-May-2026,10-May-2026,inactive,9,$4.73,406,22.22%,7.58%,4.66%,3.21%,3.10%,77.97736,2.91%,0.66,2,0,0.00%,,,,,0.00%,,0.00%,,,0.00%,0.00%,0.00%,0.00%,,0.00%,0.00%,0.00%,0.00%,0.00%,0.00%,0.00%,0.00%,,0.00%,0.00%,0.00%,3,0.00%,0.00%,0.00%,0.00%,0.00%,,0.00%,0.00%,0.00%,0.00%,0.00%,0.00%,,0.00%,0.00%,0.00%,0.00%,0.00%,0.00%,0.00%,,0.00%,0.00%
India || Meta || Android || Testing - CPS || Fantasy || Hindi || Divine Flame Burst || 628685 || Sketch || NA || 5 May 2026 ||  ||  || UGC ||  ||  ||  || DFB-Final PGC-Chaitanya-LP-1------Non Content VO-FM-Ex-Purchase-7-DAY-CLICK,Divine Flame Burst,DFB-Final PGC-Chaitanya-LP-1,,Sketch,120243066348680434,9e8043f6d71ede076b7ac420a611f3f56e40f224,5-May-2026,10-May-2026,inactive,10,$4.23,364,20.00%,6.79%,3.90%,3.72%,3.61%,44.607653,2.14%,0.57,5,728,60.00%,0.00%,0.00%,0.00%,0.00%,0.00%,0.00%,0.00%,0.00%,0.00%,0.00%,0.00%,0.00%,0.00%,0,0.00%,0.00%,0.00%,0.00%,0.00%,0.00%,0.00%,0.00%,0,0.00%,0.00%,0.00%,6,66.67%,0.00%,0.00%,0.00%,0.00%,0.00%,0.00%,0.00%,0.00%,0.00%,0.00%,0.00%,0,0.00%,0.00%,0.00%,0.00%,0.00%,0.00%,0.00%,0,0.00%,0.00%
India || Meta || Android || Testing - CPS || Male Drama || Hindi || Daring Policewala || 665088 || Sketch || NA || 6 May 2026 || Short ||  || UGC ||  ||  ||  || EDP-Final PGC-Pranjali-LP-3--Hasim-V1---Non Content VO-FM-Ex-Purchase-7-DAY-CLICK,Ek Daring Policewala,EDP-Final PGC-Pranjali-LP-3,,Sketch,120243114363380434,24c66cf63e496e75c61b6dcbe16260c87e938c5f,6-May-2026,11-May-2026,inactive,13,$3.91,336,30.77%,8.39%,6.79%,5.89%,6.08%,60.660421,2.40%,0.75,7,672,61.54%,15.38%,15.38%,15.38%,25.00%,0.00%,0.00%,0.00%,15.38%,0.00%,15.38%,0.00%,0.00%,0.00%,0,0.00%,0.00%,0.00%,15.38%,15.38%,15.38%,15.38%,0.00%,0,0.00%,15.38%,0.00%,6.5,61.54%,15.38%,15.38%,15.38%,0.00%,0.00%,0.00%,0.00%,15.38%,0.00%,0.00%,0.00%,0,0.00%,0.00%,15.38%,15.38%,15.38%,15.38%,0.00%,0,15.38%,0.00%
India || Meta || Android || Testing - CPS || Fantasy || Hindi || Purple Thunder Sovereign || 649265 || Sketch || NA || 6 May 2026 || Short ||  || UGC || No ||  ||  || PTS-Final PGC-Akshay-LP-4------Non Content VO-FM-Ex-Purchase-7-DAY-CLICK,Purple Thunder Sovereign,PTS-Final PGC-Akshay-LP-4,,Sketch,120243132345670434,de8f3bd12ad51c517ed3178cc66a25d48d575d60,6-May-2026,11-May-2026,inactive,23,$2.74,236,21.74%,7.61%,6.50%,6.47%,7.14%,83.328569,5.76%,0.61,6,868,80.00%,64.00%,48.00%,48.00%,60.00%,0.00%,0.00%,16.00%,48.00%,16.00%,48.00%,16.00%,16.00%,0.00%,0,16.00%,16.00%,0.00%,48.00%,16.00%,16.00%,0.00%,0.00%,0,16.00%,16.00%,0.00%,13.25,67.92%,30.19%,22.64%,22.64%,0.00%,0.00%,7.55%,0.00%,22.64%,7.55%,7.55%,0.00%,0,7.55%,0.00%,22.64%,7.55%,7.55%,0.00%,0.00%,0,7.55%,0.00%
India || Meta || Android || Testing - CPS || Male Drama || Hindi || My Mysterious Princess || 242697 || Sketch || NA || 6 May 2026 || Short ||  || UGC ||  ||  ||  || MMPS-Final PGC-Prakash-LP-4------Non Content VO-FM-Ex-Purchase-7-DAY-CLICK,My Mysterious Princess,MMPS-Final PGC-Prakash-LP-4,,Sketch,120243133061420434,ca6c466ebfcd2658a9f1641045f468c15417a1e7,6-May-2026,11-May-2026,inactive,5,$5.21,448,40.00%,5.85%,3.85%,3.77%,3.09%,88.842628,4.67%,0.42,3,746,100.00%,100.00%,66.67%,66.67%,66.67%,0.00%,0.00%,0.00%,66.67%,0.00%,66.67%,0.00%,0.00%,0.00%,0,0.00%,0.00%,0.00%,66.67%,33.33%,33.33%,0.00%,33.33%,0.01514590373,0.00%,0.00%,0.00%,4,100.00%,50.00%,50.00%,50.00%,0.00%,0.00%,0.00%,0.00%,50.00%,0.00%,0.00%,0.00%,0,0.00%,0.00%,50.00%,25.00%,25.00%,0.00%,25.00%,0.01514590373,0.00%,0.00%
India || Meta || Android || Testing - CPS || Fantasy || Hindi || Divine Flame Burst || 628685 || Sketch || NA || 6 May 2026 ||  ||  || UGC ||  ||  ||  || DFB-Final PGC-Chaitanya-LP-2------Non Content VO-FM-Ex-Purchase-7-DAY-CLICK,Divine Flame Burst,DFB-Final PGC-Chaitanya-LP-2,,Sketch,120243143988190434,9e8043f6d71ede076b7ac420a611f3f56e40f224,6-May-2026,11-May-2026,inactive,16,$3.62,311,12.50%,5.58%,3.73%,3.51%,3.36%,61.256614,4.38%,0.45,7,728,43.90%,43.90%,43.90%,29.27%,66.67%,0.00%,0.00%,0.00%,14.63%,14.63%,14.63%,14.63%,14.63%,0.00%,0,0.00%,0.00%,0.00%,14.63%,14.63%,14.63%,14.63%,0.00%,0,0.00%,14.63%,0.00%,7.8334,51.06%,38.30%,25.53%,12.77%,0.00%,0.00%,12.77%,0.00%,12.77%,12.77%,12.77%,0.00%,0,0.00%,0.00%,12.77%,12.77%,12.77%,12.77%,0.00%,0,12.77%,0.00%
India || Meta || Android || Testing - CPS || Male Drama || Hindi || Billionaire Hidden Wife | बिलियनेयर हिडन वाइफ़ | Author - Nitesh || 333694 || Sketch || NA || 7 May 2026 || Short ||  || UGC ||  ||  ||  || RE-RUN-BHW-Final PGC-Prakash-LP-1------Non Content VO-FM-Ex-Purchase-7-DAY-CLICK,Billionaire Hidden Wife,RE-RUN-BHW-Final PGC-Prakash-LP-1,,Sketch,120243184501710434,99ef89ab3b48fa9fe5277ea15e46801ace8fd573,7-May-2026,12-May-2026,inactive,128,$0.80,69,19.53%,11.96%,10.91%,10.53%,10.33%,84.167336,17.20%,0.71,95,93,63.35%,30.62%,19.01%,11.61%,18.33%,1.06%,0.33%,2.11%,9.50%,1.06%,13.73%,6.34%,5.28%,1.06%,0.003290983834,2.11%,2.11%,0.00%,14.78%,8.45%,7.39%,3.17%,1.06%,0.004296413195,2.11%,4.22%,1.06%,105.2666,64.60%,24.70%,17.10%,14.25%,2.85%,2.12%,4.75%,0.95%,17.10%,6.65%,4.75%,2.85%,0.02121595447,1.90%,0.00%,18.05%,8.55%,7.60%,3.80%,4.75%,0.06001136383,4.75%,0.95%
India || Meta || Android || Testing - CPS || Fantasy || Hindi || The Legend Gods || 607713 || Sketch || NA || 29 April 2026 ||  ||  || UGC ||  ||  ||  || TLG-Final PGC-Shailendra-LP-3------Non Content VO-FM-Ex-Purchase-7-DAY-CLICK,The Legend Gods,TLG-Final PGC-Shailendra-LP-3,,Sketch,120242807482120434,e9df0d17c5a5f6fd21ae4b491bd2bca28a785135,29-Apr-2026,12-May-2026,inactive,268,$1.32,114,25.37%,10.35%,7.03%,6.34%,8.69%,61.719965,14.13%,0.38,182,168,72.04%,33.00%,23.10%,15.40%,21.37%,1.65%,0.29%,6.60%,12.10%,4.95%,17.60%,8.25%,6.05%,2.75%,0.004761337661,7.70%,2.75%,0.00%,18.15%,9.90%,8.25%,2.75%,2.75%,0.004761337661,7.70%,3.85%,0.55%,217.6231,72.14%,26.65%,20.68%,15.16%,1.84%,0.80%,10.57%,4.60%,19.30%,10.11%,7.35%,3.22%,0.01601271894,3.22%,0.00%,19.76%,11.49%,9.65%,3.68%,3.22%,0.02377554606,4.60%,1.38%
India || Meta || Android || Testing - CPS || Male Drama || Hindi || Empire of Hidden King | Author - Nitesh || 434778 || GenAI || NA || 5 May 2026 || Short ||  || UGC ||  ||  ||  || EHK-Final PGC-Prakash-LP-2--Hasim-V3---Non Content VO-FM-Ex-Purchase-7-DAY-CLICK-Gen AI,Super Rich Gharjamai (FS),EHK-Final PGC-Prakash-LP-2,,Gen AI,120243066616000434,f8fbcb9a13d17d5888164fffc1bbb7cd5c6608b2,5-May-2026,12-May-2026,inactive,4197,$0.16,14,15.42%,7.33%,7.08%,8.61%,9.12%,45.855986,40.29%,0.83,3515,16,75.19%,32.97%,22.67%,12.29%,16.35%,4.86%,10.21%,9.90%,8.02%,0.46%,12.38%,1.65%,1.19%,5.66%,0.1593419602,10.44%,0.51%,0.06%,12.72%,2.28%,1.71%,0.88%,5.89%,0.1896399138,10.55%,0.97%,0.37%,3897.3107,75.13%,27.30%,16.88%,10.55%,4.98%,12.53%,1.62%,0.28%,13.22%,1.82%,1.36%,5.78%,0.1883032515,0.64%,0.10%,13.61%,2.57%,2.03%,1.10%,6.11%,0.2265274187,1.21%,0.44%
India || Meta || Android || Testing - CPS || Fantasy || Hindi || Lord of Dimension || 670588 || Sketch || NA || 5 May 2026 || Short ||  || UGC ||  ||  ||  || TDG-Final PGC-Hasim-LP-2-V1-----Non Content VO-FM-Ex-Purchase-7-DAY-CLICK,Lord of Dimension,TDG-Final PGC-Hasim-LP-2,,Sketch,120243071794500434,684bf86c1cc5ac02813d77684969e9f57d017c59,5-May-2026,12-May-2026,inactive,64,$2.62,225,18.75%,8.99%,6.66%,7.08%,6.76%,114.55674,4.82%,1.06,36,400,47.22%,13.89%,11.11%,11.11%,23.53%,2.78%,0.20%,8.33%,8.33%,0.00%,11.11%,0.00%,0.00%,5.56%,0.01100037664,8.33%,0.00%,0.00%,11.11%,5.56%,2.78%,0.00%,5.56%,0.01100037664,8.33%,0.00%,0.00%,40.25,52.17%,14.91%,14.91%,14.91%,2.48%,0.20%,9.94%,0.00%,14.91%,4.97%,2.48%,4.97%,0.01100037664,0.00%,0.00%,14.91%,9.94%,7.45%,0.00%,4.97%,0.01100037664,0.00%,0.00%
India || Meta || Android || Testing - CPS || Fantasy || Hindi || Divine Flame Burst || 628685 || Sketch || NA || 7 May 2026 ||  ||  || UGC ||  ||  ||  || DFB-Final PGC-Chaitanya-LP-3------Non Content VO-FM-Ex-Purchase-7-DAY-CLICK,Divine Flame Burst,DFB-Final PGC-Chaitanya-LP-3,,Sketch,120243180491530434,9e8043f6d71ede076b7ac420a611f3f56e40f224,7-May-2026,12-May-2026,inactive,12,$4.53,390,16.67%,6.57%,4.38%,3.96%,3.93%,78.022361,2.42%,0.82,6,0,63.16%,31.58%,31.58%,31.58%,50.00%,0.00%,,15.79%,31.58%,0.00%,31.58%,0.00%,0.00%,0.00%,,15.79%,0.00%,0.00%,31.58%,0.00%,0.00%,0.00%,0.00%,,15.79%,0.00%,0.00%,7.3334,68.18%,27.27%,27.27%,27.27%,0.00%,,13.64%,0.00%,27.27%,0.00%,0.00%,0.00%,,0.00%,0.00%,27.27%,0.00%,0.00%,0.00%,0.00%,,0.00%,0.00%
India || Meta || Android || Testing - CPS || Fantasy || Hindi || Purple Thunder Sovereign || 649265 || Sketch || NA || 7 May 2026 || Short ||  || UGC || No ||  ||  || PTS-Final PGC-Akshay-LP-5------Non Content VO-FM-Ex-Purchase-7-DAY-CLICK,Purple Thunder Sovereign,PTS-Final PGC-Akshay-LP-5,,Sketch,120243181551210434,de8f3bd12ad51c517ed3178cc66a25d48d575d60,7-May-2026,12-May-2026,inactive,8,$4.67,402,12.50%,5.35%,4.34%,4.39%,4.62%,68.977285,2.20%,0.78,7,0,28.57%,0.00%,0.00%,0.00%,0.00%,0.00%,,0.00%,0.00%,0.00%,0.00%,0.00%,0.00%,0.00%,,0.00%,0.00%,0.00%,0.00%,0.00%,0.00%,0.00%,0.00%,,0.00%,0.00%,0.00%,7,28.57%,0.00%,0.00%,0.00%,0.00%,,0.00%,0.00%,0.00%,0.00%,0.00%,0.00%,,0.00%,0.00%,0.00%,0.00%,0.00%,0.00%,0.00%,,0.00%,0.00%
India || Meta || Android || Testing - CPS || Fantasy || Hindi || Divine Flame Burst || 628685 || Sketch || NA || 8 May 2026 ||  ||  || UGC ||  ||  ||  || DFB-Final PGC-Pranjali-LP-4------Non Content VO-FM-Ex-Purchase-7-DAY-CLICK,Divine Flame Burst,DFB-Final PGC-Pranjali-LP-4,,Sketch,120243248977400434,9e8043f6d71ede076b7ac420a611f3f56e40f224,8-May-2026,13-May-2026,inactive,18,$3.48,299,27.78%,5.41%,3.46%,2.93%,3.32%,60.807684,3.73%,0.55,5,0,40.00%,40.00%,20.00%,20.00%,50.00%,0.00%,,0.00%,20.00%,20.00%,20.00%,20.00%,20.00%,0.00%,,0.00%,0.00%,0.00%,20.00%,20.00%,20.00%,0.00%,0.00%,,0.00%,0.00%,0.00%,6,50.00%,33.33%,33.33%,33.33%,0.00%,,33.33%,33.33%,33.33%,33.33%,33.33%,16.67%,,16.67%,16.67%,33.33%,33.33%,33.33%,16.67%,16.67%,,16.67%,16.67%
India || Meta || Android || Testing - CPS || Fantasy || Hindi || Primordial God || 653918 || Sketch || NA || 8 May 2026 ||  ||  || UGC ||  ||  ||  || PG-Final PGC-Shailendra-LP-4------Non Content VO-FM-Ex-Purchase-7-DAY-CLICK,Primordial God,PG-Final PGC-Shailendra-LP-4,,Sketch,120243249320810434,abef90c631978edd56192a52e96c3ff23955322c,8-May-2026,13-May-2026,inactive,3,$10.21,878,33.33%,6.66%,5.37%,4.89%,5.11%,75.010965,2.26%,0.38,2,0,100.00%,0.00%,0.00%,0.00%,0.00%,0.00%,,0.00%,0.00%,0.00%,0.00%,0.00%,0.00%,0.00%,,0.00%,0.00%,0.00%,0.00%,0.00%,0.00%,0.00%,0.00%,,0.00%,0.00%,0.00%,2,100.00%,0.00%,0.00%,0.00%,0.00%,,0.00%,0.00%,0.00%,0.00%,0.00%,0.00%,,0.00%,0.00%,0.00%,0.00%,0.00%,0.00%,0.00%,,0.00%,0.00%
India || Meta || Android || Testing - CPS || Fantasy || Hindi || Primordial God || 653918 || Sketch || NA || 8 May 2026 ||  ||  || UGC ||  ||  ||  || PG-Final PGC-Shailendra-LP-5------Non Content VO-FM-Ex-Purchase-7-DAY-CLICK,Primordial God,PG-Final PGC-Shailendra-LP-5,,Sketch,120243249887270434,abef90c631978edd56192a52e96c3ff23955322c,8-May-2026,13-May-2026,inactive,11,$5.68,489,9.09%,9.76%,8.14%,7.88%,9.74%,82.22071,4.10%,0.41,4,1344,100.00%,0.00%,0.00%,0.00%,0.00%,0.00%,0.00%,0.00%,0.00%,0.00%,0.00%,0.00%,0.00%,0.00%,0,0.00%,0.00%,0.00%,0.00%,0.00%,0.00%,0.00%,0.00%,0,0.00%,0.00%,0.00%,4,100.00%,0.00%,0.00%,0.00%,0.00%,0.00%,0.00%,0.00%,0.00%,0.00%,0.00%,0.00%,0,0.00%,0.00%,0.00%,0.00%,0.00%,0.00%,0.00%,0,0.00%,0.00%
India || Meta || Android || Testing - CPS || Fantasy || Hindi || Purple Thunder Sovereign || 649265 || Sketch || NA || 8 May 2026 || Short ||  || UGC || No ||  ||  || PTS-Final PGC-Akshay-LP-1-V1-----Non Content VO-FM-Ex-Purchase-7-DAY-CLICK,Purple Thunder Sovereign,PTS-Final PGC-Akshay-LP-1,,Sketch,120243263239210434,de8f3bd12ad51c517ed3178cc66a25d48d575d60,8-May-2026,13-May-2026,inactive,49,$2.01,173,2.04%,4.16%,3.15%,3.05%,3.28%,48.681918,2.64%,1.06,15,0,54.05%,13.51%,6.76%,0.00%,0.00%,0.00%,,0.00%,0.00%,0.00%,0.00%,0.00%,0.00%,0.00%,,0.00%,0.00%,0.00%,0.00%,0.00%,0.00%,0.00%,0.00%,,0.00%,0.00%,0.00%,16.8,53.57%,5.95%,0.00%,0.00%,0.00%,,0.00%,0.00%,0.00%,0.00%,0.00%,0.00%,,0.00%,0.00%,0.00%,0.00%,0.00%,0.00%,0.00%,,0.00%,0.00%
India || Meta || Android || Testing - CPS || Fantasy || Hindi || Divine Flame Burst || 628685 || Sketch || NA || 8 May 2026 ||  ||  || UGC ||  ||  ||  || DFB-Final PGC-Pranjali-LP-5------Non Content VO-FM-Ex-Purchase-7-DAY-CLICK,Divine Flame Burst,DFB-Final PGC-Pranjali-LP-5,,Sketch,120243266874970434,9e8043f6d71ede076b7ac420a611f3f56e40f224,8-May-2026,13-May-2026,inactive,17,$3.50,301,11.76%,4.99%,2.54%,2.43%,2.82%,50.876645,2.90%,0.58,3,1535,30.00%,0.00%,0.00%,0.00%,0.00%,0.00%,0.00%,0.00%,0.00%,0.00%,0.00%,0.00%,0.00%,0.00%,0,0.00%,0.00%,0.00%,0.00%,0.00%,0.00%,0.00%,0.00%,0,0.00%,0.00%,0.00%,6.3333,31.58%,15.79%,15.79%,15.79%,0.00%,0.00%,15.79%,15.79%,15.79%,15.79%,15.79%,0.00%,0,15.79%,0.00%,15.79%,15.79%,15.79%,15.79%,0.00%,0,15.79%,0.00%
India || Meta || Android || Testing - CPS || Male Drama || Hindi || My Mysterious Princess || 242697 || Sketch || NA || 9 May 2026 || Short ||  || UGC ||  ||  ||  || MMPS-Final PGC-Prakash-LP-5------Non Content VO-FM-Ex-Purchase-7-DAY-CLICK,My Mysterious Princess,MMPS-Final PGC-Prakash-LP-5,,Sketch,120243286300880434,ca6c466ebfcd2658a9f1641045f468c15417a1e7,9-May-2026,14-May-2026,inactive,17,$2.77,238,23.53%,8.44%,7.11%,6.80%,6.65%,104.638941,8.90%,0.49,11,379,56.25%,46.88%,37.50%,18.75%,33.33%,0.00%,0.00%,9.38%,18.75%,0.00%,18.75%,9.38%,9.38%,0.00%,0,9.38%,0.00%,0.00%,18.75%,9.38%,9.38%,0.00%,0.00%,0,9.38%,0.00%,0.00%,13.6666,65.85%,51.22%,29.27%,14.63%,0.00%,0.00%,0.00%,0.00%,14.63%,7.32%,7.32%,0.00%,0,0.00%,0.00%,14.63%,7.32%,7.32%,0.00%,0.00%,0,0.00%,0.00%
India || Meta || Android || Testing - CPS || Fantasy || Hindi || Lord of Dimension || 670588 || Sketch || NA || 9 May 2026 || Short ||  || UGC ||  ||  ||  || TDG-Final PGC-Shailendra-LP-1-V5-Hasim-V3---Non Content VO-FM-Ex-Purchase-7-DAY-CLICK,Lord of Dimension,TDG-Final PGC-Shailendra-LP-1,,Sketch,120243291473730434,684bf86c1cc5ac02813d77684969e9f57d017c59,9-May-2026,14-May-2026,inactive,11,$4.28,368,9.09%,7.89%,5.78%,5.19%,4.88%,75.4394,4.80%,0.43,7,579,57.14%,28.57%,28.57%,14.29%,25.00%,0.00%,0.00%,0.00%,14.29%,0.00%,14.29%,0.00%,0.00%,0.00%,0,0.00%,0.00%,0.00%,14.29%,0.00%,0.00%,0.00%,0.00%,0,0.00%,0.00%,0.00%,7,57.14%,28.57%,14.29%,14.29%,0.00%,0.00%,0.00%,0.00%,14.29%,0.00%,0.00%,0.00%,0,0.00%,0.00%,14.29%,0.00%,0.00%,0.00%,0.00%,0,0.00%,0.00%
India || Meta || Android || Testing - CPS || Fantasy || Hindi || Lord of Dimension || 670588 || Sketch || NA || 8 May 2026 || Short ||  || UGC ||  ||  ||  || RE-RUN-TDG-Final PGC-Hasim-LP-2------Non Content VO-FM-Ex-Purchase-7-DAY-CLICK,Lord of Dimension,RE-RUN-TDG-Final PGC-Hasim-LP-2,,Sketch,120243266199020434,684bf86c1cc5ac02813d77684969e9f57d017c59,8-May-2026,15-May-2026,inactive,67,$2.64,227,32.84%,8.08%,6.13%,6.56%,6.46%,93.503049,7.04%,0.59,36,417,60.41%,38.44%,32.95%,24.71%,40.91%,0.00%,0.00%,0.00%,21.97%,5.49%,27.46%,10.98%,5.49%,2.75%,0.001892403625,2.75%,2.75%,0.00%,27.46%,10.98%,8.24%,5.49%,2.75%,0.001892403625,2.75%,5.49%,2.75%,43.6507,59.56%,32.07%,25.20%,18.33%,0.00%,0.00%,6.87%,4.58%,22.91%,9.16%,4.58%,4.58%,0.003809148853,2.29%,0.00%,25.20%,11.45%,9.16%,4.58%,4.58%,0.003809148853,4.58%,2.29%
India || Meta || Android || Testing - CPS || Fantasy || Hindi || Lord of Dimension || 670588 || Sketch || NA || 9 May 2026 || Short ||  || UGC ||  ||  ||  || TDG-Final PGC-Shailendra-LP-1-V5-Hasim-V2---Non Content VO-FM-Ex-Purchase-7-DAY-CLICK,Lord of Dimension,TDG-Final PGC-Shailendra-LP-1,,Sketch,120243271084860434,684bf86c1cc5ac02813d77684969e9f57d017c59,9-May-2026,14-May-2026,inactive,28,$2.74,236,25.00%,8.17%,5.93%,5.49%,5.09%,73.320091,7.37%,0.42,12,536,72.97%,16.22%,8.11%,8.11%,11.11%,0.00%,0.00%,0.00%,8.11%,8.11%,16.22%,16.22%,0.00%,0.00%,0,0.00%,0.00%,0.00%,16.22%,16.22%,0.00%,0.00%,0.00%,0,0.00%,0.00%,0.00%,18.8333,74.34%,21.24%,21.24%,15.93%,0.00%,0.00%,15.93%,15.93%,21.24%,21.24%,10.62%,5.31%,0.03574427778,10.62%,0.00%,21.24%,21.24%,10.62%,10.62%,5.31%,0.04755810099,10.62%,0.00%
India || Meta || Android || Testing - CPS || Fantasy || Hindi || Purple Thunder Sovereign || 649265 || Sketch || NA || 9 May 2026 || Short ||  || UGC || No ||  ||  || PTS-Final PGC-Akshay-LP-1--Hasim-V1---Non Content VO-FM-Ex-Purchase-7-DAY-CLICK,Purple Thunder Sovereign,PTS-Final PGC-Akshay-LP-1,,Sketch,120243287136760434,de8f3bd12ad51c517ed3178cc66a25d48d575d60,9-May-2026,14-May-2026,inactive,50,$1.77,152,6.00%,4.90%,2.82%,2.58%,2.37%,65.166635,3.34%,1.29,8,0,37.11%,0.00%,0.00%,0.00%,0.00%,0.00%,,0.00%,0.00%,0.00%,0.00%,0.00%,0.00%,0.00%,,0.00%,0.00%,0.00%,0.00%,0.00%,0.00%,0.00%,0.00%,,0.00%,0.00%,0.00%,12.5,24.00%,0.00%,0.00%,0.00%,0.00%,,0.00%,0.00%,0.00%,0.00%,0.00%,0.00%,,0.00%,0.00%,0.00%,0.00%,0.00%,0.00%,0.00%,,0.00%,0.00%
India || Meta || Android || Testing - CPS || Drama || Hindi || Billionaire Hidden Wife | बिलियनेयर हिडन वाइफ़ || sketch || NA || 18 May 2026 || Long || 23:02 || Show Validation Testing || || || ||  BHW-Final PGC-Prakash-LP-1------Non Content VO-FM-Ex-Purchase-7-DAY-CLICK-Gen-AI,Billionaire Hidden Wife,BHW-Final PGC-Prakash-LP-1,,Gen AI,120243287633800434,99ef89ab3b48fa9fe5277ea15e46801ace8fd573,9-May-2026,14-May-2026,inactive,426,$0.40,34,15.49%,13.45%,12.14%,11.65%,10.98%,70.019335,23.27%,0.88,337,43,63.82%,27.60%,16.62%,7.72%,12.09%,3.56%,3.12%,5.05%,5.64%,1.19%,11.58%,3.56%,2.67%,3.86%,0.03445309041,5.34%,0.89%,0.00%,12.47%,5.34%,4.16%,1.48%,3.86%,0.04312916056,5.64%,2.37%,0.59%,391.0601,65.21%,23.53%,14.32%,7.16%,3.58%,3.52%,3.32%,0.77%,13.55%,4.86%,3.58%,4.09%,0.05386189068,1.28%,0.00%,14.58%,6.65%,5.63%,2.05%,4.09%,0.06253796083,2.81%,0.77%
India || Meta || Android || Testing - CPS || Fantasy || Hindi || Lord of Dimension || 670588 || Sketch || NA || 9 May 2026 || Short ||  || UGC ||  ||  ||  || TDG-Final PGC-Shailendra-LP-1-V5-Hasim-V1---Non Content VO-FM-Ex-Purchase-7-DAY-CLICK,Lord of Dimension,TDG-Final PGC-Shailendra-LP-1,,Sketch,120243289850930434,684bf86c1cc5ac02813d77684969e9f57d017c59,9-May-2026,14-May-2026,inactive,32,$2.76,237,25.00%,9.64%,5.40%,5.55%,5.48%,82.751028,8.21%,0.43,13,570,90.23%,30.08%,22.56%,15.04%,16.67%,0.00%,0.00%,0.00%,7.52%,0.00%,15.04%,7.52%,7.52%,0.00%,0,0.00%,0.00%,0.00%,15.04%,7.52%,7.52%,0.00%,0.00%,0,0.00%,0.00%,0.00%,22.85,78.77%,26.26%,17.51%,13.13%,0.00%,0.00%,4.38%,4.38%,17.51%,8.75%,8.75%,0.00%,0,0.00%,0.00%,17.51%,13.13%,8.75%,0.00%,0.00%,0,0.00%,0.00%
India || Meta || Android || Testing - CPS || Fantasy || Hindi || Divine Flame Burst || 628685 || Sketch || NA || 12 May 2026 ||  ||  || UGC ||  ||  ||  || DFB-Final PGC-Pranjali-LP-6------Non Content VO-FM-Ex-Purchase-7-DAY-CLICK,Divine Flame Burst,DFB-Final PGC-Pranjali-LP-6,,Sketch,120243439551370434,9e8043f6d71ede076b7ac420a611f3f56e40f224,12-May-2026,17-May-2026,inactive,19,$3.18,273,36.84%,6.55%,4.77%,5.30%,5.81%,73.796731,3.92%,0.69,8,649,37.50%,25.00%,25.00%,12.50%,33.33%,0.00%,0.00%,12.50%,12.50%,0.00%,37.50%,12.50%,12.50%,0.00%,0,12.50%,0.00%,0.00%,37.50%,12.50%,12.50%,12.50%,12.50%,0.005563801243,25.00%,12.50%,0.00%,10,50.00%,30.00%,10.00%,10.00%,0.00%,0.00%,0.00%,0.00%,30.00%,10.00%,10.00%,0.00%,0,0.00%,0.00%,30.00%,10.00%,10.00%,10.00%,10.00%,0.005563801243,10.00%,0.00%
India || Meta || Android || Testing - CPS || Fantasy || Hindi || Divine Flame Burst || 628685 || Sketch || NA || 12 May 2026 ||  ||  || UGC ||  ||  ||  || DFB-Final PGC-Hasim-LP-1-V1-----Non Content VO-FM-Ex-Purchase-7-DAY-CLICK,Divine Flame Burst,DFB-Final PGC-Hasim-LP-1,Selected,Sketch,120243442050400434,9e8043f6d71ede076b7ac420a611f3f56e40f224,12-May-2026,20-May-2026,inactive,78,$2.00,172,44.87%,9.48%,7.23%,6.34%,7.04%,65.20009,7.10%,0.53,34,391,81.67%,52.50%,37.92%,32.08%,39.29%,0.00%,0.00%,0.00%,29.17%,14.58%,37.92%,11.67%,5.83%,2.92%,0.002159709284,2.92%,5.83%,0.00%,37.92%,14.58%,11.67%,5.83%,5.83%,0.00734386916,5.83%,5.83%,2.92%,41.5357,84.26%,48.15%,38.52%,36.11%,0.00%,0.00%,16.85%,7.22%,40.93%,14.45%,9.63%,2.41%,0.002159709284,7.22%,0.00%,40.93%,16.85%,14.45%,7.22%,4.82%,0.00734386916,7.22%,2.41%
India || Meta || Android || Testing - CPS || Fantasy || Hindi || Primordial God || 653918 || Sketch || NA || 12 May 2026 ||  ||  || UGC ||  ||  ||  || PG-Final PGC-Shailendra-LP-6------Non Content VO-FM-Ex-Purchase-7-DAY-CLICK,Primordial God,PG-Final PGC-Shailendra-LP-6,,Sketch,120243461964400434,abef90c631978edd56192a52e96c3ff23955322c,12-May-2026,17-May-2026,inactive,18,$3.34,287,5.56%,10.81%,8.89%,8.39%,8.22%,75.475096,2.98%,0.88,7,739,42.86%,14.29%,0.00%,0.00%,0.00%,0.00%,0.00%,0.00%,0.00%,0.00%,0.00%,0.00%,0.00%,0.00%,0,0.00%,0.00%,0.00%,0.00%,0.00%,0.00%,0.00%,0.00%,0,0.00%,0.00%,0.00%,9,44.44%,11.11%,0.00%,0.00%,0.00%,0.00%,0.00%,0.00%,0.00%,0.00%,0.00%,0.00%,0,0.00%,0.00%,0.00%,0.00%,0.00%,0.00%,0.00%,0,0.00%,0.00%
India || Meta || Android || Testing - CPS || Fantasy || Hindi || Purple Thunder Sovereign || 649265 || Sketch || NA || 14 May 2026 || Short ||  || UGC || No ||  ||  || PTS-Final PGC-Akshay-LP-3-V1-----Non Content VO-FM-Ex-Purchase-7-DAY-CLICK,Purple Thunder Sovereign,PTS-Final PGC-Akshay-LP-3,,Sketch,120243557032630434,de8f3bd12ad51c517ed3178cc66a25d48d575d60,14-May-2026,19-May-2026,inactive,44,$2.04,176,20.45%,5.12%,4.04%,4.01%,4.17%,80.510864,3.72%,1.23,13,0,53.85%,0.00%,0.00%,0.00%,0.00%,0.00%,,7.69%,0.00%,0.00%,0.00%,0.00%,0.00%,0.00%,,7.69%,0.00%,0.00%,7.69%,0.00%,0.00%,0.00%,0.00%,,7.69%,0.00%,0.00%,14.5,48.28%,0.00%,0.00%,0.00%,0.00%,,0.00%,0.00%,0.00%,0.00%,0.00%,0.00%,,0.00%,0.00%,6.90%,0.00%,0.00%,0.00%,0.00%,,0.00%,0.00%
India || Meta || Android || Testing - CPS || Fantasy || Hindi || Divine Flame Burst || 628685 || Sketch || NA || 18 May 2026 ||  ||  || UGC ||  ||  ||  || DFB-Final PGC-Chaitanya-LP-4------Non Content VO-FM-Ex-Purchase-7-DAY-CLICK,Divine Flame Burst,DFB-Final PGC-Chaitanya-LP-4,,Sketch,120243798207920434,9e8043f6d71ede076b7ac420a611f3f56e40f224,18-May-2026,23-May-2026,inactive,7,$5.30,456,28.57%,2.68%,1.61%,1.39%,1.33%,25.563633,3.08%,0.18,2,0,50.00%,0.00%,0.00%,0.00%,0.00%,0.00%,,0.00%,0.00%,0.00%,0.00%,0.00%,0.00%,0.00%,,0.00%,0.00%,0.00%,0.00%,0.00%,0.00%,0.00%,0.00%,,0.00%,0.00%,0.00%,2,50.00%,0.00%,0.00%,0.00%,0.00%,,0.00%,0.00%,0.00%,0.00%,0.00%,0.00%,,0.00%,0.00%,0.00%,0.00%,0.00%,0.00%,0.00%,,0.00%,0.00%
India || Meta || Android || Testing - CPS || Fantasy || Hindi || Purple Thunder Sovereign || 649265 || Sketch || NA || 18 May 2026 || Short ||  || UGC || No ||  ||  || PTS-Final PGC-Akshay-LP-1-V2-----Non Content VO-FM-Ex-Purchase-7-DAY-CLICK,Purple Thunder Sovereign,PTS-Final PGC-Akshay-LP-1,,Sketch,120243798785600434,de8f3bd12ad51c517ed3178cc66a25d48d575d60,18-May-2026,23-May-2026,inactive,3,$14.81,1274,33.33%,2.43%,2.05%,1.99%,1.88%,26.294201,1.27%,0.16,3,1274,0.00%,,,,,0.00%,0.00%,0.00%,,,0.00%,0.00%,0.00%,0.00%,0,0.00%,0.00%,0.00%,0.00%,0.00%,0.00%,0.00%,0.00%,0,0.00%,0.00%,0.00%,3,0.00%,0.00%,0.00%,0.00%,0.00%,0.00%,0.00%,0.00%,0.00%,0.00%,0.00%,0.00%,0,0.00%,0.00%,0.00%,0.00%,0.00%,0.00%,0.00%,0,0.00%,0.00%
India || Meta || Android || Testing - CPS || Fantasy || Hindi || Billionaire Royal System || 614376 || Sketch || NA || 18 May 2026 ||  ||  || UGC ||  ||  ||  || BRS-Final PGC-Prakash-LP-1------Non Content VO-FM-Ex-Purchase-7-DAY-CLICK,Billionaire Royal System,BRS-Final PGC-Prakash-LP-1,,Sketch,120243799297350434,0326f594b1a7a24070eaf848204d97a7f7b09885,18-May-2026,23-May-2026,inactive,45,$1.93,166,17.78%,4.86%,3.01%,2.54%,3.01%,44.920283,6.34%,0.43,21,356,47.67%,14.30%,9.53%,4.77%,10.00%,0.00%,0.00%,0.00%,0.00%,0.00%,4.77%,0.00%,0.00%,0.00%,0,0.00%,0.00%,0.00%,4.77%,0.00%,0.00%,0.00%,0.00%,0,0.00%,0.00%,0.00%,21.9761,50.05%,13.65%,9.10%,0.00%,0.00%,0.00%,0.00%,0.00%,4.55%,0.00%,0.00%,0.00%,0,0.00%,0.00%,4.55%,0.00%,0.00%,0.00%,0.00%,0,0.00%,0.00%
India || Meta || Android || Testing - CPS || Fantasy || Hindi || Mahagatha | महागाथा | Author - S. Mauryavanshi || 228406 || Sketch || NA || 18 May 2026 ||  ||  || UGC ||  ||  ||  || MGHT-Final PGC-Akshay-LP-1------Non Content VO-FM-Ex-Purchase-7-DAY-CLICK,MHG OG PGC,MGHT-Final PGC-Akshay-LP-1,,Sketch,120243799477360434,641b6f77fd211e92df35a3bcbab67e6879e19a66,18-May-2026,23-May-2026,inactive,46,$1.68,145,13.04%,3.13%,2.21%,2.75%,2.97%,57.941028,4.59%,0.87,19,351,31.58%,10.00%,10.00%,10.00%,31.67%,0.00%,0.00%,0.00%,5.00%,0.00%,10.00%,5.00%,5.00%,0.00%,0,0.00%,0.00%,0.00%,10.00%,5.00%,5.00%,0.00%,0.00%,0,0.00%,0.00%,0.00%,24.3334,41.10%,12.33%,12.33%,8.22%,0.00%,0.00%,0.00%,0.00%,12.33%,8.22%,4.11%,0.00%,0,0.00%,0.00%,12.33%,8.22%,4.11%,0.00%,0.00%,0,0.00%,0.00%
India || Meta || Android || Testing - CPS || Fantasy || Hindi || Primordial God || 653918 || Sketch || NA || 18 May 2026 ||  ||  || UGC ||  ||  ||  || PG-Final PGC-Pranjali-LP-1------Non Content VO-FM-Ex-Purchase-7-DAY-CLICK,Primordial God,PG-Final PGC-Pranjali-LP-1,,Sketch,120243799637880434,abef90c631978edd56192a52e96c3ff23955322c,18-May-2026,23-May-2026,inactive,4,$8.49,730,0.00%,3.91%,3.37%,3.12%,3.61%,28.361686,3.20%,0.12,3,0,0.00%,0.00%,0.00%,0.00%,,0.00%,,0.00%,0.00%,0.00%,0.00%,0.00%,0.00%,0.00%,,0.00%,0.00%,0.00%,0.00%,0.00%,0.00%,0.00%,0.00%,,0.00%,0.00%,0.00%,4,25.00%,0.00%,0.00%,0.00%,0.00%,0.00%,0.00%,0.00%,0.00%,0.00%,0.00%,0.00%,0,0.00%,0.00%,0.00%,0.00%,0.00%,0.00%,0.00%,0,0.00%,0.00%
India || Meta || Android || Testing - CPS || Fantasy || Hindi || Divine Flame Burst || 628685 || Sketch || NA || 18 May 2026 ||  ||  || UGC ||  ||  ||  || DFB-Final PGC-Chaitanya-LP-7------Non Content VO-FM-Ex-Purchase-7-DAY-CLICK,Divine Flame Burst,DFB-Final PGC-Chaitanya-LP-7,,Sketch,120243804182740434,9e8043f6d71ede076b7ac420a611f3f56e40f224,18-May-2026,23-May-2026,inactive,4,$10.53,906,0.00%,3.71%,2.54%,2.57%,2.37%,27.367173,2.17%,0.14,1,3624,0.00%,0.00%,0.00%,0.00%,,0.00%,0.00%,0.00%,0.00%,0.00%,0.00%,0.00%,0.00%,0.00%,0,0.00%,0.00%,0.00%,0.00%,0.00%,0.00%,0.00%,0.00%,0,0.00%,0.00%,0.00%,1,0.00%,0.00%,0.00%,0.00%,0.00%,,0.00%,0.00%,0.00%,0.00%,0.00%,0.00%,,0.00%,0.00%,0.00%,0.00%,0.00%,0.00%,0.00%,,0.00%,0.00%
India || Meta || Android || Testing - CPS || Fantasy || Hindi || Purple Thunder Sovereign || 649265 || Sketch || NA || 18 May 2026 || Short ||  || UGC || No ||  ||  || PTS-Final PGC-Ganesh-LP-1------Non Content VO-FM-Ex-Purchase-7-DAY-CLICK,Purple Thunder Sovereign,PTS-Final PGC-Ganesh-LP-1,,Sketch,120243804688500434,de8f3bd12ad51c517ed3178cc66a25d48d575d60,18-May-2026,23-May-2026,inactive,3,$9.94,855,0.00%,1.44%,1.19%,1.25%,1.26%,20.972981,1.99%,0.12,2,1282,0.00%,,,,,0.00%,0.00%,0.00%,,,0.00%,0.00%,0.00%,0.00%,0,0.00%,0.00%,0.00%,0.00%,0.00%,0.00%,0.00%,0.00%,0,0.00%,0.00%,0.00%,1,0.00%,0.00%,0.00%,0.00%,0.00%,,0.00%,0.00%,0.00%,0.00%,0.00%,0.00%,,0.00%,0.00%,0.00%,0.00%,0.00%,0.00%,0.00%,,0.00%,0.00%
India || Meta || Android || Testing - CPS || Fantasy || Hindi || Primordial God || 653918 || Sketch || NA || 18 May 2026 ||  ||  || UGC ||  ||  ||  || PG-Final PGC-Pranjali-LP-2------Non Content VO-FM-Ex-Purchase-7-DAY-CLICK,Primordial God,PG-Final PGC-Pranjali-LP-2,,Sketch,120243805697680434,abef90c631978edd56192a52e96c3ff23955322c,18-May-2026,23-May-2026,inactive,,$0.00,,,4.19%,3.40%,3.16%,3.91%,32.612106,0.00%,0.09,1,3160,0.00%,,,,,0.00%,0.00%,0.00%,,,0.00%,0.00%,0.00%,0.00%,0,0.00%,0.00%,0.00%,0.00%,0.00%,0.00%,0.00%,0.00%,0,0.00%,0.00%,0.00%,1,0.00%,0.00%,0.00%,0.00%,0.00%,0.00%,0.00%,0.00%,0.00%,0.00%,0.00%,0.00%,0,0.00%,0.00%,0.00%,0.00%,0.00%,0.00%,0.00%,0,0.00%,0.00%
India || Meta || Android || Testing - CPS || Fantasy || Hindi || Primordial God || 653918 || Sketch || NA || 18 May 2026 ||  ||  || UGC ||  ||  ||  || RE-RUN-PG-Final PGC-Shailendra-LP-1------Non Content VO-FM-Ex-Purchase-7-DAY-CLICK,Primordial God,RE-RUN-PG-Final PGC-Shailendra-LP-1,,Sketch,120243812045470434,abef90c631978edd56192a52e96c3ff23955322c,18-May-2026,23-May-2026,inactive,1,$24.97,2147,100.00%,2.78%,2.29%,2.11%,2.76%,24.992668,1.20%,0.10,,,,,,,,,,,,,,,,,,,,,,,,,,,,,,1,100.00%,100.00%,100.00%,100.00%,0.00%,0.00%,100.00%,0.00%,100.00%,100.00%,100.00%,0.00%,0,100.00%,0.00%,100.00%,100.00%,100.00%,100.00%,0.00%,0,100.00%,0.00%
India || Meta || Android || Testing - CPS || Fantasy || Hindi || Primordial God || 653918 || Sketch || NA || 18 May 2026 ||  ||  || UGC ||  ||  ||  || RE-RUN-PG-Final PGC-Shailendra-LP-2------Non Content VO-FM-Ex-Purchase-7-DAY-CLICK,Primordial God,RE-RUN-PG-Final PGC-Shailendra-LP-2,,Sketch,120243812461160434,abef90c631978edd56192a52e96c3ff23955322c,18-May-2026,23-May-2026,inactive,36,$2.25,193,27.78%,9.17%,8.59%,7.47%,8.77%,68.263684,6.37%,0.55,17,413,53.47%,22.43%,11.22%,5.61%,10.49%,0.00%,0.00%,5.94%,5.61%,5.61%,11.22%,11.22%,5.61%,0.00%,0,5.94%,0.00%,0.00%,11.22%,11.22%,5.61%,0.00%,0.00%,0,11.88%,5.61%,0.00%,22.4167,49.07%,17.84%,8.92%,4.46%,0.00%,0.00%,4.46%,0.00%,13.38%,13.38%,8.92%,0.00%,0,0.00%,0.00%,13.38%,13.38%,8.92%,0.00%,0.00%,0,4.46%,0.00%
India || Meta || Android || Testing - CPS || Fantasy || Hindi || Purple Thunder Sovereign || 649265 || Sketch || NA || 19 May 2026 || Short ||  || UGC || No ||  ||  || PTS-Final PGC-Akshay-LP-8------Non Content VO-FM-Ex-Purchase-7-DAY-CLICK,Purple Thunder Sovereign,PTS-Final PGC-Akshay-LP-8,,Sketch,120243847763860434,de8f3bd12ad51c517ed3178cc66a25d48d575d60,19-May-2026,24-May-2026,inactive,5,$8.19,705,40.00%,11.72%,6.47%,6.73%,6.28%,53.456159,1.89%,0.40,3,1175,66.67%,33.33%,33.33%,33.33%,50.00%,0.00%,0.00%,0.00%,0.00%,0.00%,0.00%,0.00%,0.00%,0.00%,0,0.00%,0.00%,0.00%,0.00%,0.00%,0.00%,0.00%,0.00%,0,0.00%,0.00%,0.00%,5.5,72.73%,54.55%,54.55%,18.18%,0.00%,0.00%,18.18%,0.00%,36.36%,18.18%,18.18%,0.00%,0,18.18%,0.00%,36.36%,18.18%,18.18%,18.18%,0.00%,0,18.18%,0.00%
India || Meta || Android || Testing - CPS || Fantasy || Hindi || Divine Flame Burst || 628685 || Sketch || NA || 19 May 2026 ||  ||  || UGC ||  ||  ||  || DFB-Final PGC-Chaitanya-LP-5------Non Content VO-FM-Ex-Purchase-7-DAY-CLICK,Divine Flame Burst,DFB-Final PGC-Chaitanya-LP-5,,Sketch,120243849378420434,9e8043f6d71ede076b7ac420a611f3f56e40f224,19-May-2026,24-May-2026,inactive,76,$1.56,134,11.84%,5.15%,3.91%,3.72%,3.91%,41.340479,4.31%,0.71,26,346,42.01%,13.36%,10.02%,6.68%,15.90%,0.00%,0.00%,0.00%,6.68%,3.34%,6.68%,3.34%,3.34%,3.82%,0.003188522368,3.82%,3.34%,0.00%,6.68%,6.68%,3.34%,3.34%,3.82%,0.003188522368,3.82%,3.34%,0.00%,35.6334,44.90%,8.42%,5.61%,5.61%,0.00%,0.00%,2.81%,0.00%,5.61%,2.81%,2.81%,2.81%,0.002828630241,2.81%,0.00%,5.61%,5.61%,2.81%,2.81%,2.81%,0.002828630241,2.81%,0.00%
India || Meta || Android || Testing - CPS || Fantasy || Hindi || Divine Flame Burst || 628685 || Sketch || NA || 19 May 2026 ||  ||  || UGC ||  ||  ||  || DFB-Final PGC-Chaitanya-LP-6------Non Content VO-FM-Ex-Purchase-7-DAY-CLICK,Divine Flame Burst,DFB-Final PGC-Chaitanya-LP-6,,Sketch,120243849516730434,9e8043f6d71ede076b7ac420a611f3f56e40f224,19-May-2026,24-May-2026,inactive,2,$12.36,1063,50.00%,6.33%,4.98%,5.54%,5.76%,32.074706,1.29%,0.23,1,1594,75.00%,75.00%,75.00%,0.00%,0.00%,0.00%,0.00%,0.00%,0.00%,0.00%,0.00%,0.00%,0.00%,0.00%,0,0.00%,0.00%,0.00%,0.00%,0.00%,0.00%,0.00%,0.00%,0,0.00%,0.00%,0.00%,3.6666,54.55%,27.27%,0.00%,0.00%,0.00%,0.00%,0.00%,0.00%,0.00%,0.00%,0.00%,0.00%,0,0.00%,0.00%,0.00%,0.00%,0.00%,0.00%,0.00%,0,0.00%,0.00%
India || Meta || Android || Testing - CPS || Fantasy || Hindi || Divine Flame Burst || 628685 || Sketch || NA || 19 May 2026 ||  ||  || UGC ||  ||  ||  || DFB-Final PGC-Hasim-LP-1-V2-----Non Content VO-FM-Ex-Purchase-7-DAY-CLICK,Divine Flame Burst,DFB-Final PGC-Hasim-LP-1,,Sketch,120243849836560434,9e8043f6d71ede076b7ac420a611f3f56e40f224,19-May-2026,24-May-2026,inactive,3,$8.97,771,0.00%,3.59%,2.56%,2.01%,2.22%,34.179658,2.38%,0.19,4,578,0.00%,,,,,0.00%,0.00%,0.00%,,,0.00%,0.00%,0.00%,0.00%,0,0.00%,0.00%,0.00%,0.00%,0.00%,0.00%,0.00%,0.00%,0,0.00%,0.00%,0.00%,4,0.00%,0.00%,0.00%,0.00%,0.00%,0.00%,0.00%,0.00%,0.00%,0.00%,0.00%,0.00%,0,0.00%,0.00%,0.00%,0.00%,0.00%,0.00%,0.00%,0,0.00%,0.00%
India || Meta || Android || Testing - CPS || Fantasy || Hindi || Primordial God || 653918 || Sketch || NA || 19 May 2026 ||  ||  || UGC ||  ||  ||  || PG-Final PGC-Shailendra-LP-3-V1-----Non Content VO-FM-Ex-Purchase-7-DAY-CLICK,Primordial God,PG-Final PGC-Shailendra-LP-3,,Sketch,120243850099150434,abef90c631978edd56192a52e96c3ff23955322c,19-May-2026,24-May-2026,inactive,40,$2.09,180,22.50%,7.28%,4.60%,4.51%,4.49%,70.245301,7.26%,0.54,14,528,73.26%,36.63%,7.33%,7.33%,10.00%,7.33%,1.10%,0.00%,7.33%,0.00%,7.33%,0.00%,0.00%,7.33%,0.03299583304,0.00%,0.00%,0.00%,14.65%,0.00%,0.00%,0.00%,7.33%,0.03299583304,0.00%,0.00%,0.00%,26.55,67.80%,26.36%,18.83%,15.07%,3.77%,1.10%,11.30%,3.77%,18.83%,11.30%,7.53%,3.77%,0.03299583304,7.53%,3.77%,22.60%,11.30%,11.30%,3.77%,7.53%,0.03707225381,7.53%,3.77%
India || Meta || Android || Testing - CPS || Fantasy || Hindi || The Legend Gods || 607713 || Sketch || NA || 14 May 2026 ||  ||  || UGC ||  ||  ||  || RE-RUN-TLG-Final PGC-Shailendra-LP-3------Non Content VO-FM-Ex-Purchase-7-DAY-CLICK,The Legend Gods,RE-RUN-TLG-Final PGC-Shailendra-LP-3,,Sketch,120243572369600434,e9df0d17c5a5f6fd21ae4b491bd2bca28a785135,14-May-2026,25-May-2026,inactive,158,$1.54,132,31.01%,10.67%,7.59%,6.80%,9.11%,60.282292,12.91%,0.35,112,187,81.30%,41.99%,29.48%,21.44%,26.37%,0.00%,0.00%,2.68%,18.76%,5.36%,22.34%,7.15%,4.47%,0.89%,0.01189426308,3.57%,1.79%,0.89%,22.34%,9.83%,6.25%,1.79%,1.79%,0.01891181412,3.57%,1.79%,0.89%,131.7127,81.24%,34.92%,25.81%,19.74%,0.00%,0.00%,11.39%,3.80%,25.05%,10.63%,6.83%,1.52%,0.07492340536,3.80%,1.52%,25.05%,12.91%,9.11%,3.04%,2.28%,0.1484642046,3.80%,1.52%
India || Meta || Android || Testing - CPS || Fantasy || Hindi || Primordial God || 653918 || Sketch || NA || 18 May 2026 ||  ||  || UGC ||  ||  ||  || RE-RUN-PG-Final PGC-Shailendra-LP-3------Non Content VO-FM-Ex-Purchase-7-DAY-CLICK,Primordial God,PG-Final PGC-Shailendra-LP-3,Selected,Sketch,120243813268670434,abef90c631978edd56192a52e96c3ff23955322c,18-May-2026,25-May-2026,inactive,77,$2.00,172,36.36%,10.62%,8.82%,8.07%,8.88%,88.395527,11.83%,0.43,34,329,55.61%,34.13%,26.81%,17.06%,30.68%,2.93%,0.26%,2.93%,14.63%,9.75%,17.06%,12.19%,12.19%,8.78%,0.03132394376,8.78%,7.31%,2.44%,17.06%,12.19%,12.19%,7.31%,8.78%,0.05261435002,8.78%,7.31%,4.88%,62,56.45%,29.03%,22.58%,17.74%,1.61%,0.22%,12.90%,8.06%,19.35%,12.90%,12.90%,4.84%,0.02656231493,8.06%,1.61%,20.97%,14.52%,14.52%,6.45%,6.45%,0.06342588489,9.68%,3.23%
India || Meta || Android || Testing - CPS || Fantasy || Hindi || Primordial God || 653918 || Sketch || NA || 19 May 2026 ||  ||  || UGC ||  ||  ||  || PG-Final PGC-Shailendra-LP-3-V2-----Non Content VO-FM-Ex-Purchase-7-DAY-CLICK,Primordial God,PG-Final PGC-Shailendra-LP-3,,Sketch,120243851504170434,abef90c631978edd56192a52e96c3ff23955322c,19-May-2026,24-May-2026,inactive,23,$2.90,249,30.43%,10.38%,8.42%,7.99%,8.29%,99.753729,6.37%,0.63,10,573,80.00%,50.00%,40.00%,30.00%,37.50%,0.00%,0.00%,10.00%,20.00%,0.00%,30.00%,0.00%,0.00%,0.00%,0,10.00%,0.00%,0.00%,30.00%,0.00%,0.00%,0.00%,0.00%,0,10.00%,0.00%,0.00%,14,71.43%,28.57%,21.43%,21.43%,0.00%,0.00%,0.00%,0.00%,21.43%,0.00%,0.00%,7.14%,0.01390018902,0.00%,0.00%,21.43%,0.00%,0.00%,0.00%,7.14%,0.01390018902,0.00%,0.00%
India || Meta || Android || Testing - CPS || Male Drama || Hindi || My Mysterious Princess || 242697 || Sketch || NA || 19 May 2026 || Short ||  || UGC ||  ||  ||  || MMPS-Final PGC-Mirant-LP-1------Non Content VO-FM-Ex-Purchase-7-DAY-CLICK,My Mysterious Princess,MMPS-Final PGC-Mirant-LP-1,,Sketch,120243852038720434,ca6c466ebfcd2658a9f1641045f468c15417a1e7,19-May-2026,24-May-2026,inactive,8,$4.38,377,37.50%,4.60%,3.18%,2.74%,2.61%,46.611757,3.98%,0.31,3,1207,80.00%,40.00%,40.00%,40.00%,50.00%,0.00%,0.00%,0.00%,40.00%,0.00%,40.00%,0.00%,0.00%,0.00%,0,0.00%,0.00%,0.00%,40.00%,0.00%,0.00%,0.00%,0.00%,0,0.00%,0.00%,0.00%,4.5,44.44%,22.22%,22.22%,22.22%,0.00%,,0.00%,0.00%,22.22%,0.00%,0.00%,0.00%,,0.00%,0.00%,22.22%,0.00%,0.00%,0.00%,0.00%,,0.00%,0.00%
India || Meta || Android || Testing - CPI || Fantasy || Hindi || Purple Thunder Sovereign || 649265 || GenAI-Cinematic-Motion || NA || 19 May 2026 || Short ||  || UGC || No ||  ||  || PTS-Final PGC-Akshay-LP-1------Non Content VO-FM-Ex-Purchase-7-DAY-CLICK-Gen AI-With-Logo,Purple Thunder Sovereign,PTS-Final PGC-Akshay-LP-1,Selected,Gen AI,120243886144550434,de8f3bd12ad51c517ed3178cc66a25d48d575d60,19-May-2026,26-May-2026,inactive,202,$0.60,52,18.81%,7.35%,7.58%,7.93%,8.34%,74.356073,25.00%,0.57,135,77,33.99%,24.38%,20.69%,9.60%,28.26%,0.00%,0.00%,1.48%,9.60%,0.74%,16.99%,3.69%,0.74%,0.74%,0.01231697581,2.22%,0.00%,0.00%,18.47%,5.17%,2.22%,0.74%,1.48%,0.02143823562,2.22%,0.74%,0.00%,157.0833,35.01%,21.64%,15.92%,9.55%,0.00%,0.00%,3.82%,1.27%,16.55%,3.82%,1.27%,0.64%,0.01231697581,0.64%,0.00%,17.83%,5.09%,2.55%,1.27%,1.27%,0.02143823562,1.27%,0.00%
India || Meta || Android || Testing - CPI || Fantasy || Hindi || Purple Thunder Sovereign || 649265 || GenAI-Cinematic-Motion || NA || 19 May 2026 || Short ||  || UGC || No ||  ||  || PTS-Final PGC-Akshay-LP-1------Non Content VO-FM-Ex-Purchase-7-DAY-CLICK-Gen AI-1:1Ratio,Purple Thunder Sovereign,PTS-Final PGC-Akshay-LP-1,,Gen AI,120243886629310434,de8f3bd12ad51c517ed3178cc66a25d48d575d60,19-May-2026,26-May-2026,inactive,23,$1.45,125,21.74%,3.93%,3.58%,3.80%,3.93%,53.56887,14.02%,0.31,7,0,0.00%,0.00%,0.00%,0.00%,,0.00%,,0.00%,0.00%,0.00%,27.78%,13.89%,13.89%,0.00%,,0.00%,0.00%,0.00%,27.78%,13.89%,13.89%,13.89%,0.00%,,0.00%,13.89%,0.00%,14.4,6.94%,0.00%,0.00%,0.00%,0.00%,,0.00%,0.00%,13.89%,6.94%,6.94%,0.00%,,0.00%,0.00%,13.89%,6.94%,6.94%,6.94%,0.00%,,6.94%,0.00%
India || Meta || Android || Testing - CPI || Fantasy || Hindi || Purple Thunder Sovereign || 649265 || GenAI-Cinematic-Motion || NA || 19 May 2026 || Short ||  || UGC || No ||  ||  || PTS-Final PGC-Akshay-LP-1------Non Content VO-FM-Ex-Purchase-7-DAY-CLICK-Gen AI-PS2-1:1Ratio,Purple Thunder Sovereign,PTS-Final PGC-Akshay-LP-1,,Gen AI,120243887142550434,de8f3bd12ad51c517ed3178cc66a25d48d575d60,19-May-2026,26-May-2026,inactive,14,$2.21,190,14.29%,3.61%,3.26%,3.53%,3.80%,44.154086,8.33%,0.28,9,0,35.29%,11.76%,11.76%,11.76%,33.33%,0.00%,,0.00%,11.76%,11.76%,11.76%,11.76%,0.00%,0.00%,,0.00%,0.00%,0.00%,11.76%,11.76%,0.00%,0.00%,0.00%,,0.00%,0.00%,0.00%,8.5,35.29%,11.76%,11.76%,11.76%,0.00%,,11.76%,0.00%,11.76%,11.76%,0.00%,0.00%,,0.00%,0.00%,11.76%,11.76%,0.00%,0.00%,0.00%,,0.00%,0.00%
India || Meta || Android || Testing - CPI || Fantasy || Hindi || Purple Thunder Sovereign || 649265 || GenAI-Cinematic-Motion || NA || 19 May 2026 || Short ||  || UGC || No ||  ||  || PTS-Final PGC-Akshay-LP-1------Non Content VO-FM-Ex-Purchase-7-DAY-CLICK-Gen AI-PS2-With-Logo,Purple Thunder Sovereign,PTS-Final PGC-Akshay-LP-1,Selected,Gen AI,120243887784520434,de8f3bd12ad51c517ed3178cc66a25d48d575d60,19-May-2026,26-May-2026,inactive,181,$0.69,59,22.65%,5.52%,5.76%,6.01%,6.66%,70.732843,20.36%,0.59,131,82,51.12%,35.86%,27.47%,15.26%,29.85%,1.53%,0.54%,4.58%,12.21%,3.82%,22.13%,4.58%,3.05%,1.53%,0.008114243287,4.58%,0.00%,0.00%,24.42%,6.10%,4.58%,0.00%,1.53%,0.008114243287,4.58%,0.00%,0.00%,160.0708,50.60%,31.24%,19.37%,13.74%,1.87%,0.81%,5.62%,3.12%,21.87%,5.00%,3.75%,1.87%,0.01082079482,1.25%,0.00%,24.36%,7.50%,5.62%,1.25%,1.87%,0.01082079482,1.25%,0.00%
India || Meta || Android || Testing - CPS || Fantasy || Hindi || Primordial God || 653918 || Sketch || NA || 20 May 2026 ||  ||  || UGC ||  ||  ||  || PG-Final PGC-Shailendra-LP-3--Pranjali-V1---Non Content VO-FM-Ex-Purchase-7-DAY-CLICK,Primordial God,PG-Final PGC-Shailendra-LP-3,,Sketch,120243933885720434,abef90c631978edd56192a52e96c3ff23955322c,20-May-2026,25-May-2026,inactive,11,$3.53,303,54.55%,10.18%,8.51%,7.64%,8.65%,75.772463,6.92%,0.36,8,417,75.00%,50.00%,50.00%,37.50%,50.00%,0.00%,0.00%,0.00%,25.00%,12.50%,37.50%,25.00%,25.00%,0.00%,0,0.00%,12.50%,12.50%,37.50%,25.00%,25.00%,12.50%,0.00%,0,0.00%,12.50%,12.50%,8,75.00%,50.00%,37.50%,25.00%,0.00%,0.00%,12.50%,12.50%,37.50%,25.00%,25.00%,0.00%,0,12.50%,12.50%,37.50%,25.00%,25.00%,12.50%,0.00%,0,12.50%,12.50%
India || Meta || Android || Testing - CPS || Fantasy || Hindi || Divine Flame Burst || 628685 || Sketch || NA || 20 May 2026 ||  ||  || UGC ||  ||  ||  || DFB-Final PGC-Prakash-LP-1------Non Content VO-FM-Ex-Purchase-7-DAY-CLICK,Divine Flame Burst,DFB-Final PGC-Prakash-LP-1,,Sketch,120243935537150434,9e8043f6d71ede076b7ac420a611f3f56e40f224,20-May-2026,25-May-2026,inactive,20,$3.20,275,25.00%,3.39%,2.65%,2.54%,2.75%,42.023434,3.36%,0.45,9,632,57.38%,22.95%,22.95%,22.95%,40.00%,0.00%,0.00%,0.00%,11.48%,0.00%,11.48%,0.00%,0.00%,0.00%,0,0.00%,0.00%,0.00%,11.48%,0.00%,0.00%,0.00%,0.00%,0,0.00%,0.00%,0.00%,8.7143,57.38%,22.95%,22.95%,11.48%,0.00%,0.00%,0.00%,0.00%,11.48%,0.00%,0.00%,0.00%,0,0.00%,0.00%,11.48%,0.00%,0.00%,0.00%,0.00%,0,0.00%,0.00%
India || Meta || Android || Testing - CPS || Fantasy || Hindi || Purple Thunder Sovereign || 649265 || Sketch || NA || 20 May 2026 || Short ||  || UGC || No ||  ||  || PTS-Final PGC-Akshay-LP-6------Non Content VO-FM-Ex-Purchase-7-DAY-CLICK,Purple Thunder Sovereign,PTS-Final PGC-Akshay-LP-6,,Sketch,120243936216250434,de8f3bd12ad51c517ed3178cc66a25d48d575d60,20-May-2026,25-May-2026,inactive,7,$5.26,452,14.29%,6.59%,4.71%,4.87%,5.49%,85.940011,5.34%,0.36,3,1266,80.00%,40.00%,40.00%,0.00%,0.00%,0.00%,0.00%,0.00%,0.00%,0.00%,0.00%,0.00%,0.00%,0.00%,0,0.00%,0.00%,0.00%,0.00%,0.00%,0.00%,0.00%,0.00%,0,0.00%,0.00%,0.00%,3.5,85.71%,57.14%,28.57%,28.57%,0.00%,0.00%,28.57%,0.00%,28.57%,0.00%,0.00%,0.00%,0,0.00%,0.00%,28.57%,0.00%,0.00%,0.00%,0.00%,0,0.00%,0.00%
India || Meta || Android || Testing - CPI || Fantasy || Hindi || Purple Thunder Sovereign || 649265 || GenAI-Cinematic-Motion || NA || 21 May 2026 || Short ||  || UGC || No ||  ||  || PTS-Final PGC-Akshay-LP-1------Non Content VO-FM-Ex-Purchase-7-DAY-CLICK-Gen AI-PS1-With-Logo,Purple Thunder Sovereign,PTS-Final PGC-Akshay-LP-1,,Gen AI,120243980574810434,de8f3bd12ad51c517ed3178cc66a25d48d575d60,21-May-2026,26-May-2026,inactive,158,$0.49,43,27.85%,7.00%,8.02%,8.40%,9.34%,79.011325,32.05%,0.58,116,58,82.22%,52.80%,43.28%,25.97%,31.58%,0.87%,0.57%,6.06%,22.50%,6.92%,26.83%,6.92%,3.46%,1.73%,0.02503395773,6.06%,1.73%,0.00%,26.83%,7.79%,4.33%,1.73%,1.73%,0.02503395773,6.06%,1.73%,0.00%,137.8367,83.43%,50.79%,34.10%,27.57%,0.73%,0.57%,12.33%,3.63%,30.47%,8.71%,5.80%,2.18%,0.02935976815,2.90%,0.00%,30.47%,10.88%,7.98%,3.63%,2.90%,0.04120079424,3.63%,0.73%
India || Meta || Android || Testing - CPI || Fantasy || Hindi || Purple Thunder Sovereign || 649265 || GenAI-Cinematic-Motion || NA || 20 May 2026 || Short ||  || UGC || No ||  ||  || RE-RUN-PTS-Final PGC-Akshay-LP-1------Non Content VO-FM-Ex-Purchase-7-DAY-CLICK-Gen AI-With-Logo,Purple Thunder Sovereign,RE-RUN-PTS-Final PGC-Akshay-LP-1,,Gen AI,120243946544990434,de8f3bd12ad51c517ed3178cc66a25d48d575d60,20-May-2026,27-May-2026,inactive,438,$0.36,31,30.14%,7.22%,7.51%,8.01%,8.47%,49.966081,27.99%,0.57,381,36,86.32%,50.89%,39.67%,25.32%,29.33%,0.26%,0.21%,2.36%,19.57%,3.65%,26.36%,6.00%,3.91%,0.79%,0.006388621541,3.41%,0.78%,0.26%,26.88%,6.79%,4.96%,2.09%,1.05%,0.008522867181,3.67%,2.35%,0.26%,418.8292,86.19%,46.56%,32.47%,23.40%,0.24%,0.21%,9.07%,1.43%,28.17%,6.45%,3.82%,0.72%,0.006388621541,0.72%,0.24%,28.89%,7.40%,5.25%,1.91%,0.96%,0.008522867181,2.15%,0.24%
India || Meta || Android || Testing - CPI || Fantasy || Hindi || Purple Thunder Sovereign || 649265 || GenAI-Cinematic-Motion || NA || 20 May 2026 || Short ||  || UGC || No ||  ||  || RE-RUN-PTS-Final PGC-Akshay-LP-1------Non Content VO-FM-Ex-Purchase-7-DAY-CLICK-Gen AI-PS2-With-Logo,Purple Thunder Sovereign,RE-RUN-PTS-Final PGC-Akshay-LP-1,,Gen AI,120243946945900434,de8f3bd12ad51c517ed3178cc66a25d48d575d60,20-May-2026,27-May-2026,inactive,388,$0.41,35,31.44%,5.23%,5.94%,6.53%,8.70%,74.435477,27.17%,0.77,302,45,85.47%,55.47%,47.55%,28.40%,33.22%,0.99%,0.63%,4.31%,23.77%,5.28%,26.75%,8.25%,6.60%,0.99%,0.006327964246,4.64%,1.32%,0.00%,27.08%,9.25%,7.26%,2.97%,0.99%,0.006327964246,4.64%,3.30%,0.33%,343.5663,85.28%,52.10%,38.42%,25.61%,0.87%,0.63%,12.52%,3.78%,29.40%,9.61%,7.57%,0.87%,0.006327964246,1.75%,0.00%,29.98%,11.06%,8.44%,3.49%,0.87%,0.006327964246,3.78%,0.58%
India || Meta || Android || Testing - CPI || Fantasy || Hindi || Purple Thunder Sovereign || 649265 || GenAI-Cinematic-Motion || NA || 21 May 2026 || Short ||  || UGC || No ||  ||  || PTS-Final PGC-Akshay-LP-1------Non Content VO-FM-Ex-Purchase-7-DAY-CLICK-Gen AI-PS3-With-Logo,Purple Thunder Sovereign,PTS-Final PGC-Akshay-LP-1,,Gen AI,120243981575710434,de8f3bd12ad51c517ed3178cc66a25d48d575d60,21-May-2026,26-May-2026,inactive,133,$0.58,50,29.32%,6.06%,6.72%,6.97%,8.46%,89.457226,25.48%,0.70,115,58,83.67%,50.55%,37.48%,21.79%,26.04%,0.00%,0.00%,5.23%,17.43%,3.49%,22.66%,6.10%,3.49%,0.87%,0.004365522397,6.10%,0.87%,0.00%,22.66%,6.97%,5.23%,2.61%,0.87%,0.004365522397,6.10%,2.61%,0.00%,121.2322,83.31%,42.89%,27.22%,19.80%,0.00%,0.00%,8.25%,1.65%,23.92%,6.60%,4.12%,0.82%,0.004365522397,1.65%,0.00%,24.75%,7.42%,5.77%,3.30%,0.82%,0.004365522397,3.30%,0.00%
India || Meta || Android || Testing - CPS || Fantasy || Hindi || Primordial God || 653918 || Sketch || NA || 21 May 2026 ||  ||  || UGC ||  ||  ||  || PG-Final PGC-Shailendra-LP-3-V3-----Non Content VO-FM-Ex-Purchase-7-DAY-CLICK,Primordial God,PG-Final PGC-Shailendra-LP-3,,Sketch,120243984882350434,abef90c631978edd56192a52e96c3ff23955322c,21-May-2026,26-May-2026,inactive,12,$3.80,327,33.33%,6.71%,5.84%,5.46%,5.71%,37.92396,4.08%,0.28,6,692,35.29%,35.29%,35.29%,35.29%,100.00%,0.00%,0.00%,0.00%,35.29%,17.65%,35.29%,17.65%,17.65%,0.00%,0,0.00%,17.65%,0.00%,35.29%,17.65%,17.65%,0.00%,0.00%,0,0.00%,17.65%,0.00%,6.6667,45.00%,45.00%,45.00%,45.00%,0.00%,0.00%,30.00%,30.00%,45.00%,30.00%,30.00%,0.00%,0,30.00%,0.00%,45.00%,30.00%,30.00%,15.00%,0.00%,0,30.00%,0.00%
India || Meta || Android || Testing - CPS || Fantasy || Hindi || Primordial God || 653918 || Sketch || NA || 21 May 2026 ||  ||  || UGC ||  ||  ||  || PG-Final PGC-Pranjali-LP-4------Non Content VO-FM-Ex-Purchase-7-DAY-CLICK,Primordial God,PG-Final PGC-Pranjali-LP-4,,Sketch,120243989001210434,abef90c631978edd56192a52e96c3ff23955322c,21-May-2026,26-May-2026,inactive,7,$4.68,403,14.29%,4.63%,3.93%,3.64%,3.88%,50.179462,3.47%,0.36,1,0,0.00%,0.00%,0.00%,0.00%,,0.00%,,0.00%,0.00%,0.00%,0.00%,0.00%,0.00%,0.00%,,0.00%,0.00%,0.00%,0.00%,0.00%,0.00%,0.00%,0.00%,,0.00%,0.00%,0.00%,1.3333,0.00%,0.00%,0.00%,0.00%,0.00%,,0.00%,0.00%,0.00%,0.00%,0.00%,0.00%,,0.00%,0.00%,0.00%,0.00%,0.00%,0.00%,0.00%,,0.00%,0.00%
India || Meta || Android || Testing - CPS || Fantasy || Hindi || Purple Thunder Sovereign || 649265 || Sketch || NA || 21 May 2026 || Short ||  || UGC || No ||  ||  || PTS-Final PGC-Hasim-LP-1------Non Content VO-FM-Ex-Purchase-7-DAY-CLICK,Purple Thunder Sovereign,PTS-Final PGC-Hasim-LP-1,,Sketch,120243990595050434,de8f3bd12ad51c517ed3178cc66a25d48d575d60,21-May-2026,26-May-2026,inactive,14,$3.43,295,50.00%,4.75%,4.95%,5.06%,5.01%,76.952541,9.52%,0.27,9,459,100.00%,88.89%,66.67%,33.33%,33.33%,0.00%,0.00%,0.00%,33.33%,0.00%,44.44%,22.22%,11.11%,0.00%,0,0.00%,0.00%,0.00%,44.44%,22.22%,22.22%,0.00%,0.00%,0,0.00%,0.00%,0.00%,10,100.00%,70.00%,50.00%,40.00%,0.00%,0.00%,10.00%,0.00%,50.00%,30.00%,20.00%,0.00%,0,0.00%,0.00%,50.00%,30.00%,30.00%,0.00%,0.00%,0,0.00%,0.00%
India || Meta || Android || Testing - CPI || Fantasy || Hindi || Purple Thunder Sovereign || 649265 || GenAI-Cinematic-Motion || NA || 21 May 2026 || Short ||  || UGC || No ||  ||  || RE-RUN-PTS-Final PGC-Akshay-LP-1------Non Content VO-FM-Ex-Purchase-7-DAY-CLICK-Gen AI-With-Logo-BID18-24,Purple Thunder Sovereign,RE-RUN-PTS-Final PGC-Akshay-LP-1,,Gen AI,120244000685820434,de8f3bd12ad51c517ed3178cc66a25d48d575d60,21-May-2026,27-May-2026,inactive,463,$0.45,39,31.53%,8.00%,8.45%,8.98%,9.60%,58.094436,25.09%,0.60,262,51,85.83%,55.85%,44.52%,25.63%,29.86%,0.00%,0.00%,5.34%,18.89%,3.51%,28.06%,7.01%,5.40%,0.76%,0.004707390119,5.72%,1.35%,0.27%,28.33%,7.55%,6.48%,2.43%,1.14%,0.01035896612,6.49%,3.24%,0.54%,415.3927,83.78%,48.15%,34.91%,22.63%,0.48%,0.32%,9.39%,3.13%,29.85%,8.19%,6.74%,1.93%,0.02468314965,1.93%,0.24%,30.09%,8.67%,7.70%,2.65%,2.41%,0.03699298298,3.61%,0.48%
India || Meta || Android || Testing - CPS || Fantasy || Hindi || Divine Flame Burst || 628685 || Sketch || NA || 21 May 2026 ||  ||  || UGC ||  ||  ||  || DFB-Final PGC-Prakash-LP-2------Non Content VO-FM-Ex-Purchase-7-DAY-CLICK,Divine Flame Burst,DFB-Final PGC-Prakash-LP-2,,Sketch,120244007657900434,9e8043f6d71ede076b7ac420a611f3f56e40f224,21-May-2026,26-May-2026,inactive,5,$5.76,495,40.00%,7.52%,3.00%,2.62%,2.42%,36.786744,2.30%,0.32,1,0,0.00%,0.00%,0.00%,0.00%,,0.00%,,0.00%,0.00%,0.00%,0.00%,0.00%,0.00%,0.00%,,0.00%,0.00%,0.00%,0.00%,0.00%,0.00%,0.00%,0.00%,,0.00%,0.00%,0.00%,1,0.00%,0.00%,0.00%,0.00%,0.00%,,0.00%,0.00%,0.00%,0.00%,0.00%,0.00%,,0.00%,0.00%,0.00%,0.00%,0.00%,0.00%,0.00%,,0.00%,0.00%
India || Meta || Android || Testing - CPS || Fantasy || Hindi || Primordial God || 653918 || Sketch || NA || 23 May 2026 ||  ||  || UGC ||  ||  ||  || PG-Final PGC-Shailendra-LP-3-V4-----Non Content VO-FM-Ex-Purchase-7-DAY-CLICK,,PG-Final PGC-Shailendra-LP-3,,Sketch,120244139005800434,NA,23-May-2026,28-May-2026,inactive,4,$7.98,686,25.00%,15.00%,10.14%,7.93%,9.26%,72.275815,2.08%,0.50,1,0,0.00%,0.00%,0.00%,0.00%,,0.00%,,0.00%,0.00%,0.00%,0.00%,0.00%,0.00%,0.00%,,0.00%,0.00%,0.00%,0.00%,0.00%,0.00%,0.00%,0.00%,,0.00%,0.00%,0.00%,1,0.00%,0.00%,0.00%,0.00%,0.00%,,0.00%,0.00%,0.00%,0.00%,0.00%,0.00%,,0.00%,0.00%,0.00%,0.00%,0.00%,0.00%,0.00%,,0.00%,0.00%
India || Meta || Android || Testing - CPS || Fantasy || Hindi || Primordial God || 653918 || Sketch || NA || 23 May 2026 ||  ||  || UGC ||  ||  ||  || PG-Final PGC-Shailendra-LP-7------Non Content VO-FM-Ex-Purchase-7-DAY-CLICK,Primordial God,PG-Final PGC-Shailendra-LP-7,,Sketch,120244139763180434,abef90c631978edd56192a52e96c3ff23955322c,23-May-2026,28-May-2026,inactive,14,$2.94,252,14.29%,5.39%,4.76%,4.18%,4.80%,68.313423,2.81%,0.96,6,264,50.00%,11.11%,11.11%,0.00%,0.00%,0.00%,0.00%,0.00%,0.00%,0.00%,11.11%,0.00%,0.00%,0.00%,0,0.00%,0.00%,0.00%,11.11%,0.00%,0.00%,0.00%,0.00%,0,0.00%,0.00%,0.00%,9,44.44%,11.11%,11.11%,0.00%,0.00%,0.00%,0.00%,0.00%,11.11%,0.00%,0.00%,0.00%,0,0.00%,0.00%,11.11%,0.00%,0.00%,0.00%,0.00%,0,0.00%,0.00%
India || Meta || Android || Testing - CPS || Fantasy || Hindi || Purple Thunder Sovereign || 649265 || Sketch || NA || 23 May 2026 || Short ||  || UGC || No ||  ||  || PTS-Final PGC-Akshay-15 Minuter-1------Non Content VO-FM-Ex-Purchase-7-DAY-CLICK,Purple Thunder Sovereign,PTS-Final PGC-Akshay-15 Minuter-1------Non Content VO-FM-Ex-Purchase-7-DAY-CLICK,,Sketch,120244140154500434,de8f3bd12ad51c517ed3178cc66a25d48d575d60,23-May-2026,28-May-2026,inactive,18,$4.04,347,22.22%,2.80%,3.03%,4.34%,4.87%,30.818001,4.31%,0.21,7,727,76.92%,38.10%,28.57%,19.05%,24.76%,0.00%,0.00%,0.00%,9.52%,0.00%,19.05%,0.00%,0.00%,0.00%,0,0.00%,0.00%,0.00%,19.05%,9.52%,9.52%,0.00%,0.00%,0,0.00%,0.00%,0.00%,10.5,76.19%,28.57%,19.05%,9.52%,0.00%,0.00%,9.52%,0.00%,19.05%,0.00%,0.00%,0.00%,0,0.00%,0.00%,19.05%,9.52%,9.52%,0.00%,0.00%,0,0.00%,0.00%
India || Meta || Android || Testing - CPS || Fantasy || Hindi || Divine Flame Burst || 628685 || Sketch || NA || 23 May 2026 ||  ||  || UGC ||  ||  ||  || DFB-Final PGC-Prakash-LP-3------Non Content VO-FM-Ex-Purchase-7-DAY-CLICK,Divine Flame Burst,DFB-Final PGC-Prakash-LP-3,Selected,Sketch,120244141536960434,9e8043f6d71ede076b7ac420a611f3f56e40f224,23-May-2026,28-May-2026,inactive,52,$2.32,200,25.00%,14.02%,9.97%,7.29%,7.68%,64.432743,8.48%,0.38,18,338,85.71%,52.99%,43.06%,33.12%,38.64%,0.00%,0.00%,5.71%,26.50%,13.25%,29.81%,23.18%,19.87%,5.71%,0.02157335991,5.71%,6.62%,0.00%,29.81%,23.18%,23.18%,6.62%,5.71%,0.02157335991,5.71%,6.62%,0.00%,35.8461,83.69%,47.43%,41.85%,27.90%,2.79%,0.28%,22.32%,8.37%,27.90%,19.53%,16.74%,8.37%,0.01788727073,5.58%,0.00%,27.90%,19.53%,19.53%,5.58%,8.37%,0.03898726362,5.58%,0.00%
India || Meta || Android || Testing - CPS || Male Drama || Hindi || My Mysterious Princess || 242697 || Sketch || NA || 21 May 2026 || Short ||  || UGC ||  ||  ||  || MMPS-Final PGC-Mirant-LP-2------Non Content VO-FM-Ex-Purchase-7-DAY-CLICK,My Mysterious Princess,MMPS-Final PGC-Mirant-LP-2,,Sketch,120243983495280434,ca6c466ebfcd2658a9f1641045f468c15417a1e7,21-May-2026,31-May-2026,inactive,86,$1.98,170,33.72%,11.75%,9.43%,7.41%,7.42%,99.092967,10.40%,0.56,40,310,67.37%,40.47%,26.98%,22.48%,33.37%,2.50%,0.15%,4.99%,17.99%,2.25%,29.23%,11.24%,6.74%,4.99%,0.006218248357,4.99%,2.25%,0.00%,29.23%,13.49%,11.24%,6.74%,4.99%,0.006218248357,4.99%,6.74%,0.00%,65.3333,68.88%,32.14%,27.55%,24.49%,4.59%,0.43%,4.59%,0.00%,32.14%,10.71%,4.59%,6.12%,0.008300153909,1.53%,0.00%,32.14%,12.24%,10.71%,4.59%,6.12%,0.008300153909,4.59%,0.00%
India || Meta || Android || Testing - CPS || Fantasy || Hindi || Purple Thunder Sovereign || 649265 || Sketch || NA || 23 May 2026 || Short ||  || UGC || No ||  ||  || PTS-Final PGC-Akshay-15 Minuter-2------Non Content VO-FM-Ex-Purchase-7-DAY-CLICK,Purple Thunder Sovereign,PTS-Final PGC-Akshay-15 Minuter-2------Non Content VO-FM-Ex-Purchase-7-DAY-CLICK,,Sketch,120244140519190434,de8f3bd12ad51c517ed3178cc66a25d48d575d60,23-May-2026,30-May-2026,inactive,60,$2.22,191,41.67%,4.02%,4.34%,5.25%,7.89%,87.969481,7.23%,0.64,29,344,83.46%,68.28%,58.52%,42.27%,50.64%,3.48%,0.29%,6.95%,32.51%,13.01%,45.52%,6.50%,6.50%,3.48%,0.002935268612,6.95%,3.25%,3.25%,45.52%,6.50%,6.50%,3.25%,3.48%,0.002935268612,6.95%,3.25%,3.25%,35.1428,82.52%,59.76%,48.37%,36.99%,2.85%,0.25%,22.76%,8.54%,45.53%,8.54%,8.54%,2.85%,0.002530995277,2.85%,2.85%,45.53%,8.54%,8.54%,2.85%,2.85%,0.002530995277,2.85%,2.85%
India || Meta || Android || Testing - CPS || Fantasy || Hindi || Divine Flame Burst || 628685 || GenAI || NA || 25 May 2026 || Short ||  || UGC ||  ||  ||  || DFB-Final PGC-Hasim-LP-1------Non Content VO-FM-Ex-Purchase-7-DAY-CLICK-GenAI-With-Logo-BID18-24,Divine Flame Burst,DFB-Final PGC-Hasim-LP-1,Selected,Gen AI,120244228405580434,9e8043f6d71ede076b7ac420a611f3f56e40f224,25-May-2026,31-May-2026,inactive,117,$1.03,88,26.50%,15.02%,15.81%,12.14%,15.39%,81.48691,11.81%,0.78,92,113,78.40%,41.38%,28.31%,16.33%,20.83%,1.09%,0.28%,5.44%,14.16%,5.44%,16.33%,4.36%,4.36%,3.27%,0.03661029242,7.62%,1.09%,1.09%,16.33%,4.36%,4.36%,2.18%,4.36%,0.0868021485,8.71%,2.18%,1.09%,109.0656,78.85%,39.43%,19.25%,14.67%,0.92%,0.28%,6.42%,2.75%,18.34%,4.58%,4.58%,2.75%,0.03661029242,0.92%,0.92%,18.34%,4.58%,4.58%,2.75%,3.67%,0.0868021485,2.75%,0.92%
India || Meta || Android || Testing - CPS || Fantasy || Hindi || Divine Flame Burst || 628685 || GenAI || NA || 25 May 2026 || Short ||  || UGC ||  ||  ||  || DFB-Final PGC-Hasim-LP-1------Non Content VO-FM-Ex-Purchase-7-DAY-CLICK-GenAI-1:1-With-Logo,Divine Flame Burst,DFB-Final PGC-Hasim-LP-1,,Gen AI,120244230244930434,9e8043f6d71ede076b7ac420a611f3f56e40f224,25-May-2026,31-May-2026,inactive,70,$0.92,79,15.71%,13.44%,13.97%,11.47%,14.70%,81.470964,16.79%,0.61,53,105,75.70%,41.64%,30.28%,15.14%,20.00%,0.00%,0.00%,1.89%,7.57%,1.89%,9.46%,5.68%,3.79%,0.00%,0,1.89%,1.89%,0.00%,9.46%,5.68%,5.68%,3.79%,0.00%,0,1.89%,3.79%,1.89%,58.8044,78.23%,37.41%,25.51%,13.60%,0.00%,0.00%,6.80%,1.70%,13.60%,8.50%,5.10%,0.00%,0,1.70%,0.00%,13.60%,8.50%,6.80%,3.40%,0.00%,0,3.40%,1.70%
India || Meta || Android || Testing - CPI || Fantasy || Hindi || Purple Thunder Sovereign || 649265 || GenAI-Cinematic-Motion || NA || 25 May 2026 || Short ||  || UGC || No ||  ||  || DFB-Final PGC-Hasim-LP-1------Non Content VO-FM-Ex-Purchase-7-DAY-CLICK-GenAI-Without-Logo,Divine Flame Burst,DFB-Final PGC-Hasim-LP-1,,Gen AI,120244231430370434,9e8043f6d71ede076b7ac420a611f3f56e40f224,25-May-2026,31-May-2026,inactive,103,$0.68,59,24.27%,11.57%,12.59%,9.62%,12.50%,74.09618,21.91%,0.58,79,0,84.67%,46.76%,35.39%,20.22%,23.88%,0.00%,,8.85%,15.17%,3.79%,18.96%,3.79%,2.53%,0.00%,,10.11%,1.26%,0.00%,18.96%,3.79%,2.53%,0.00%,0.00%,,10.11%,1.26%,0.00%,89.5555,85.98%,41.32%,27.92%,15.63%,0.00%,,3.35%,3.35%,18.98%,4.47%,3.35%,0.00%,,1.12%,0.00%,18.98%,4.47%,3.35%,0.00%,0.00%,,1.12%,0.00%
India || Meta || Android || Testing - CPS || Fantasy || Hindi || Divine Flame Burst || 628685 || GenAI || NA || 25 May 2026 || Short ||  || UGC ||  ||  ||  || DFB-Final PGC-Hasim-LP-1------Non Content VO-FM-Ex-Purchase-7-DAY-CLICK-GenAI-With-Logo,Divine Flame Burst,DFB-Final PGC-Hasim-LP-1,,Gen AI,120244232070750434,9e8043f6d71ede076b7ac420a611f3f56e40f224,25-May-2026,31-May-2026,inactive,82,$0.87,75,20.73%,12.46%,13.10%,10.43%,13.13%,73.918069,16.37%,0.60,60,102,78.02%,38.18%,21.58%,8.30%,10.64%,0.00%,0.00%,0.00%,6.64%,1.66%,9.96%,3.32%,3.32%,1.66%,0.004683151809,1.66%,1.66%,0.00%,9.96%,3.32%,3.32%,1.66%,1.66%,0.004683151809,1.66%,1.66%,0.00%,67.5623,79.93%,28.12%,14.80%,8.88%,1.48%,2.12%,1.48%,1.48%,11.84%,5.92%,2.96%,2.96%,0.02584938897,1.48%,0.00%,11.84%,5.92%,4.44%,2.96%,2.96%,0.02584938897,2.96%,0.00%
DFB-Final PGC-Hasim-LP-1------Non Content VO-FM-Ex-Purchase-7-DAY-CLICK-GenAI-1:1-With-Logo-BID18-24,Divine Flame Burst,DFB-Final PGC-Hasim-LP-1,,Gen AI,120244245090940434,9e8043f6d71ede076b7ac420a611f3f56e40f224,25-May-2026,31-May-2026,inactive,93,$1.01,87,26.88%,13.25%,13.86%,10.62%,13.78%,92.589892,15.90%,0.67,67,121,74.97%,52.48%,38.98%,20.99%,28.00%,1.50%,0.36%,3.00%,10.50%,3.00%,13.49%,1.50%,1.50%,1.50%,0.003579241503,3.00%,1.50%,1.50%,13.49%,1.50%,1.50%,1.50%,1.50%,0.003579241503,3.00%,1.50%,1.50%,77.5065,76.12%,45.16%,29.68%,12.90%,1.29%,0.36%,2.58%,0.00%,14.19%,2.58%,2.58%,1.29%,0.003579241503,1.29%,1.29%,14.19%,2.58%,2.58%,2.58%,1.29%,0.003579241503,2.58%,1.29%
DFB-Final PGC-Hasim-LP-1------Non Content VO-FM-Ex-Purchase-7-DAY-CLICK-GenAI-With-Logo-Bid-18-24,Divine Flame Burst,DFB-Final PGC-Hasim-LP-1,,Gen AI,120244254406010434,9e8043f6d71ede076b7ac420a611f3f56e40f224,25-May-2026,31-May-2026,inactive,99,$0.81,70,21.21%,14.05%,15.30%,11.36%,14.97%,81.586344,17.25%,0.68,81,85,86.53%,54.39%,39.56%,14.83%,17.14%,1.24%,0.42%,2.47%,11.13%,1.24%,14.83%,1.24%,1.24%,1.24%,0.004198278181,2.47%,0.00%,0.00%,14.83%,1.24%,1.24%,0.00%,1.24%,0.004198278181,2.47%,0.00%,0.00%,86.9211,85.13%,42.57%,24.16%,12.66%,1.15%,0.42%,1.15%,1.15%,13.81%,1.15%,1.15%,1.15%,0.42%,0.00%,0.00%,13.81%,1.15%,1.15%,0.00%,1.15%,0.004198278181,0.00%,0.00%
DFB-Final PGC-Hasim-LP-1--V1----Non Content VO-FM-Ex-Purchase-7-DAY-CLICK-GenAI-With-Logo-Bid-18-24,Divine Flame Burst,DFB-Final PGC-Hasim-LP-1,,Gen AI,120244279450090434,9e8043f6d71ede076b7ac420a611f3f56e40f224,26-May-2026,31-May-2026,inactive,19,$1.81,156,21.05%,9.24%,9.91%,9.28%,12.02%,89.901642,10.92%,0.53,16,188,76.19%,50.79%,25.40%,19.05%,25.00%,0.00%,0.00%,12.70%,19.05%,12.70%,19.05%,12.70%,6.35%,6.35%,0.04329332281,19.05%,6.35%,0.00%,19.05%,12.70%,12.70%,6.35%,6.35%,0.04329332281,19.05%,6.35%,0.00%,16.8333,71.29%,29.70%,23.76%,17.82%,0.00%,0.00%,11.88%,11.88%,17.82%,11.88%,5.94%,5.94%,0.04329332281,5.94%,0.00%,17.82%,11.88%,11.88%,5.94%,5.94%,0.04329332281,5.94%,0.00%
DFB-Final PGC-Hasim-LP-1--V1----Non Content VO-FM-Ex-Purchase-7-DAY-CLICK-GenAI-With-Logo-Bid-18-24-New Ending,Divine Flame Burst,DFB-Final PGC-Hasim-LP-1,,Gen AI,120244285569380434,9e8043f6d71ede076b7ac420a611f3f56e40f224,26-May-2026,31-May-2026,inactive,23,$1.33,114,34.78%,8.49%,8.97%,8.39%,10.44%,85.565095,13.61%,0.55,15,176,80.49%,33.54%,20.12%,6.71%,8.33%,0.00%,0.00%,0.00%,6.71%,0.00%,13.41%,0.00%,0.00%,0.00%,0,6.71%,0.00%,0.00%,13.41%,0.00%,0.00%,0.00%,0.00%,0,6.71%,0.00%,0.00%,17,82.35%,23.53%,11.76%,5.88%,0.00%,0.00%,0.00%,0.00%,11.76%,0.00%,0.00%,0.00%,0,0.00%,0.00%,11.76%,0.00%,0.00%,0.00%,0.00%,0,0.00%,0.00%
India || Meta || Android || Testing - CPS || Fantasy || Hindi || Divine Flame Burst || 628685 || GenAI || NA || 26 May 2026 ||  ||  || UGC ||  ||  ||  ||DFB-Final PGC-Hasim-LP-1------Non Content VO-FM-Ex-Purchase-7-DAY-CLICK-GenAI-Without-Logo-Bid-18-24,Divine Flame Burst,DFB-Final PGC-Hasim-LP-1,,Gen AI,120244300996620434,9e8043f6d71ede076b7ac420a611f3f56e40f224,26-May-2026,31-May-2026,inactive,113,$0.64,55,23.01%,9.99%,10.61%,7.53%,9.70%,62.907513,22.29%,0.51,95,66,81.33%,46.47%,31.69%,15.84%,19.48%,0.00%,0.00%,5.28%,9.51%,4.22%,20.07%,7.39%,7.39%,2.11%,0.02537550266,6.34%,2.11%,0.00%,20.07%,7.39%,7.39%,3.17%,3.17%,0.03001909587,7.39%,5.28%,0.00%,104.8438,81.07%,39.11%,20.98%,14.31%,0.00%,0.00%,4.77%,1.91%,20.03%,6.68%,6.68%,2.86%,0.02999923187,1.91%,0.00%,20.03%,6.68%,6.68%,2.86%,3.82%,0.04397126753,4.77%,0.00%
India || Meta || Android || Testing - CPS || Fantasy || Hindi || The Legend Gods || 607713 || GenAI || NA || 29 May 2026 ||  ||  || UGC ||  ||  ||  ||TLG-Final PGC-Shailendra-LP-3------Non Content VO-FM-Ex-Purchase-7-DAY-CLICK-Gen AI-Bid-18-24,The Legend Gods,TLG-Final PGC-Shailendra-LP-3,,Gen AI,120244356364890434,e9df0d17c5a5f6fd21ae4b491bd2bca28a785135,27-May-2026,2-Jun-2026,inactive,508,$0.25,22,15.75%,18.93%,14.98%,13.85%,16.12%,71.582463,30.31%,1.09,417,26,83.54%,21.85%,11.04%,4.32%,5.17%,3.12%,7.03%,6.96%,4.32%,1.44%,5.52%,2.40%,1.68%,4.80%,0.1102489781,8.64%,0.24%,0.00%,5.52%,2.40%,1.92%,0.24%,4.80%,0.1659931279,8.88%,0.48%,0.24%,472.5711,82.95%,14.60%,6.14%,4.44%,3.17%,8.20%,2.75%,1.06%,5.71%,2.75%,2.12%,4.66%,0.121904708,0.42%,0.00%,5.71%,2.75%,2.33%,0.63%,5.08%,0.3193155043,0.85%,0.21%
India || Meta || Android || Testing - CPS || Fantasy || Hindi || The Legend Gods || 607713 || GenAI || NA || 27 May 2026 ||  ||  || UGC ||  ||  ||  ||TLG-Final PGC-Shailendra-LP-3------Non Content VO-FM-Ex-Purchase-7-DAY-CLICK-Gen AI-V1-Bid-18-24,The Legend Gods,TLG-Final PGC-Shailendra-LP-3,,Gen AI,120244463385160434,e9df0d17c5a5f6fd21ae4b491bd2bca28a785135,29-May-2026,3-Jun-2026,inactive,536,$0.14,12,10.63%,12.97%,9.93%,9.36%,11.26%,59.424725,38.23%,1.32,432,15,79.02%,17.84%,7.18%,3.48%,4.40%,1.62%,3.28%,7.88%,3.01%,1.16%,4.17%,0.46%,0.00%,2.09%,0.07376332184,8.11%,0.00%,0.00%,4.17%,0.46%,0.23%,0.00%,2.55%,0.1098798093,8.34%,0.00%,0.00%,494.873,78.61%,9.90%,5.05%,3.84%,2.02%,4.23%,1.82%,0.61%,4.65%,1.01%,0.40%,3.23%,0.1728491251,0.40%,0.20%,4.65%,1.01%,0.61%,0.40%,3.84%,0.2135415461,0.40%,0.40%
India || Meta || Android || Testing - CPS || Fantasy || Hindi || Primordial God || 653918 || Sketch || NA || 29 May 2026 ||  ||  || UGC ||  ||  ||  ||PG-Final PGC-Chaitanya-LP-2------Non Content VO-FM-Ex-Purchase-7-DAY-CLICK,Primordial God,PG-Final PGC-Chaitanya-LP-2,,Sketch,120244497459760434,abef90c631978edd56192a52e96c3ff23955322c,29-May-2026,3-Jun-2026,inactive,22,$2.50,215,4.55%,6.30%,5.03%,5.36%,5.04%,61.353749,3.84%,0.74,7,0,54.55%,13.64%,0.00%,0.00%,0.00%,0.00%,,13.64%,0.00%,0.00%,0.00%,0.00%,0.00%,13.64%,,13.64%,0.00%,0.00%,0.00%,0.00%,0.00%,0.00%,13.64%,,13.64%,0.00%,0.00%,8.3333,60.00%,12.00%,0.00%,0.00%,0.00%,,0.00%,0.00%,0.00%,0.00%,0.00%,12.00%,,0.00%,0.00%,0.00%,0.00%,0.00%,0.00%,12.00%,,0.00%,0.00%
India || Meta || Android || Testing - CPS || Fantasy || Hindi || Purple Thunder Sovereign || 649265 || Sketch || NA || 29 May 2026 || Short ||  || UGC || No ||  ||  || PTS-Final PGC-Ganesh-LP-4------Non Content VO-FM-Ex-Purchase-7-DAY-CLICK,Purple Thunder Sovereign,PTS-Final PGC-Ganesh-LP-4,,Sketch,120244498251710434,de8f3bd12ad51c517ed3178cc66a25d48d575d60,29-May-2026,3-Jun-2026,inactive,22,$2.50,215,4.55%,6.76%,5.06%,5.47%,3.43%,64.375875,6.67%,0.45,10,453,57.37%,28.69%,28.69%,28.69%,50.00%,0.00%,0.00%,19.12%,28.69%,9.56%,38.25%,0.00%,0.00%,0.00%,0,19.12%,0.00%,0.00%,38.25%,0.00%,0.00%,0.00%,0.00%,0,19.12%,0.00%,0.00%,12.7916,54.72%,31.27%,31.27%,23.45%,0.00%,0.00%,23.45%,0.00%,31.27%,0.00%,0.00%,0.00%,0,0.00%,0.00%,31.27%,0.00%,0.00%,0.00%,0.00%,0,0.00%,0.00%
India || Meta || Android || Testing - CPS || Fantasy || Hindi || Divine Flame Burst || 628685 || Sketch || NA || 29 May 2026 ||  ||  || UGC ||  ||  ||  ||DFB-Final PGC-Pranjali-15 Minuter-3------Non Content VO-FM-Ex-Purchase-7-DAY-CLICK,Divine Flame Burst,DFB-Final PGC-Pranjali-15 Minuter-3------Non Content VO-FM-Ex-Purchase-7-DAY-CLICK,,Sketch,120244500218500434,9e8043f6d71ede076b7ac420a611f3f56e40f224,29-May-2026,5-Jun-2026,inactive,48,$2.09,179,33.33%,6.32%,5.30%,5.57%,5.70%,69.682114,7.97%,0.49,31,282,59.02%,19.67%,9.84%,3.28%,5.56%,3.28%,0.34%,3.28%,3.28%,0.00%,9.84%,3.28%,3.28%,3.28%,0.003374184659,6.56%,0.00%,0.00%,9.84%,3.28%,3.28%,0.00%,3.28%,0.003374184659,6.56%,0.00%,0.00%,32.6111,61.33%,21.47%,6.13%,6.13%,3.07%,0.34%,3.07%,0.00%,12.27%,3.07%,3.07%,3.07%,0.003374184659,0.00%,0.00%,12.27%,3.07%,3.07%,0.00%,3.07%,0.003374184659,0.00%,0.00%
India || Meta || Android || Testing - CPS || Fantasy || Hindi || Purple Thunder Sovereign || 649265 || Sketch || NA || 29 May 2026 || Short ||  || UGC || No ||  ||  || PTS-Final PGC-Akshay-30 Minuter-1------Non Content VO-FM-Ex-Purchase-7-DAY-CLICK,Purple Thunder Sovereign,PTS-Final PGC-Akshay-30 Minuter-1------Non Content VO-FM-Ex-Purchase-7-DAY-CLICK,,Sketch,120244500882380434,de8f3bd12ad51c517ed3178cc66a25d48d575d60,29-May-2026,3-Jun-2026,inactive,6,$7.83,673,16.67%,4.65%,5.57%,4.85%,4.49%,75.212718,2.62%,0.43,2,1731,85.72%,42.86%,42.86%,0.00%,0.00%,0.00%,0.00%,0.00%,0.00%,0.00%,0.00%,0.00%,0.00%,0.00%,0,0.00%,0.00%,0.00%,0.00%,0.00%,0.00%,0.00%,0.00%,0,0.00%,0.00%,0.00%,3.3333,90.00%,30.00%,0.00%,0.00%,0.00%,0.00%,0.00%,0.00%,0.00%,0.00%,0.00%,0.00%,0,0.00%,0.00%,0.00%,0.00%,0.00%,0.00%,0.00%,0,0.00%,0.00%
India || Meta || Android || Testing - CPS || Fantasy || Hindi || Divine Flame Burst || 628685 || Sketch || NA || 29 May 2026 ||  ||  || UGC ||  ||  ||  ||DFB-Final PGC-Chaitanya-LP-5-V1-----Non Content VO-FM-Ex-Purchase-7-DAY-CLICK,Divine Flame Burst,DFB-Final PGC-Chaitanya-LP-5,,Sketch,120244502188870434,9e8043f6d71ede076b7ac420a611f3f56e40f224,29-May-2026,3-Jun-2026,inactive,23,$2.36,203,17.39%,6.37%,5.21%,5.07%,5.01%,25.619921,2.79%,0.45,10,475,40.68%,10.17%,10.17%,10.17%,25.00%,0.00%,0.00%,0.00%,10.17%,0.00%,10.17%,10.17%,10.17%,10.17%,0.006207884025,10.17%,0.00%,0.00%,10.17%,10.17%,10.17%,0.00%,10.17%,0.006207884025,10.17%,0.00%,0.00%,11.0833,36.09%,9.02%,9.02%,9.02%,0.00%,0.00%,9.02%,0.00%,9.02%,9.02%,9.02%,9.02%,0.006207884025,0.00%,0.00%,9.02%,9.02%,9.02%,0.00%,9.02%,0.006207884025,0.00%,0.00%
India || Meta || Android || Testing - CPS || Fantasy || Hindi || Purple Thunder Sovereign || 649265 || Sketch || NA || 30 May 2026 || Short ||  || UGC || No ||  ||  || PTS-Final PGC-Ganesh-LP-2--Akshay-V1---Non Content VO-FM-Ex-Purchase-7-DAY-CLICK,Purple Thunder Sovereign,PTS-Final PGC-Ganesh-LP-2,,Sketch,120244552961640434,de8f3bd12ad51c517ed3178cc66a25d48d575d60,30-May-2026,4-Jun-2026,inactive,8,$4.63,398,25.00%,3.13%,2.61%,2.61%,3.30%,33.343108,1.79%,0.47,3,0,66.67%,33.33%,33.33%,0.00%,0.00%,0.00%,,0.00%,0.00%,0.00%,33.33%,0.00%,0.00%,0.00%,,0.00%,0.00%,0.00%,33.33%,0.00%,0.00%,0.00%,0.00%,,0.00%,0.00%,0.00%,3,66.67%,33.33%,33.33%,0.00%,0.00%,,0.00%,0.00%,33.33%,0.00%,0.00%,0.00%,,0.00%,0.00%,33.33%,0.00%,0.00%,0.00%,0.00%,,0.00%,0.00%
India || Meta || Android || Testing - CPS || Fantasy || Hindi || Purple Thunder Sovereign || 649265 || Sketch || NA || 30 May 2026 || Short ||  || UGC || No ||  ||  || PTS-Final PGC-Ganesh-LP-2-V1-----Non Content VO-FM-Ex-Purchase-7-DAY-CLICK,Purple Thunder Sovereign,PTS-Final PGC-Ganesh-LP-2,,Sketch,120244553598800434,de8f3bd12ad51c517ed3178cc66a25d48d575d60,30-May-2026,4-Jun-2026,inactive,20,$2.82,242,10.00%,4.04%,3.66%,4.85%,5.97%,28.456427,4.28%,0.27,15,329,40.78%,40.78%,27.18%,20.39%,50.00%,6.80%,0.60%,6.80%,20.39%,13.59%,20.39%,13.59%,13.59%,6.80%,0.005994144088,6.80%,6.80%,0.00%,20.39%,13.59%,13.59%,6.80%,6.80%,0.005994144088,6.80%,6.80%,0.00%,16,37.50%,25.00%,18.75%,18.75%,6.25%,0.60%,12.50%,12.50%,18.75%,12.50%,12.50%,6.25%,0.005994144088,6.25%,0.00%,18.75%,12.50%,12.50%,6.25%,6.25%,0.005994144088,6.25%,0.00%
India || Meta || Android || Testing - CPS || Fantasy || Hindi || Purple Thunder Sovereign || 649265 || Sketch || NA || 01 Jun 2026 || Short ||  || UGC || No ||  ||  || PTS-Final PGC-Ganesh-LP-3------Non Content VO-FM-Ex-Purchase-7-DAY-CLICK,Purple Thunder Sovereign,PTS-Final PGC-Ganesh-LP-3,,Sketch,120244638623250434,de8f3bd12ad51c517ed3178cc66a25d48d575d60,1-Jun-2026,6-Jun-2026,inactive,56,$1.29,111,8.93%,2.10%,1.67%,1.70%,1.10%,25.065712,3.43%,0.66,27,0,29.36%,3.67%,0.00%,0.00%,0.00%,0.00%,,0.00%,0.00%,0.00%,0.00%,0.00%,0.00%,3.67%,,3.67%,0.00%,0.00%,0.00%,0.00%,0.00%,0.00%,3.67%,,3.67%,0.00%,0.00%,27.25,29.36%,0.00%,0.00%,0.00%,0.00%,,0.00%,0.00%,0.00%,0.00%,0.00%,3.67%,,0.00%,0.00%,0.00%,0.00%,0.00%,0.00%,3.67%,,0.00%,0.00%
India || Meta || Android || Testing - CPS || Fantasy || Hindi || Primordial God || 653918 || Sketch || NA || 01 Jun 2026 ||  ||  || UGC ||  ||  ||  ||PG-Final PGC-Shailendra-LP-8------Non Content VO-FM-Ex-Purchase-7-DAY-CLICK,Primordial God,PG-Final PGC-Shailendra-LP-8,,Sketch,120244639078760434,abef90c631978edd56192a52e96c3ff23955322c,1-Jun-2026,6-Jun-2026,inactive,15,$1.81,156,0.00%,1.97%,1.61%,1.30%,1.19%,27.255287,3.55%,0.49,11,219,18.75%,9.38%,0.00%,0.00%,0.00%,0.00%,0.00%,0.00%,0.00%,0.00%,0.00%,0.00%,0.00%,0.00%,0,0.00%,0.00%,0.00%,0.00%,0.00%,0.00%,0.00%,0.00%,0,0.00%,0.00%,0.00%,12.9999,23.08%,0.00%,0.00%,0.00%,0.00%,0.00%,0.00%,0.00%,0.00%,0.00%,0.00%,0.00%,0,0.00%,0.00%,0.00%,0.00%,0.00%,0.00%,0.00%,0,0.00%,0.00%
India || Meta || Android || Testing - CPS || Fantasy || Hindi || Divine Flame Burst || 628685 || Sketch || NA || 01 Jun 2026 ||  ||  || UGC ||  ||  ||  ||DFB-Final PGC-Pranjali-15 Minuter-2------Non Content VO-FM-Ex-Purchase-7-DAY-CLICK,Divine Flame Burst,DFB-Final PGC-Pranjali-15 Minuter-2------Non Content VO-FM-Ex-Purchase-7-DAY-CLICK,,Sketch,120244639313220434,9e8043f6d71ede076b7ac420a611f3f56e40f224,1-Jun-2026,6-Jun-2026,inactive,20,$2.15,185,35.00%,6.99%,5.24%,5.65%,5.20%,78.912231,9.17%,0.46,10,370,60.00%,30.00%,20.00%,10.00%,16.67%,0.00%,0.00%,0.00%,10.00%,10.00%,20.00%,10.00%,10.00%,0.00%,0,0.00%,0.00%,0.00%,20.00%,10.00%,10.00%,0.00%,0.00%,0,0.00%,10.00%,0.00%,12,58.33%,25.00%,16.67%,16.67%,0.00%,0.00%,16.67%,8.33%,25.00%,16.67%,16.67%,8.33%,0.007831408055,8.33%,0.00%,25.00%,16.67%,16.67%,8.33%,8.33%,0.03681457567,16.67%,8.33%
India || Meta || Android || Testing - CPS || Fantasy || Hindi || Divine Flame Burst || 628685 || Sketch || NA || 01 Jun 2026 ||  ||  || UGC ||  ||  ||  ||DFB-Final PGC-Prakash-15 Minuter-2------Non Content VO-FM-Ex-Purchase-7-DAY-CLICK,Divine Flame Burst,DFB-Final PGC-Prakash-15 Minuter-2------Non Content VO-FM-Ex-Purchase-7-DAY-CLICK,,Sketch,120244650454040434,9e8043f6d71ede076b7ac420a611f3f56e40f224,1-Jun-2026,6-Jun-2026,inactive,24,$2.20,189,37.50%,4.08%,2.85%,2.97%,3.49%,64.207128,5.97%,0.57,10,0,63.16%,10.53%,10.53%,10.53%,16.67%,0.00%,,0.00%,10.53%,10.53%,10.53%,10.53%,10.53%,0.00%,,0.00%,0.00%,0.00%,10.53%,10.53%,10.53%,0.00%,0.00%,,0.00%,0.00%,0.00%,10.5,66.67%,19.05%,19.05%,19.05%,0.00%,,19.05%,9.52%,19.05%,9.52%,9.52%,0.00%,,0.00%,0.00%,19.05%,9.52%,9.52%,0.00%,0.00%,,0.00%,0.00%
India || Meta || Android || Testing - CPS || Fantasy || Hindi || The Legend Gods || 607713 || Sketch || NA || 29 April 2026 ||  ||  || UGC ||  ||  ||  || TLG-Final PGC-Shailendra-LP-1------Non Content VO-FM-Ex-Purchase-7-DAY-CLICK,The Legend Gods,TLG-Final PGC-Shailendra-LP-1,,Sketch,120242788943800434,e9df0d17c5a5f6fd21ae4b491bd2bca28a785135,29-Apr-2026,10-Jun-2026,inactive,143,$1.25,107,13.99%,13.14%,9.68%,8.76%,9.47%,56.81653,2.39%,2.22,86,179,51.43%,21.04%,14.03%,7.01%,13.64%,1.17%,0.19%,1.17%,7.01%,3.51%,7.01%,4.68%,4.68%,3.51%,0.02224458446,2.34%,3.51%,1.17%,7.01%,4.68%,4.68%,3.51%,4.68%,0.04673061649,3.51%,3.51%,1.17%,93.2784,52.53%,15.01%,11.79%,7.50%,2.14%,0.20%,3.22%,3.22%,7.50%,5.36%,5.36%,5.36%,0.02722103209,4.29%,1.07%,8.58%,5.36%,5.36%,4.29%,6.43%,0.07696938725,4.29%,2.14%
India || Meta || Android || Testing - CPS || Fantasy || Hindi || Purple Thunder Sovereign || 649265 || Sketch || NA || 21 May 2026 || Short ||  || UGC || No ||  ||  || PTS-Final PGC-Ganesh-LP-2------Non Content VO-FM-Ex-Purchase-7-DAY-CLICK,Purple Thunder Sovereign,PTS-Final PGC-Ganesh-LP-2,Selected,Sketch,120243989302050434,de8f3bd12ad51c517ed3178cc66a25d48d575d60,21-May-2026,10-Jun-2026,inactive,98,$1.77,152,20.41%,4.72%,4.31%,5.01%,6.11%,81.31672,3.57%,1.49,50,260,57.48%,43.19%,41.46%,32.83%,57.11%,1.98%,0.22%,1.98%,20.73%,5.18%,29.37%,5.18%,5.18%,3.96%,0.01210436771,3.96%,1.73%,0.00%,29.37%,6.91%,6.91%,3.46%,3.96%,0.01210436771,5.95%,3.46%,0.00%,64.762,58.68%,41.69%,37.06%,21.62%,1.54%,0.20%,10.81%,1.54%,29.34%,7.72%,7.72%,4.63%,0.01294688927,1.54%,0.00%,30.88%,10.81%,10.81%,4.63%,6.18%,0.02623640743,4.63%,0.00%
India || Meta || Android || Testing - CPS || Fantasy || Hindi || Divine Flame Burst || 628685 || Sketch || NA || 01 Jun 2026 ||  ||  || UGC ||  ||  ||  ||DFB-Final PGC-Prakash-LP-4------Non Content VO-FM-Ex-Purchase-7-DAY-CLICK,Divine Flame Burst,DFB-Final PGC-Prakash-LP-4,,Sketch,120244639487790434,9e8043f6d71ede076b7ac420a611f3f56e40f224,1-Jun-2026,6-Jun-2026,inactive,25,$2.39,205,12.00%,7.01%,6.11%,6.58%,6.61%,69.895725,5.90%,0.58,10,513,70.00%,40.00%,40.00%,0.00%,0.00%,0.00%,0.00%,10.00%,0.00%,0.00%,20.00%,20.00%,20.00%,10.00%,0.003700051884,10.00%,20.00%,0.00%,20.00%,20.00%,20.00%,20.00%,10.00%,0.03632964052,10.00%,20.00%,0.00%,11,72.73%,45.45%,9.09%,9.09%,0.00%,0.00%,9.09%,0.00%,27.27%,18.18%,18.18%,9.09%,0.003700051884,18.18%,0.00%,27.27%,18.18%,18.18%,18.18%,9.09%,0.03632964052,18.18%,0.00%
India || Meta || Android || Testing - CPS || Fantasy || Hindi || Divine Flame Burst || 628685 || Sketch || NA || 01 Jun 2026 ||  ||  || UGC ||  ||  ||  ||DFB-Final PGC-Prakash-15 Minuter-1------Non Content VO-FM-Ex-Purchase-7-DAY-CLICK,Divine Flame Burst,DFB-Final PGC-Prakash-15 Minuter-1------Non Content VO-FM-Ex-Purchase-7-DAY-CLICK,,Sketch,120244639718890434,9e8043f6d71ede076b7ac420a611f3f56e40f224,1-Jun-2026,6-Jun-2026,inactive,26,$2.12,183,26.92%,3.60%,2.54%,2.38%,2.81%,40.950561,5.18%,0.43,6,838,88.23%,52.94%,35.29%,17.65%,20.00%,0.00%,0.00%,0.00%,0.00%,0.00%,17.65%,17.65%,17.65%,17.65%,0.008336377102,17.65%,0.00%,0.00%,17.65%,17.65%,17.65%,17.65%,17.65%,0.008336377102,17.65%,17.65%,17.65%,5.6667,88.23%,35.29%,35.29%,0.00%,0.00%,0.00%,0.00%,0.00%,17.65%,17.65%,17.65%,17.65%,0.008336377102,0.00%,0.00%,17.65%,17.65%,17.65%,17.65%,17.65%,0.008336377102,17.65%,17.65%
India || Meta || Android || Testing - CPS || Fantasy || Hindi || Primordial God || 653918 || Sketch || NA || 01 Jun 2026 ||  ||  || UGC ||  ||  ||  ||PG-Final PGC-Chaitanya-LP-4------Non Content VO-FM-Ex-Purchase-7-DAY-CLICK,Primordial God,PG-Final PGC-Chaitanya-LP-4,,Sketch,120244642564040434,abef90c631978edd56192a52e96c3ff23955322c,1-Jun-2026,6-Jun-2026,inactive,20,$2.50,215,15.00%,5.87%,4.85%,4.59%,4.64%,49.711598,3.59%,0.64,11,385,62.50%,17.86%,17.86%,8.93%,14.29%,0.00%,0.00%,0.00%,8.93%,8.93%,8.93%,8.93%,8.93%,0.00%,0,0.00%,0.00%,0.00%,8.93%,8.93%,8.93%,0.00%,0.00%,0,0.00%,0.00%,0.00%,12.6,63.49%,15.87%,7.94%,7.94%,0.00%,0.00%,7.94%,7.94%,7.94%,7.94%,7.94%,0.00%,0,0.00%,0.00%,7.94%,7.94%,7.94%,0.00%,0.00%,0,0.00%,0.00%
India || Meta || Android || Testing - CPS || Fantasy || Hindi || Primordial God || 653918 || Sketch || NA || 01 Jun 2026 ||  ||  || UGC ||  ||  ||  ||PG-Final PGC-Shailendra-30 Minuter-1------Non Content VO-FM-Ex-Purchase-7-DAY-CLICK,Primordial God,PG-Final PGC-Shailendra-LP-3,Selected,Sketch,120244654820100434,abef90c631978edd56192a52e96c3ff23955322c,1-Jun-2026,8-Jun-2026,inactive,93,$1.77,152,22.58%,8.20%,6.98%,6.19%,5.84%,65.723628,4.94%,0.87,52,272,57.54%,40.28%,30.69%,24.93%,43.33%,0.00%,0.00%,3.84%,19.18%,13.43%,23.02%,15.34%,15.34%,1.92%,0.002044812904,5.75%,5.75%,1.92%,23.02%,15.34%,15.34%,5.75%,1.92%,0.002044812904,5.75%,9.59%,3.84%,61.8192,53.38%,32.35%,24.26%,17.79%,0.00%,0.00%,11.32%,6.47%,21.03%,12.94%,12.94%,1.62%,0.002044812904,4.85%,1.62%,21.03%,12.94%,12.94%,4.85%,1.62%,0.002044812904,8.09%,3.24%
India || Meta || Android || Testing - CPS || Fantasy || Hindi || Purple Thunder Sovereign || 649265 || Sketch || NA || 01 Jun 2026 || Short ||  || UGC || No ||  ||  || PTS-Final PGC-Akshay-LP-9------Non Content VO-FM-Ex-Purchase-7-DAY-CLICK,Purple Thunder Sovereign,PTS-Final PGC-Akshay-LP-9,Selected,Sketch,120244657106680434,de8f3bd12ad51c517ed3178cc66a25d48d575d60,1-Jun-2026,8-Jun-2026,inactive,94,$1.65,142,27.66%,7.25%,5.86%,6.79%,7.61%,83.609942,7.02%,0.84,56,237,69.26%,58.60%,47.95%,24.86%,35.90%,0.00%,0.00%,0.00%,24.86%,7.10%,31.97%,7.10%,7.10%,0.00%,0,1.78%,1.78%,0.00%,31.97%,7.10%,7.10%,3.55%,0.00%,0,1.78%,3.55%,0.00%,61.5333,71.51%,56.88%,39.00%,29.25%,0.00%,0.00%,13.00%,6.50%,35.75%,9.75%,8.13%,0.00%,0,1.63%,0.00%,35.75%,9.75%,8.13%,3.25%,0.00%,0,3.25%,0.00%
India || Meta || Android || Testing - CPS || Fantasy || Hindi || Primordial God || 653918 || GenAI || NA || 01 Jun 2026 ||  ||  || UGC ||  ||  ||  ||PG-Final PGC-Pranjali-LP-3------Non Content VO-FM-Ex-Purchase-7-DAY-CLICK-Without Logo-Gen AI-Bid-18-24,Primordial God,PG-Final PGC-Pranjali-LP-3,,Gen AI,120244674968940434,abef90c631978edd56192a52e96c3ff23955322c,1-Jun-2026,6-Jun-2026,inactive,41,$1.59,137,36.59%,12.97%,11.94%,11.42%,13.20%,94.183862,15.13%,0.45,26,212,75.57%,52.90%,41.56%,34.00%,45.00%,0.00%,0.00%,0.00%,34.00%,11.33%,34.00%,18.89%,11.33%,0.00%,0,0.00%,0.00%,0.00%,34.00%,18.89%,11.33%,0.00%,0.00%,0,0.00%,0.00%,0.00%,33.8667,73.82%,44.29%,35.43%,32.48%,0.00%,0.00%,14.76%,8.86%,32.48%,17.72%,11.81%,0.00%,0,2.95%,0.00%,32.48%,17.72%,11.81%,2.95%,2.95%,0.02293996755,2.95%,0.00%
India || Meta || Android || Testing - CPS || Fantasy || Hindi || Primordial God || 653918 || Sketch || NA || 01 Jun 2026 ||  ||  || UGC ||  ||  ||  ||PG-Final PGC-Shailendra-LP-3--Hasim-V1---Non Content VO-FM-Ex-Purchase-7-DAY-CLICK,Primordial God,PG-Final PGC-Shailendra-LP-3,,Sketch,120244759148410434,abef90c631978edd56192a52e96c3ff23955322c,2-Jun-2026,7-Jun-2026,inactive,57,$1.25,107,8.77%,4.41%,3.79%,3.51%,3.66%,37.380445,3.13%,1.11,19,323,31.75%,5.29%,5.29%,5.29%,16.67%,0.00%,0.00%,0.00%,5.29%,0.00%,5.29%,5.29%,5.29%,0.00%,0,0.00%,5.29%,0.00%,5.29%,5.29%,5.29%,5.29%,0.00%,0,0.00%,5.29%,5.29%,21.3333,37.50%,4.69%,4.69%,4.69%,0.00%,,4.69%,0.00%,4.69%,4.69%,4.69%,0.00%,,4.69%,0.00%,4.69%,4.69%,4.69%,4.69%,0.00%,,4.69%,4.69%
India || Meta || Android || Testing - CPS || Fantasy || Hindi || Divine Flame Burst || 628685 || GenAI || NA || 03 Jun 2026 ||  ||  || UGC ||  ||  ||  ||DFB-Final PGC-Hasim-LP-1-Base-----Non Content VO-FM-Ex-Purchase-7-DAY-CLICK-GenAI-With-Logo-Bid-18-24,Divine Flame Burst,DFB-Final PGC-Hasim-LP-1,,Gen AI,120244828563090434,9e8043f6d71ede076b7ac420a611f3f56e40f224,3-Jun-2026,8-Jun-2026,inactive,82,$1.06,91,31.71%,9.92%,10.30%,8.26%,8.89%,56.339221,14.80%,0.42,58,129,82.40%,54.94%,41.20%,15.45%,18.75%,0.00%,0.00%,1.72%,10.30%,1.72%,18.88%,5.15%,5.15%,3.43%,0.009750042608,3.43%,1.72%,0.00%,20.60%,6.87%,6.87%,1.72%,3.43%,0.009750042608,3.43%,5.15%,1.72%,68.0313,82.32%,44.10%,32.34%,14.70%,0.00%,0.00%,7.35%,2.94%,20.58%,8.82%,8.82%,4.41%,0.01364801749,2.94%,0.00%,23.52%,10.29%,10.29%,5.88%,5.88%,0.04158605685,8.82%,1.47%
India || Meta || Android || Testing - CPS || Fantasy || Hindi || Divine Flame Burst || 628685 || GenAI || NA || 03 Jun 2026 ||  ||  || UGC ||  ||  ||  ||DFB-Final PGC-Hasim-LP-1-Base+V1 Ending-----Non Content VO-FM-Ex-Purchase-7-DAY-CLICK-GenAI-With-Logo-Bid-18-24,Divine Flame Burst,DFB-Final PGC-Hasim-LP-1,,Gen AI,120244829326930434,9e8043f6d71ede076b7ac420a611f3f56e40f224,3-Jun-2026,8-Jun-2026,inactive,42,$1.49,128,9.52%,11.74%,12.26%,9.96%,11.68%,98.43742,13.82%,0.56,37,145,72.43%,34.87%,21.46%,2.68%,3.70%,0.00%,0.00%,2.68%,0.00%,0.00%,5.37%,0.00%,0.00%,2.68%,0.006342473403,2.68%,0.00%,0.00%,5.37%,0.00%,0.00%,0.00%,2.68%,0.01173881237,5.37%,0.00%,0.00%,40.6113,71.41%,27.09%,7.39%,0.00%,0.00%,0.00%,0.00%,0.00%,4.92%,0.00%,0.00%,2.46%,0.006342473403,0.00%,0.00%,4.92%,0.00%,0.00%,0.00%,2.46%,0.01173881237,0.00%,0.00%
India || Meta || Android || Testing - CPS || Fantasy || Hindi || Primordial God || 653918 || GenAI || NA || 05 Jun 2026 ||  ||  || UGC ||  ||  ||  ||PG-Final PGC-Shailendra-LP-3------Non Content VO-FM-Ex-Purchase-7-DAY-CLICK-GenAI-With-Logo-Bid-18-24,Primordial God,PG-Final PGC-Shailendra-LP-3,Selected,Gen AI,120244937845360434,abef90c631978edd56192a52e96c3ff23955322c,5-Jun-2026,10-Jun-2026,inactive,100,$1.21,104,24.00%,9.88%,9.17%,8.77%,9.09%,79.147745,15.46%,0.49,71,147,78.64%,42.13%,40.72%,23.87%,30.36%,1.40%,0.28%,7.02%,18.26%,1.40%,23.87%,2.81%,2.81%,1.40%,0.003809673791,7.02%,1.40%,0.00%,23.87%,2.81%,2.81%,1.40%,1.40%,0.03205264061,7.02%,1.40%,0.00%,87.3719,80.12%,41.20%,32.05%,24.04%,1.14%,0.28%,6.87%,3.43%,26.32%,6.87%,6.87%,2.29%,0.1309642792,5.72%,1.14%,26.32%,6.87%,6.87%,5.72%,2.29%,0.2739189283,5.72%,2.29%
India || Meta || Android || Testing - CPS || Fantasy || Hindi || Primordial God || 653918 || GenAI || NA || 05 Jun 2026 ||  ||  || UGC ||  ||  ||  ||PG-Final PGC-Shailendra-LP-3------Non Content VO-FM-Ex-Purchase-7-DAY-CLICK-GenAI-With-Logo-1:1Ratio-Bid-18-24,Primordial God,PG-Final PGC-Shailendra-LP-3,,Gen AI,120244939574950434,abef90c631978edd56192a52e96c3ff23955322c,5-Jun-2026,10-Jun-2026,inactive,4,$2.30,198,0.00%,11.53%,10.51%,9.85%,10.11%,122.130059,6.15%,1.00,,,,,,,,,,,,,0.00%,0.00%,0.00%,,,,0.00%,0.00%,0.00%,0.00%,0.00%,0.00%,,,,0.00%,0.00%,,,0.00%,0.00%,0.00%,,,0.00%,0.00%,0.00%,0.00%,0.00%,,,0.00%,0.00%,0.00%,0.00%,0.00%,0.00%,,,0.00%,0.00%
India || Meta || Android || Testing - CPS || Fantasy || Hindi || Primordial God || 653918 || GenAI || NA || 05 Jun 2026 ||  ||  || UGC ||  ||  ||  ||PG-Final PGC-Shailendra-LP-3------Non Content VO-FM-Ex-Purchase-7-DAY-CLICK-GenAI-Patched-With-Logo-Bid-18-24,Primordial God,PG-Final PGC-Shailendra-LP-3,,Gen AI,120244969207110434,abef90c631978edd56192a52e96c3ff23955322c,5-Jun-2026,10-Jun-2026,inactive,131,$1.18,102,24.43%,10.21%,9.32%,9.02%,9.57%,77.276701,15.01%,0.51,102,131,74.47%,45.08%,33.32%,18.62%,25.00%,0.00%,0.00%,4.90%,11.76%,1.96%,16.66%,1.96%,1.96%,3.92%,0.03997178292,7.84%,0.98%,0.00%,16.66%,1.96%,1.96%,0.98%,4.90%,0.09600463193,7.84%,0.98%,0.00%,114.9411,71.34%,37.41%,22.62%,15.66%,0.00%,0.00%,3.48%,0.00%,16.53%,1.74%,1.74%,3.48%,0.03997178292,0.87%,0.00%,16.53%,1.74%,1.74%,0.87%,4.35%,0.09600463193,0.87%,0.00%
India || Meta || Android || Testing - CPS || Fantasy || Hindi || Primordial God || 653918 || Sketch || NA || 06 Jun 2026 ||  ||  || UGC ||  ||  ||  ||PG-Final PGC-Chaitanya-LP-5------Non Content VO-FM-Ex-Purchase-7-DAY-CLICK,Primordial God,PG-Final PGC-Chaitanya-LP-5,,Sketch,120245026298710434,abef90c631978edd56192a52e96c3ff23955322c,6-Jun-2026,11-Jun-2026,inactive,41,$1.51,130,7.32%,5.83%,4.39%,4.46%,4.03%,86.246512,3.27%,2.03,7,797,30.00%,15.00%,0.00%,0.00%,0.00%,0.00%,0.00%,0.00%,0.00%,0.00%,0.00%,0.00%,0.00%,0.00%,0,0.00%,0.00%,0.00%,0.00%,0.00%,0.00%,0.00%,0.00%,0,0.00%,0.00%,0.00%,11.6667,34.29%,0.00%,0.00%,0.00%,0.00%,0.00%,0.00%,0.00%,0.00%,0.00%,0.00%,0.00%,0,0.00%,0.00%,0.00%,0.00%,0.00%,0.00%,0.00%,0,0.00%,0.00%
India || Meta || Android || Testing - CPS || Fantasy || Hindi || King of Dragon | किंग ऑफ ड्रैगन | Author - Nitesh || 346826 || Sketch || NA || 06 Jun 2026 || Short ||  || UGC ||  ||  ||  || KODGN-Final PGC-Prakash-LP-1------Non Content VO-FM-Ex-Purchase-7-DAY-CLICK,King of Dragon,KODGN-Final PGC-Prakash-LP-1,,Sketch,120245026994030434,859785ba4869b28dddcfcb0e75295d1e1ad9b5a9,6-Jun-2026,11-Jun-2026,inactive,42,$1.25,107,7.14%,4.29%,2.85%,2.87%,2.82%,66.023841,1.95%,3.15,19,238,21.05%,0.00%,0.00%,0.00%,0.00%,0.00%,0.00%,0.00%,0.00%,0.00%,0.00%,0.00%,0.00%,0.00%,0,0.00%,0.00%,0.00%,0.00%,0.00%,0.00%,0.00%,0.00%,0,0.00%,0.00%,0.00%,19,21.05%,0.00%,0.00%,0.00%,0.00%,0.00%,0.00%,0.00%,0.00%,0.00%,0.00%,0.00%,0,0.00%,0.00%,0.00%,0.00%,0.00%,0.00%,0.00%,0,0.00%,0.00%
India || Meta || Android || Testing - CPS || Fantasy || Hindi || Primordial God || 653918 || Sketch || NA || 01 Jun 2026 ||  ||  || UGC ||  ||  ||  ||PG-Final PGC-Shailendra-30 Minuter-2------Non Content VO-FM-Ex-Purchase-7-DAY-CLICK,Primordial God,PG-Final PGC-Shailendra-30 Minuter-2------Non Content VO-FM-Ex-Purchase-7-DAY-CLICK,,Sketch,120245027301370434,abef90c631978edd56192a52e96c3ff23955322c,6-Jun-2026,11-Jun-2026,inactive,13,$3.90,335,53.85%,9.26%,7.86%,6.74%,7.60%,123.629913,4.59%,0.80,6,726,50.00%,50.00%,50.00%,33.33%,66.67%,0.00%,0.00%,16.67%,16.67%,0.00%,33.33%,0.00%,0.00%,0.00%,0,16.67%,0.00%,0.00%,33.33%,0.00%,0.00%,0.00%,0.00%,0,16.67%,0.00%,0.00%,6,50.00%,50.00%,33.33%,33.33%,0.00%,0.00%,0.00%,0.00%,33.33%,0.00%,0.00%,0.00%,0,0.00%,0.00%,33.33%,0.00%,0.00%,0.00%,0.00%,0,0.00%,0.00%
India || Meta || Android || Testing - CPS || Fantasy || Hindi || Divine Flame Burst || 628685 || Sketch || NA || 06 Jun 2026 ||  ||  || UGC ||  ||  ||  ||DFB-Final PGC-Chaitanya-LP-5-V2-----Non Content VO-FM-Ex-Purchase-7-DAY-CLICK,Divine Flame Burst,DFB-Final PGC-Chaitanya-LP-5,,Sketch,120245031866880434,9e8043f6d71ede076b7ac420a611f3f56e40f224,6-Jun-2026,11-Jun-2026,inactive,37,$1.53,131,8.11%,5.41%,3.92%,3.38%,3.21%,77.192347,2.08%,2.83,17,279,17.24%,11.49%,11.49%,11.49%,66.67%,0.00%,0.00%,0.00%,11.49%,0.00%,11.49%,0.00%,0.00%,0.00%,0,0.00%,0.00%,0.00%,11.49%,0.00%,0.00%,0.00%,0.00%,0,0.00%,0.00%,0.00%,17.4,17.24%,11.49%,11.49%,11.49%,0.00%,0.00%,11.49%,0.00%,11.49%,0.00%,0.00%,0.00%,0,0.00%,0.00%,11.49%,0.00%,0.00%,0.00%,0.00%,0,0.00%,0.00%
India || Meta || Android || Testing - CPS || Fantasy || Hindi || The Legend Gods || 607713 || Sketch || NA || 06 Jun 2026 ||  ||  || UGC ||  ||  ||  ||TLG-Final PGC-Shailendra-20 Minuter-1------Non Content VO-FM-Ex-Purchase-7-DAY-CLICK,The Legend Gods,TLG-Final PGC-Shailendra-20 Minuter-1------Non Content VO-FM-Ex-Purchase-7-DAY-CLICK,,Sketch,120245032440600434,e9df0d17c5a5f6fd21ae4b491bd2bca28a785135,6-Jun-2026,11-Jun-2026,inactive,18,$2.69,231,11.11%,6.97%,5.73%,5.74%,5.47%,56.472753,6.27%,0.39,9,482,81.22%,58.01%,23.20%,11.60%,14.29%,0.00%,0.00%,0.00%,11.60%,0.00%,11.60%,0.00%,0.00%,0.00%,0,0.00%,0.00%,0.00%,11.60%,11.60%,0.00%,0.00%,0.00%,0,0.00%,0.00%,0.00%,8.619,81.22%,46.41%,23.20%,11.60%,0.00%,0.00%,11.60%,0.00%,11.60%,0.00%,0.00%,0.00%,0,0.00%,0.00%,11.60%,11.60%,0.00%,0.00%,0.00%,0,0.00%,0.00%
India || Meta || Android || Testing - CPS || Fantasy || Hindi || Divine Flame Burst || 628685 || Sketch || NA || 06 Jun 2026 ||  ||  || UGC ||  ||  ||  |DFB-Final PGC-Chaitanya-LP-5-V3-----Non Content VO-FM-Ex-Purchase-7-DAY-CLICK,Divine Flame Burst,DFB-Final PGC-Chaitanya-LP-5,,Sketch,120245032492270434,9e8043f6d71ede076b7ac420a611f3f56e40f224,6-Jun-2026,11-Jun-2026,inactive,44,$1.31,113,4.55%,7.91%,5.70%,4.98%,4.86%,70.264575,2.89%,2.15,23,0,26.55%,0.00%,0.00%,0.00%,0.00%,0.00%,,4.42%,0.00%,0.00%,0.00%,0.00%,0.00%,0.00%,,4.42%,0.00%,0.00%,0.00%,0.00%,0.00%,0.00%,0.00%,,4.42%,0.00%,0.00%,22.6,26.55%,0.00%,0.00%,0.00%,0.00%,,0.00%,0.00%,0.00%,0.00%,0.00%,0.00%,,0.00%,0.00%,0.00%,0.00%,0.00%,0.00%,0.00%,,0.00%,0.00%
India || Meta || Android || Testing - CPS || Fantasy || Hindi || Purple Thunder Sovereign || 649265 || Sketch || NA || 06 Jun 2026 || Short ||  || UGC || No ||  ||  || PTS-Final PGC-Ganesh-LP-2-V2-----Non Content VO-FM-Ex-Purchase-7-DAY-CLICK,Purple Thunder Sovereign,PTS-Final PGC-Ganesh-LP-2,,Sketch,120245033011450434,de8f3bd12ad51c517ed3178cc66a25d48d575d60,6-Jun-2026,11-Jun-2026,inactive,53,$1.12,96,7.55%,1.98%,1.63%,1.74%,1.54%,80.375107,2.51%,3.33,24,214,33.61%,21.01%,4.20%,4.20%,12.50%,0.00%,0.00%,0.00%,0.00%,0.00%,12.61%,4.20%,0.00%,0.00%,0,4.20%,0.00%,0.00%,12.61%,4.20%,0.00%,0.00%,4.20%,0.02527445961,4.20%,0.00%,0.00%,23.8,33.61%,12.61%,4.20%,4.20%,0.00%,0.00%,0.00%,0.00%,12.61%,4.20%,0.00%,0.00%,0,0.00%,0.00%,12.61%,4.20%,0.00%,0.00%,4.20%,0.02527445961,0.00%,0.00%
India || Meta || Android || Testing - CPS || Fantasy || Hindi || Divine Flame Burst || 628685 || Sketch || NA || 06 Jun 2026 ||  ||  || UGC ||  ||  ||  ||DFB-Final PGC-Akshay-LP-1------Non Content VO-FM-Ex-Purchase-7-DAY-CLICK,Divine Flame Burst,DFB-Final PGC-Akshay-LP-1,,Sketch,120245034025010434,9e8043f6d71ede076b7ac420a611f3f56e40f224,6-Jun-2026,11-Jun-2026,inactive,58,$1.46,126,12.07%,6.91%,5.04%,5.36%,5.22%,80.115996,3.01%,2.11,22,329,40.54%,27.03%,13.51%,0.00%,0.00%,4.50%,0.40%,4.50%,0.00%,0.00%,0.00%,0.00%,0.00%,4.50%,0.003965054207,4.50%,0.00%,0.00%,0.00%,0.00%,0.00%,0.00%,4.50%,0.01482693126,4.50%,0.00%,0.00%,23.6,42.37%,21.19%,0.00%,0.00%,4.24%,0.40%,0.00%,0.00%,0.00%,0.00%,0.00%,4.24%,0.003965054207,0.00%,0.00%,0.00%,0.00%,0.00%,0.00%,4.24%,0.01482693126,0.00%,0.00%
India || Meta || Android || Testing - CPS || Fantasy || Hindi || Primordial God || 653918 || Sketch || NA || 06 Jun 2026 ||  ||  || UGC ||  ||  ||  ||PG-Final PGC-Hasim-LP-1-V2-----Non Content VO-FM-Ex-Purchase-7-DAY-CLICK,Primordial God,PG-Final PGC-Hasim-LP-1,,Sketch,120245035207350434,abef90c631978edd56192a52e96c3ff23955322c,6-Jun-2026,11-Jun-2026,inactive,75,$1.19,103,14.67%,8.64%,7.71%,6.96%,7.24%,85.331066,4.36%,1.91,30,254,52.67%,26.34%,13.17%,6.58%,12.50%,0.00%,0.00%,0.00%,6.58%,0.00%,6.58%,0.00%,0.00%,3.29%,0.005051048205,3.29%,0.00%,0.00%,6.58%,0.00%,0.00%,0.00%,3.29%,0.005051048205,3.29%,0.00%,0.00%,34.6607,54.82%,17.31%,11.54%,8.66%,2.89%,2.80%,2.89%,2.89%,8.66%,2.89%,2.89%,5.77%,0.03307601946,2.89%,0.00%,8.66%,2.89%,2.89%,2.89%,5.77%,0.03307601946,2.89%,2.89%
India || Meta || Android || Testing - CPS || Fantasy || Hindi || Primordial God || 653918 || GenAI || NA || 06 Jun 2026 ||  ||  || UGC ||  ||  ||  ||PG-Final PGC-Shailendra-LP-3------Non Content VO-FM-Ex-Purchase-7-DAY-CLICK-GenAI-With-Logo-1:1Ratio-Bid-18-24PG-Final PGC-Pranjali-LP-3------Non Content VO-FM-Ex-Purchase-7-DAY-CLICK-With Logo-Gen AI-Shashwat-Edited-Bid-18-24,Primordial God,PG-Final PGC-Shailendra-LP-3,,Gen AI,120245048442580434,abef90c631978edd56192a52e96c3ff23955322c,6-Jun-2026,10-Jun-2026,inactive,17,$4.31,371,29.41%,8.23%,6.84%,6.52%,6.76%,57.573143,4.24%,0.37,13,485,69.23%,38.46%,30.77%,23.08%,33.33%,0.00%,0.00%,0.00%,23.08%,0.00%,30.77%,0.00%,0.00%,0.00%,0,0.00%,0.00%,0.00%,30.77%,0.00%,0.00%,0.00%,0.00%,0,0.00%,0.00%,0.00%,14,71.43%,35.71%,21.43%,21.43%,0.00%,0.00%,0.00%,0.00%,28.57%,0.00%,0.00%,0.00%,0,0.00%,0.00%,28.57%,0.00%,0.00%,0.00%,0.00%,0,0.00%,0.00%
India || Meta || Android || Testing - CPS || Fantasy || Hindi || Primordial God || 653918 || GenAI || NA || 05 Jun 2026 ||  ||  || UGC ||  ||  ||  ||PG-Final PGC-Shailendra-LP-3------Non Content VO-FM-Ex-Purchase-7-DAY-CLICK-GenAI-Without-Logo-Bid-18-24,Primordial God,PG-Final PGC-Shailendra-LP-3,,Gen AI,120244938769120434,abef90c631978edd56192a52e96c3ff23955322c,5-Jun-2026,15-Jun-2026,inactive,16,$1.53,131,31.25%,11.70%,10.52%,10.27%,10.42%,93.193497,10.26%,0.69,7,316,75.00%,45.00%,45.00%,15.00%,20.00%,0.00%,0.00%,15.00%,15.00%,0.00%,15.00%,0.00%,0.00%,0.00%,0,15.00%,0.00%,0.00%,15.00%,0.00%,0.00%,0.00%,0.00%,0,15.00%,0.00%,0.00%,10.3333,77.42%,38.71%,38.71%,19.35%,0.00%,0.00%,9.68%,9.68%,19.35%,9.68%,9.68%,0.00%,0,0.00%,0.00%,19.35%,9.68%,9.68%,0.00%,0.00%,0,0.00%,0.00%
India || Meta || Android || Testing - CPS || Fantasy || Hindi || The Legend Gods || 607713 || Sketch || NA || 06 Jun 2026 ||  ||  || UGC ||  ||  ||  ||TLG-Final PGC-Shailendra-LP-1-V1-----Non Content VO-FM-Ex-Purchase-7-DAY-CLICK,The Legend Gods,TLG-Final PGC-Shailendra-LP-1,,Sketch,120245035008790434,e9df0d17c5a5f6fd21ae4b491bd2bca28a785135,6-Jun-2026,11-Jun-2026,inactive,69,$1.73,149,33.33%,12.44%,9.41%,8.80%,10.00%,97.40465,8.12%,0.81,50,205,79.97%,41.98%,29.99%,21.99%,27.50%,4.00%,0.78%,6.00%,15.99%,8.00%,21.99%,13.99%,10.00%,10.00%,0.05654773434,8.00%,4.00%,0.00%,21.99%,13.99%,12.00%,6.00%,10.00%,0.05873331536,8.00%,6.00%,0.00%,56.7193,81.10%,35.26%,24.68%,21.16%,3.53%,0.78%,8.82%,5.29%,22.92%,15.87%,12.34%,10.58%,0.06102279497,7.05%,0.00%,22.92%,15.87%,14.10%,8.82%,10.58%,0.06320837598,8.82%,1.76%
India || Meta || Android || Testing - CPS || Fantasy || Hindi || Primordial God || 653918 || GenAI || NA || 06 Jun 2026 ||  ||  || UGC ||  ||  ||  ||PG-Final PGC-Shailendra-LP-3------Non Content VO-FM-Ex-Purchase-7-DAY-CLICK-GenAI-With-Logo-1:1Ratio-Bid-18-24PG-Final PGC-Pranjali-LP-3------Non Content VO-FM-Ex-Purchase-7-DAY-CLICK-With Logo-Gen AI-Muskan-Shashwat-Bid-18-24,Primordial God,PG-Final PGC-Shailendra-LP-3,,Gen AI,120245046547490434,abef90c631978edd56192a52e96c3ff23955322c,6-Jun-2026,11-Jun-2026,inactive,105,$1.23,106,20.00%,11.35%,10.14%,9.59%,10.96%,102.419413,13.22%,0.73,86,129,79.17%,41.91%,33.76%,13.97%,17.65%,2.33%,0.78%,6.99%,6.99%,1.16%,15.13%,1.16%,1.16%,4.66%,0.04563481741,8.15%,0.00%,0.00%,15.13%,2.33%,2.33%,0.00%,4.66%,0.04563481741,8.15%,0.00%,0.00%,98.317,80.35%,39.67%,22.38%,12.21%,2.03%,0.78%,2.03%,1.02%,17.29%,2.03%,2.03%,5.09%,0.04824068623,1.02%,0.00%,17.29%,3.05%,3.05%,1.02%,5.09%,0.05794225963,1.02%,1.02%
India || Meta || Android || Testing - CPS || Fantasy || Hindi || King of Dragon | किंग ऑफ ड्रैगन | Author - Nitesh || 346826 || Sketch || NA || 09 Jun 2026 || Short ||  || UGC ||  ||  ||  || KODGN-Final PGC-Prakash-LP-2------Non Content VO-FM-Ex-Purchase-7-DAY-CLICK,King of Dragon,KODGN-Final PGC-Prakash-LP-2,,Sketch,120245258630060434,859785ba4869b28dddcfcb0e75295d1e1ad9b5a9,9-Jun-2026,14-Jun-2026,inactive,50,$1.34,115,6.00%,9.77%,5.87%,4.81%,5.34%,83.844117,4.84%,1.50,18,321,22.26%,16.70%,11.13%,5.57%,25.00%,0.00%,0.00%,0.00%,5.57%,5.57%,11.13%,0.00%,0.00%,5.57%,0.005043778421,5.57%,0.00%,0.00%,11.13%,0.00%,0.00%,0.00%,5.57%,0.005043778421,5.57%,0.00%,0.00%,20.7167,24.14%,14.48%,9.65%,4.83%,0.00%,0.00%,4.83%,0.00%,9.65%,0.00%,0.00%,4.83%,0.005043778421,0.00%,0.00%,9.65%,0.00%,0.00%,0.00%,4.83%,0.005043778421,0.00%,0.00%
India || Meta || Android || Testing - CPS || Fantasy || Hindi || Primordial God || 653918 || Sketch || NA || 09 Jun 2026 ||  ||  || UGC ||  ||  ||  ||PG-Final PGC-Hasim-LP-1------Non Content VO-FM-Ex-Purchase-7-DAY-CLICK,Primordial God,PG-Final PGC-Hasim-LP-1,,Sketch,120245259687560434,abef90c631978edd56192a52e96c3ff23955322c,9-Jun-2026,14-Jun-2026,inactive,68,$0.99,85,13.24%,4.35%,3.66%,2.95%,3.16%,79.568392,2.55%,3.66,20,296,30.61%,15.31%,10.20%,5.10%,16.67%,0.00%,0.00%,5.10%,5.10%,0.00%,5.10%,0.00%,0.00%,0.00%,0,5.10%,0.00%,0.00%,5.10%,0.00%,0.00%,0.00%,0.00%,0,5.10%,0.00%,0.00%,20.6,33.98%,9.71%,9.71%,4.85%,0.00%,0.00%,0.00%,0.00%,4.85%,0.00%,0.00%,0.00%,0,0.00%,0.00%,4.85%,0.00%,0.00%,0.00%,0.00%,0,0.00%,0.00%
India || Meta || Android || Testing - CPS || Fantasy || Hindi || King of Dragon | किंग ऑफ ड्रैगन | Author - Nitesh || 346826 || Sketch || NA || 09 Jun 2026 || Short ||  || UGC ||  ||  ||  || KODGN-Final PGC-Hasim-LP-1------Non Content VO-FM-Ex-Purchase-7-DAY-CLICK,King of Dragon,KODGN-Final PGC-Hasim-LP-1,Selected,Sketch,120245260674000434,859785ba4869b28dddcfcb0e75295d1e1ad9b5a9,9-Jun-2026,14-Jun-2026,inactive,52,$1.27,109,9.62%,6.78%,5.16%,5.01%,5.04%,84.997834,3.62%,2.14,25,231,36.59%,20.33%,20.33%,16.26%,44.44%,0.00%,0.00%,0.00%,16.26%,12.20%,20.33%,16.26%,12.20%,4.07%,0.005095696183,4.07%,8.13%,0.00%,20.33%,16.26%,12.20%,12.20%,4.07%,0.006681396376,4.07%,12.20%,0.00%,27.881,35.87%,17.93%,17.93%,14.35%,0.00%,0.00%,14.35%,7.17%,17.93%,14.35%,10.76%,3.59%,0.005095696183,7.17%,0.00%,17.93%,14.35%,10.76%,10.76%,3.59%,0.006681396376,10.76%,0.00%
RE-RUN-India || Meta || Android || Testing - CPS || Fantasy || Hindi || King of Dragon | किंग ऑफ ड्रैगन | Author - Nitesh || 346826 || Sketch || NA || 10 Jun 2026 || Short ||  || UGC ||  ||  ||  || KODGN-Final PGC-Prakash-LP-1------Non Content VO-FM-Ex-Purchase-7-DAY-CLICK,King of Dragon,KODGN-Final PGC-Prakash-LP-1,,Sketch,120245297400100434,859785ba4869b28dddcfcb0e75295d1e1ad9b5a9,10-Jun-2026,15-Jun-2026,inactive,81,$0.69,59,0.00%,3.41%,1.94%,1.74%,1.60%,60.014828,3.33%,3.03,24,201,12.50%,4.17%,4.17%,0.00%,0.00%,0.00%,0.00%,0.00%,0.00%,0.00%,0.00%,0.00%,0.00%,0.00%,0,0.00%,0.00%,0.00%,0.00%,0.00%,0.00%,0.00%,0.00%,0,0.00%,0.00%,0.00%,24.0001,12.50%,4.17%,0.00%,0.00%,0.00%,0.00%,0.00%,0.00%,0.00%,0.00%,0.00%,0.00%,0,0.00%,0.00%,0.00%,0.00%,0.00%,0.00%,0.00%,0,0.00%,0.00%
RE-RUN-India || Meta || Android || Testing - CPS || Fantasy || Hindi || Divine Flame Burst || 628685 || Sketch || NA || 10 Jun 2026 ||  ||  || UGC ||  ||  ||  ||DFB-Final PGC-Akshay-LP-1------Non Content VO-FM-Ex-Purchase-7-DAY-CLICK,Divine Flame Burst,DFB-Final PGC-Akshay-LP-1,,Sketch,120245297519830434,9e8043f6d71ede076b7ac420a611f3f56e40f224,10-Jun-2026,15-Jun-2026,inactive,32,$1.76,151,15.63%,6.74%,4.98%,4.75%,4.69%,80.017526,2.82%,1.88,2,2074,42.86%,0.00%,0.00%,0.00%,0.00%,0.00%,0.00%,0.00%,0.00%,0.00%,0.00%,0.00%,0.00%,0.00%,0,0.00%,0.00%,0.00%,0.00%,0.00%,0.00%,0.00%,0.00%,0,0.00%,0.00%,0.00%,4.3333,46.15%,0.00%,0.00%,0.00%,0.00%,0.00%,0.00%,0.00%,0.00%,0.00%,0.00%,0.00%,0,0.00%,0.00%,0.00%,0.00%,0.00%,0.00%,0.00%,0,0.00%,0.00%
RE-RUN-India || Meta || Android || Testing - CPS || Fantasy || Hindi || The Legend Gods || 607713 || Sketch || NA || 10 Jun 2026 ||  ||  || UGC ||  ||  ||  ||TLG-Final PGC-Shailendra-20 Minuter-1------Non Content VO-FM-Ex-Purchase-7-DAY-CLICK,The Legend Gods,TLG-Final PGC-Shailendra-20 Minuter-1------Non Content VO-FM-Ex-Purchase-7-DAY-CLICK,,Sketch,120245297564810434,e9df0d17c5a5f6fd21ae4b491bd2bca28a785135,10-Jun-2026,15-Jun-2026,inactive,70,$1.10,95,28.57%,10.88%,8.62%,8.76%,8.09%,96.790977,13.49%,0.76,51,131,85.09%,53.43%,37.60%,21.77%,25.58%,1.98%,0.57%,1.98%,11.87%,1.98%,15.83%,3.96%,3.96%,1.98%,0.005732073876,1.98%,0.00%,0.00%,15.83%,3.96%,3.96%,0.00%,1.98%,0.005732073876,1.98%,0.00%,0.00%,55.5333,86.43%,45.02%,32.41%,16.21%,1.80%,0.57%,7.20%,0.00%,16.21%,3.60%,3.60%,1.80%,0.005732073876,0.00%,0.00%,16.21%,5.40%,3.60%,0.00%,1.80%,0.005732073876,0.00%,0.00%
India || Meta || Android || Testing - CPS || Fantasy || Hindi || Purple Thunder Sovereign || 649265 || Sketch || NA || 10 Jun 2026 || Short ||  || UGC || No ||  ||  || PTS-Final PGC-Ganesh-LP-8------Non Content VO-FM-Ex-Purchase-7-DAY-CLICK,Purple Thunder Sovereign,PTS-Final PGC-Ganesh-LP-8,,Sketch,120245298958560434,de8f3bd12ad51c517ed3178cc66a25d48d575d60,10-Jun-2026,15-Jun-2026,inactive,58,$1.29,111,13.79%,3.16%,2.60%,2.76%,2.69%,63.518719,2.36%,2.43,20,320,24.79%,14.88%,9.92%,4.96%,20.00%,0.00%,0.00%,0.00%,0.00%,0.00%,9.92%,0.00%,0.00%,0.00%,0,0.00%,0.00%,0.00%,9.92%,0.00%,0.00%,0.00%,0.00%,0,0.00%,0.00%,0.00%,23.6666,25.35%,8.45%,4.23%,4.23%,0.00%,0.00%,0.00%,0.00%,8.45%,0.00%,0.00%,0.00%,0,0.00%,0.00%,8.45%,0.00%,0.00%,0.00%,0.00%,0,0.00%,0.00%
India || Meta || Android || Testing - CPS || Fantasy || Hindi || The Legend Gods || 607713 || Sketch || NA || 10 Jun 2026 ||  ||  || UGC ||  ||  ||  || TLG-Final PGC-Shailendra-30 Minuter-1------Non Content VO-FM-Ex-Purchase-7-DAY-CLICK,The Legend Gods,TLG-Final PGC-Shailendra-30 Minuter-1------Non Content VO-FM-Ex-Purchase-7-DAY-CLICK,,Sketch,120245299233600434,e9df0d17c5a5f6fd21ae4b491bd2bca28a785135,10-Jun-2026,15-Jun-2026,inactive,83,$0.88,76,20.48%,5.87%,7.01%,7.65%,7.04%,64.885738,11.54%,0.74,71,89,77.35%,53.44%,32.35%,18.28%,23.64%,0.00%,0.00%,1.41%,11.25%,1.41%,16.88%,1.41%,0.00%,0.00%,0,1.41%,0.00%,0.00%,18.28%,1.41%,0.00%,0.00%,0.00%,0,1.41%,0.00%,0.00%,78.8847,78.60%,46.90%,27.89%,15.21%,0.00%,0.00%,7.61%,0.00%,19.02%,3.80%,2.54%,1.27%,0.004589549317,1.27%,0.00%,20.28%,3.80%,2.54%,1.27%,1.27%,0.004589549317,1.27%,0.00%
India || Meta || Android || Testing - CPS || Fantasy || Hindi || The Warrior | Author - Dayaram Prajapati || 349022 || Sketch || NA || 10 Jun 2026 || Short ||  || UGC ||  ||  ||  || TWAR-Final PGC-Akshay-LP-3------Non Content VO-FM-Ex-Purchase-7-DAY-CLICK,The Warrior,TWAR-Final PGC-Akshay-LP-3,Selected,Sketch,120245338159390434,a3ba65aa427077188e1ad7dbcbcafae266683ca9,10-Jun-2026,15-Jun-2026,inactive,84,$1.39,119,28.57%,6.19%,4.25%,3.66%,4.16%,67.982361,3.01%,1.89,39,257,58.97%,20.51%,17.95%,7.69%,13.04%,0.00%,0.00%,5.13%,7.69%,2.56%,7.69%,2.56%,2.56%,2.56%,0.00289125405,7.69%,0.00%,0.00%,7.69%,2.56%,2.56%,2.56%,5.13%,0.03935866798,10.26%,2.56%,0.00%,42,59.52%,19.05%,9.52%,9.52%,0.00%,0.00%,4.76%,2.38%,9.52%,2.38%,2.38%,2.38%,0.00289125405,0.00%,0.00%,9.52%,2.38%,2.38%,2.38%,4.76%,0.03935866798,2.38%,0.00%
RE-RUN-India || Meta || Android || Testing - CPS || Fantasy || Hindi || The Warrior | Author - Dayaram Prajapati || 349022 || Sketch || NA || 10 Jun 2026 || Short ||  || UGC ||  ||  ||  || TWAR-Final PGC-Akshay-LP-1------Non Content VO-FM-Ex-Purchase-7-DAY-CLICK,The Warrior,TWAR-Final PGC-Akshay-LP-1,Selected,Sketch,120245298322260434,a3ba65aa427077188e1ad7dbcbcafae266683ca9,10-Jun-2026,18-Jun-2026,inactive,40,$2.23,192,27.50%,8.55%,7.60%,7.11%,8.08%,82.623564,6.60%,0.65,24,327,59.57%,38.30%,34.04%,25.53%,42.86%,0.00%,0.00%,0.00%,21.28%,0.00%,29.79%,8.51%,0.00%,0.00%,0,0.00%,0.00%,0.00%,29.79%,8.51%,0.00%,0.00%,0.00%,0,0.00%,0.00%,0.00%,27.75,61.26%,36.04%,21.62%,21.62%,0.00%,0.00%,10.81%,0.00%,25.23%,7.21%,0.00%,0.00%,0,0.00%,0.00%,28.83%,7.21%,0.00%,0.00%,0.00%,0,0.00%,0.00%
India || Meta || Android || Testing - CPS || Fantasy || Hindi || King of Dragon | किंग ऑफ ड्रैगन | Author - Nitesh || 346826 || Sketch || NA || 09 Jun 2026 || Short ||  || UGC ||  ||  ||  || KODGN-Final PGC-Prakash-LP-3------Non Content VO-FM-Ex-Purchase-7-DAY-CLICK,King of Dragon,KODGN-Final PGC-Prakash-LP-3,,Sketch,120245338493910434,859785ba4869b28dddcfcb0e75295d1e1ad9b5a9,10-Jun-2026,15-Jun-2026,inactive,48,$1.24,106,6.25%,4.34%,2.83%,2.30%,2.43%,82.997661,3.23%,2.42,27,189,25.93%,11.11%,7.41%,3.70%,14.29%,0.00%,0.00%,0.00%,3.70%,0.00%,3.70%,0.00%,0.00%,0.00%,0,0.00%,0.00%,0.00%,3.70%,0.00%,0.00%,0.00%,0.00%,0,0.00%,0.00%,0.00%,28.5,24.56%,7.02%,3.51%,3.51%,0.00%,0.00%,0.00%,0.00%,3.51%,0.00%,0.00%,0.00%,0,0.00%,0.00%,3.51%,0.00%,0.00%,0.00%,0.00%,0,0.00%,0.00%
RE-RUN-India || Meta || Android || Testing - CPS || Fantasy || Hindi || Divine Flame Burst || 628685 || Sketch || NA || 11 Jun 2026 ||  ||  || UGC ||  ||  ||  || DFB-Final PGC-Prakash-LP-3------Non Content VO-FM-Ex-Purchase-7-DAY-CLICK,Divine Flame Burst,DFB-Final PGC-Prakash-LP-3,,Sketch,120245398172490434,9e8043f6d71ede076b7ac420a611f3f56e40f224,11-Jun-2026,16-Jun-2026,inactive,39,$1.52,131,7.69%,11.63%,7.56%,5.47%,5.36%,66.455757,3.21%,1.59,13,391,23.05%,7.68%,7.68%,7.68%,33.33%,0.00%,0.00%,0.00%,7.68%,0.00%,7.68%,0.00%,0.00%,0.00%,0,0.00%,0.00%,0.00%,15.36%,0.00%,0.00%,0.00%,7.68%,0.005743991475,7.68%,0.00%,0.00%,15.0167,33.30%,13.32%,6.66%,6.66%,0.00%,0.00%,6.66%,0.00%,13.32%,6.66%,6.66%,0.00%,0,6.66%,0.00%,19.98%,6.66%,6.66%,6.66%,6.66%,0.005743991475,6.66%,6.66%
India || Meta || Android || Testing - CPS || Fantasy || Hindi || The Warrior | Author - Dayaram Prajapati || 349022 || Sketch || NA || 12 Jun 2026 || Short ||  || UGC ||  ||  ||  || TWAR-Final PGC-Akshay-LP-5------Non Content VO-FM-Ex-Purchase-7-DAY-CLICK,The Warrior,TWAR-Final PGC-Akshay-LP-5,,Sketch,120245430092410434,a3ba65aa427077188e1ad7dbcbcafae266683ca9,12-Jun-2026,17-Jun-2026,inactive,54,$1.54,133,9.26%,5.87%,4.20%,3.83%,3.34%,70.507866,3.13%,1.70,13,537,15.00%,15.00%,7.50%,7.50%,50.00%,7.50%,0.40%,7.50%,7.50%,7.50%,7.50%,7.50%,0.00%,7.50%,0.00404570096,7.50%,0.00%,0.00%,7.50%,7.50%,7.50%,0.00%,7.50%,0.00404570096,7.50%,7.50%,0.00%,24.6667,32.43%,16.22%,8.11%,8.11%,4.05%,0.40%,8.11%,0.00%,8.11%,8.11%,4.05%,4.05%,0.00404570096,0.00%,0.00%,8.11%,8.11%,8.11%,4.05%,8.11%,0.02330424597,8.11%,0.00%
India || Meta || Android || Testing - CPS || Fantasy || Hindi || The Warrior | Author - Dayaram Prajapati || 349022 || Sketch || NA || 12 Jun 2026 || Short ||  || UGC ||  ||  ||  || TWAR-Final PGC-Chaitanya-LP-1------Non Content VO-FM-Ex-Purchase-7-DAY-CLICK,The Warrior,TWAR-Final PGC-Chaitanya-LP-1,Partially Selected,Sketch,120245430531090434,a3ba65aa427077188e1ad7dbcbcafae266683ca9,12-Jun-2026,17-Jun-2026,inactive,56,$1.78,153,14.29%,6.05%,5.19%,5.49%,5.99%,88.708055,2.84%,2.04,26,327,45.71%,26.67%,26.67%,19.05%,41.67%,0.00%,0.00%,3.81%,15.24%,7.62%,15.24%,11.43%,11.43%,7.62%,0.03683030493,7.62%,7.62%,0.00%,15.24%,11.43%,11.43%,7.62%,7.62%,0.04258694464,7.62%,7.62%,3.81%,26.25,45.71%,26.67%,19.05%,15.24%,0.00%,0.00%,7.62%,7.62%,15.24%,11.43%,11.43%,7.62%,0.03683030493,7.62%,0.00%,15.24%,11.43%,11.43%,7.62%,7.62%,0.04258694464,7.62%,3.81%
India || Meta || Android || Testing - CPS || Fantasy || Hindi || King of Dragon | किंग ऑफ ड्रैगन | Author - Nitesh || 346826 || Sketch || NA || 12 Jun 2026 || Short ||  || UGC ||  ||  ||  || KODGN-Final PGC-Prakash-LP-5------Non Content VO-FM-Ex-Purchase-7-DAY-CLICK,King of Dragon,KODGN-Final PGC-Prakash-LP-5,,Sketch,120245432732870434,859785ba4869b28dddcfcb0e75295d1e1ad9b5a9,12-Jun-2026,17-Jun-2026,inactive,65,$0.88,76,4.62%,3.12%,1.87%,1.71%,1.54%,64.994993,2.37%,3.61,28,174,21.18%,7.06%,0.00%,0.00%,0.00%,0.00%,0.00%,0.00%,0.00%,0.00%,0.00%,0.00%,0.00%,0.00%,0,0.00%,0.00%,0.00%,0.00%,0.00%,0.00%,0.00%,0.00%,0,0.00%,0.00%,0.00%,28.3334,21.18%,3.53%,0.00%,0.00%,0.00%,0.00%,0.00%,0.00%,0.00%,0.00%,0.00%,0.00%,0,0.00%,0.00%,0.00%,0.00%,0.00%,0.00%,0.00%,0,0.00%,0.00%
India || Meta || Android || Testing - CPS || Fantasy || Hindi || King of Dragon | किंग ऑफ ड्रैगन | Author - Nitesh || 346826 || Sketch || NA || 12 Jun 2026 || Short ||  || UGC ||  ||  ||  || KODGN-Final PGC-Hasim-LP-1------Non Content VO-FM-Ex-Purchase-7-DAY-CLICK-Motion-Video,King of Dragon,KODGN-Final PGC-Hasim-LP-1,,Sketch,120245448487980434,859785ba4869b28dddcfcb0e75295d1e1ad9b5a9,12-Jun-2026,17-Jun-2026,inactive,58,$0.93,80,10.34%,4.86%,3.74%,3.48%,3.43%,83.183379,2.29%,4.55,33,142,24.62%,12.31%,12.31%,9.23%,37.50%,0.00%,0.00%,0.00%,9.23%,3.08%,9.23%,3.08%,3.08%,0.00%,0,0.00%,0.00%,0.00%,12.31%,9.23%,9.23%,9.23%,3.08%,0.006322310582,0.00%,9.23%,0.00%,34.5,26.09%,11.59%,8.70%,8.70%,2.90%,0.33%,5.80%,2.90%,8.70%,2.90%,2.90%,2.90%,0.003252648891,0.00%,0.00%,11.59%,8.70%,8.70%,8.70%,5.80%,0.009574959474,8.70%,0.00%
India || Meta || Android || Testing - CPS || Fantasy || Hindi || Super Yoddha | सुपर योद्धा || 67032 || Sketch || NA || 12 June 2026 || Short ||Dhruv ka Love Angle_Extention 2 Naagin_FASH20241031-06----Sketch--Shivam Rastogi---Nesara||35:29,,Dhruv ka Love Angle_Extention 2 Naagin_FASH20241031-06----Sketch--Shivam Rastogi---Nesara||35:29,,Sketch,120245455938760434,f629196ee7df34287ef2672e91fda9f939e9d02d,13-Jun-2026,17-Jun-2026,inactive,5,$1.31,113,0.00%,4.18%,2.74%,2.51%,2.81%,98.518842,8.20%,1.06,2,282,50.00%,0.00%,0.00%,0.00%,0.00%,0.00%,0.00%,0.00%,0.00%,0.00%,0.00%,0.00%,0.00%,0.00%,0,0.00%,0.00%,0.00%,0.00%,0.00%,0.00%,0.00%,0.00%,0,0.00%,0.00%,0.00%,2,50.00%,0.00%,0.00%,0.00%,0.00%,0.00%,0.00%,0.00%,0.00%,0.00%,0.00%,0.00%,0,0.00%,0.00%,0.00%,0.00%,0.00%,0.00%,0.00%,0,0.00%,0.00%
India || Meta || Android || Testing - CPS || Fantasy || Hindi || The Warrior | Author - Dayaram Prajapati || 349022 || Sketch || 12 June 2026 || Long || Growth || || || || Base_TW_FT_1-5_Shaadi or Chunauti_Dharam_Shivam_20Min_29May_SC20260529-2637_Nesara_18:44,The Warrior,Base_TW_FT_1-5_Shaadi or Chunauti_Dharam_Shivam_20Min_29May_SC20260529-2637_Nesara_18:44,,Sketch,120245456944560434,a3ba65aa427077188e1ad7dbcbcafae266683ca9,13-Jun-2026,17-Jun-2026,inactive,91,$1.03,88,9.89%,4.24%,2.48%,1.60%,1.68%,79.157607,2.62%,3.42,41,0,17.28%,4.94%,2.47%,0.00%,0.00%,0.00%,,2.47%,0.00%,0.00%,0.00%,0.00%,0.00%,0.00%,,2.47%,0.00%,0.00%,0.00%,0.00%,0.00%,0.00%,0.00%,,2.47%,0.00%,0.00%,40.5,19.75%,2.47%,0.00%,0.00%,0.00%,,0.00%,0.00%,0.00%,0.00%,0.00%,0.00%,,0.00%,0.00%,0.00%,0.00%,0.00%,0.00%,0.00%,,0.00%,0.00%
India || Meta || Android || Testing - CPS || Fantasy || Hindi || The Warrior | Author - Dayaram Prajapati || 349022 || Sketch || 12 June 2026 || Long || Growth || || || || Base_TW_Mout Se Louta Yodha_25 Min_Cons_Sahil_Dharam_SC20260515-84_Nesara_19:32,The Warrior,Base_TW_Mout Se Louta Yodha_25 Min_Cons_Sahil_Dharam_SC20260515-84_Nesara_19:32,,Sketch,120245456980010434,a3ba65aa427077188e1ad7dbcbcafae266683ca9,13-Jun-2026,17-Jun-2026,inactive,25,$2.29,197,28.00%,5.99%,5.33%,4.99%,4.89%,88.293785,4.39%,1.02,19,260,73.94%,52.82%,52.82%,31.69%,42.86%,0.00%,0.00%,0.00%,31.69%,5.28%,31.69%,5.28%,5.28%,0.00%,0,0.00%,0.00%,0.00%,31.69%,10.56%,5.28%,0.00%,0.00%,0,0.00%,0.00%,0.00%,21.1001,71.09%,47.39%,33.17%,28.44%,0.00%,0.00%,14.22%,4.74%,28.44%,4.74%,4.74%,0.00%,0,0.00%,0.00%,28.44%,9.48%,4.74%,0.00%,0.00%,0,0.00%,0.00%
India || Meta || Android || Testing - CPS || Fantasy || Hindi || Mahagatha || 228406 || Sketch || Sketch || 27 May 2026 || Long || || Growth ||  ||  ||  || BASE_Mahagatha_Destiny's child_ Bizarre PS+ prophecy_Dharam_Manasi_ 20+ min_11 May 2026_SC20260511-59_Nesara_21:56,MHG OG PGC,BASE_Mahagatha_Destiny's child_ Bizarre PS+ prophecy_Dharam_Manasi_ 20+ min_11 May 2026_SC20260511-59_Nesara_21:56,,Sketch,120245457030390434,641b6f77fd211e92df35a3bcbab67e6879e19a66,13-Jun-2026,17-Jun-2026,inactive,25,$2.21,190,20.00%,10.70%,7.09%,5.32%,3.98%,75.188924,3.22%,1.23,9,527,44.44%,11.11%,11.11%,0.00%,0.00%,0.00%,0.00%,0.00%,0.00%,0.00%,11.11%,0.00%,0.00%,0.00%,0,0.00%,0.00%,0.00%,11.11%,0.00%,0.00%,0.00%,0.00%,0,0.00%,0.00%,0.00%,10.5,47.62%,19.05%,9.52%,9.52%,0.00%,0.00%,0.00%,0.00%,19.05%,0.00%,0.00%,0.00%,0,0.00%,0.00%,19.05%,0.00%,0.00%,0.00%,0.00%,0,0.00%,0.00%
India || Meta || Android || Testing - CPS || Fantasy || Hindi || The Legend Gods || 607713 || Sketch || NA || 13 Jun 2026 ||  ||  || UGC ||  ||  ||  || TLG-Final PGC-Shailendra-LP-4------Non Content VO-FM-Ex-Purchase-7-DAY-CLICK,The Legend Gods,TLG-Final PGC-Shailendra-LP-4,,Sketch,120245484433390434,e9df0d17c5a5f6fd21ae4b491bd2bca28a785135,13-Jun-2026,18-Jun-2026,inactive,74,$1.40,121,31.08%,5.89%,3.67%,5.66%,5.90%,78.582392,8.11%,0.80,44,201,69.72%,44.98%,33.74%,11.25%,16.13%,0.00%,0.00%,0.00%,11.25%,6.75%,13.49%,6.75%,4.50%,2.25%,0.003249292977,2.25%,0.00%,0.00%,15.74%,9.00%,6.75%,2.25%,2.25%,0.003249292977,2.25%,4.50%,0.00%,51.4936,67.97%,34.96%,17.48%,9.71%,0.00%,0.00%,9.71%,3.88%,13.59%,7.77%,5.83%,1.94%,0.003249292977,0.00%,0.00%,15.54%,9.71%,7.77%,1.94%,1.94%,0.003249292977,5.83%,0.00%
India || Meta || Android || Testing - CPS || Fantasy || Hindi || Primordial God || 653918 || Sketch || NA || 06 Jun 2026 ||  ||  || UGC ||  ||  ||  ||PG-Final PGC-Shailendra-30 Minuter-3------Non Content VO-FM-Ex-Purchase-7-DAY-CLICK,Primordial God,PG-Final PGC-Shailendra-30 Minuter-3------Non Content VO-FM-Ex-Purchase-7-DAY-CLICK,,Sketch,120245028772380434,abef90c631978edd56192a52e96c3ff23955322c,6-Jun-2026,22-Jun-2026,inactive,62,$1.87,161,19.35%,8.46%,6.98%,6.57%,6.60%,97.271019,1.85%,3.26,22,463,55.60%,37.07%,27.80%,18.53%,33.33%,9.27%,0.58%,13.90%,18.53%,9.27%,18.53%,13.90%,9.27%,9.27%,0.005805506846,13.90%,0.00%,0.00%,18.53%,13.90%,9.27%,0.00%,9.27%,0.005805506846,13.90%,4.63%,0.00%,29.8749,63.60%,40.17%,20.08%,16.74%,6.69%,0.58%,10.04%,10.04%,23.43%,16.74%,13.39%,6.69%,0.005805506846,6.69%,0.00%,23.43%,16.74%,13.39%,6.69%,6.69%,0.005805506846,10.04%,0.00%
India || Meta || Android || Testing - CPS || Fantasy || Hindi || King of Dragon | किंग ऑफ ड्रैगन | Author - Nitesh || 346826 || Sketch || NA || 13 Jun 2026 || Short ||  || UGC ||  ||  ||  || KODGN-Final PGC-Prakash-LP-4------Non Content VO-FM-Ex-Purchase-7-DAY-CLICK,King of Dragon,KODGN-Final PGC-Prakash-LP-4,,Sketch,120245484531670434,859785ba4869b28dddcfcb0e75295d1e1ad9b5a9,13-Jun-2026,18-Jun-2026,inactive,53,$0.95,82,0.00%,5.32%,4.60%,3.97%,3.57%,69.941331,2.58%,3.32,10,434,30.00%,0.00%,0.00%,0.00%,0.00%,0.00%,0.00%,0.00%,0.00%,0.00%,0.00%,0.00%,0.00%,0.00%,0,0.00%,0.00%,0.00%,0.00%,0.00%,0.00%,0.00%,0.00%,0,0.00%,0.00%,0.00%,10,30.00%,0.00%,0.00%,0.00%,0.00%,0.00%,0.00%,0.00%,0.00%,0.00%,0.00%,0.00%,0,0.00%,0.00%,0.00%,0.00%,0.00%,0.00%,0.00%,0,0.00%,0.00%
India || Meta || Android || Testing - CPS || Fantasy || Hindi || Primordial God || 653918 || Sketch || NA || 13 Jun 2026 ||  ||  || UGC ||  ||  ||  || PG-Final PGC-Hasim-LP-1-V3-----Non Content VO-FM-Ex-Purchase-7-DAY-CLICK,Primordial God,PG-Final PGC-Hasim-LP-1,,Sketch,120245484677580434,abef90c631978edd56192a52e96c3ff23955322c,13-Jun-2026,18-Jun-2026,inactive,39,$1.05,91,5.13%,6.05%,4.66%,3.98%,3.76%,69.06159,1.68%,4.53,11,321,54.55%,9.09%,9.09%,9.09%,16.67%,0.00%,0.00%,0.00%,9.09%,9.09%,18.18%,18.18%,18.18%,0.00%,0,0.00%,0.00%,0.00%,18.18%,18.18%,18.18%,0.00%,0.00%,0,0.00%,0.00%,0.00%,11,54.55%,9.09%,9.09%,9.09%,0.00%,0.00%,9.09%,9.09%,18.18%,18.18%,18.18%,0.00%,0,0.00%,0.00%,18.18%,18.18%,18.18%,0.00%,0.00%,0,0.00%,0.00%
India || Meta || Android || Testing - CPS || Fantasy || Hindi || The Warrior | Author - Dayaram Prajapati || 349022 || Sketch || NA || 13 Jun 2026 || Short ||  || UGC ||  ||  ||  ||  TWAR-Final PGC-Akshay-LP-6------Non Content VO-FM-Ex-Purchase-7-DAY-CLICK,The Warrior,TWAR-Final PGC-Akshay-LP-6,,Sketch,120245484858840434,a3ba65aa427077188e1ad7dbcbcafae266683ca9,13-Jun-2026,18-Jun-2026,inactive,29,$1.69,145,0.00%,6.12%,4.35%,3.63%,4.04%,63.434054,2.27%,1.93,5,841,20.00%,0.00%,0.00%,0.00%,0.00%,0.00%,0.00%,0.00%,0.00%,0.00%,0.00%,0.00%,0.00%,0.00%,0,0.00%,0.00%,0.00%,0.00%,0.00%,0.00%,0.00%,0.00%,0,0.00%,0.00%,0.00%,7,42.86%,14.29%,0.00%,0.00%,0.00%,0.00%,0.00%,0.00%,14.29%,0.00%,0.00%,0.00%,0,0.00%,0.00%,14.29%,14.29%,0.00%,0.00%,0.00%,0,0.00%,0.00%
India || Meta || Android || Testing - CPS || Fantasy || Hindi || King of Dragon | किंग ऑफ ड्रैगन | Author - Nitesh || 346826 || Sketch || NA || 13 Jun 2026 || Short ||  || UGC ||  ||  ||  || KODGN-Final PGC-Mirant-LP-1------Non Content VO-FM-Ex-Purchase-7-DAY-CLICK,King of Dragon,KODGN-Final PGC-Mirant-LP-1,Selected,Sketch,120245485070770434,859785ba4869b28dddcfcb0e75295d1e1ad9b5a9,13-Jun-2026,18-Jun-2026,inactive,74,$1.10,95,13.51%,5.57%,3.45%,3.54%,3.68%,62.839357,2.64%,2.51,35,200,42.86%,22.86%,20.00%,17.14%,40.00%,0.00%,0.00%,0.00%,17.14%,5.71%,17.14%,5.71%,2.86%,5.71%,0.02269752785,5.71%,2.86%,0.00%,17.14%,5.71%,5.71%,2.86%,5.71%,0.02269752785,5.71%,2.86%,0.00%,36.6,40.98%,19.13%,16.39%,16.39%,0.00%,0.00%,10.93%,2.73%,16.39%,5.46%,2.73%,5.46%,0.02269752785,2.73%,0.00%,16.39%,5.46%,5.46%,2.73%,5.46%,0.02269752785,2.73%,0.00%
India || Meta || Android || Testing - CPS || Fantasy || Hindi || Primordial God || 653918 || Sketch || NA || 13 Jun 2026 ||  ||  || UGC ||  ||  ||  || PG-Final PGC-Hasim-LP-1-V4-----Non Content VO-FM-Ex-Purchase-7-DAY-CLICK,Primordial God,PG-Final PGC-Hasim-LP-1,,Sketch,120245485134720434,abef90c631978edd56192a52e96c3ff23955322c,13-Jun-2026,18-Jun-2026,inactive,64,$1.89,163,21.88%,15.53%,12.99%,11.86%,12.18%,95.23217,4.65%,1.26,32,330,53.80%,31.65%,18.99%,15.82%,29.41%,0.00%,0.00%,3.16%,9.49%,6.33%,12.66%,6.33%,3.16%,3.16%,0.01240984619,3.16%,0.00%,0.00%,15.82%,9.49%,6.33%,0.00%,3.16%,0.01240984619,3.16%,0.00%,0.00%,34.9999,57.14%,31.43%,20.00%,11.43%,0.00%,0.00%,5.71%,5.71%,17.14%,5.71%,2.86%,2.86%,0.01240984619,0.00%,0.00%,20.00%,8.57%,5.71%,0.00%,2.86%,0.01240984619,0.00%,0.00%
India || Meta || Android || Testing - CPS || Fantasy || Hindi || King of Dragon | किंग ऑफ ड्रैगन | Author - Nitesh || 346826 || Sketch || NA || 13 Jun 2026 || Short ||  || UGC ||  ||  ||  || KODGN-Final PGC-Mirant-LP-3------Non Content VO-FM-Ex-Purchase-7-DAY-CLICK,King of Dragon,KODGN-Final PGC-Mirant-LP-3,,Sketch,120245485311860434,859785ba4869b28dddcfcb0e75295d1e1ad9b5a9,13-Jun-2026,18-Jun-2026,inactive,51,$1.22,105,11.76%,4.10%,3.25%,2.70%,2.50%,82.288143,1.64%,4.78,19,281,31.58%,5.26%,5.26%,5.26%,16.67%,0.00%,0.00%,0.00%,5.26%,5.26%,5.26%,5.26%,0.00%,0.00%,0,0.00%,0.00%,0.00%,5.26%,5.26%,0.00%,0.00%,0.00%,0,0.00%,0.00%,0.00%,19,31.58%,5.26%,5.26%,5.26%,0.00%,0.00%,5.26%,5.26%,5.26%,5.26%,0.00%,0.00%,0,0.00%,0.00%,5.26%,5.26%,0.00%,0.00%,0.00%,0,0.00%,0.00%
India || Meta || Android || Testing - CPS || Fantasy || Hindi || The Legend Gods || 607713 || Sketch || NA || 13 Jun 2026 ||  ||  || UGC ||  ||  ||  || TLG-Final PGC-Shailendra-LP-6------Non Content VO-FM-Ex-Purchase-7-DAY-CLICK,The Legend Gods,TLG-Final PGC-Shailendra-LP-6,,Sketch,120245485532150434,e9df0d17c5a5f6fd21ae4b491bd2bca28a785135,13-Jun-2026,18-Jun-2026,inactive,78,$1.21,104,20.51%,7.83%,5.68%,4.71%,6.57%,101.152819,4.85%,2.00,56,145,69.64%,42.86%,28.57%,16.07%,23.08%,0.00%,0.00%,1.79%,12.50%,1.79%,17.86%,3.57%,3.57%,1.79%,0.003578801583,5.36%,0.00%,0.00%,17.86%,3.57%,3.57%,0.00%,1.79%,0.003578801583,5.36%,0.00%,0.00%,59.4,70.71%,37.04%,20.20%,16.84%,0.00%,0.00%,6.73%,3.37%,20.20%,6.73%,5.05%,1.68%,0.003578801583,1.68%,0.00%,20.20%,6.73%,5.05%,1.68%,1.68%,0.003578801583,1.68%,0.00%
India || Meta || Android || Testing - CPS || Fantasy || Hindi || Divine Flame Burst || 628685 || GenAI || NA || 15 Jun 2026 ||  ||  || UGC ||  ||  ||  || DFB-Final PGC-Pranjali-15 Minuter-1------Non Content VO-FM-Ex-Purchase-7-DAY-CLICK-Gen AI-With Logo-Bid-18-24,Divine Flame Burst,DFB-Final PGC-Hasim-LP-1,Selected,Gen AI,120245611927780434,9e8043f6d71ede076b7ac420a611f3f56e40f224,15-Jun-2026,20-Jun-2026,inactive,237,$0.67,58,18.14%,11.82%,10.37%,8.96%,8.59%,81.587723,8.33%,1.69,165,83,73.51%,34.63%,24.30%,12.15%,16.53%,0.61%,0.21%,3.65%,9.11%,2.43%,11.54%,3.04%,3.04%,1.82%,0.01097637254,4.86%,0.61%,0.00%,11.54%,3.65%,3.65%,1.22%,1.82%,0.03144558149,4.86%,1.22%,0.00%,178.4994,73.39%,26.89%,15.69%,10.64%,0.56%,0.21%,4.48%,1.12%,11.76%,3.92%,3.92%,2.24%,0.01309916157,1.12%,0.00%,11.76%,4.48%,4.48%,2.24%,2.24%,0.03356837052,2.24%,0.00%
India || Meta || Android || Testing - CPS || Fantasy || Hindi || The Warrior | Author - Dayaram Prajapati || 349022 || GenAI || NA || 16 Jun 2026 || Short ||  || UGC ||  ||  ||  ||  TWAR-Final PGC-Akshay-LP-1------Non Content VO-FM-Ex-Purchase-7-DAY-CLICK-Gen AI With Logo-Bid-18-24,The Warrior,TWAR-Final PGC-Akshay-LP-1,Selected,Gen AI,120245632023390434,a3ba65aa427077188e1ad7dbcbcafae266683ca9,16-Jun-2026,21-Jun-2026,inactive,536,$0.26,23,27.61%,11.58%,10.26%,10.20%,10.81%,68.697958,30.11%,1.00,461,26,82.45%,52.73%,34.93%,16.93%,20.53%,2.17%,2.38%,7.81%,14.54%,3.25%,18.44%,5.42%,4.77%,4.34%,0.1309369392,9.55%,2.17%,0.00%,19.09%,6.08%,5.21%,3.04%,4.77%,0.2108543479,9.98%,3.47%,0.43%,512.1124,83.18%,42.57%,24.02%,16.99%,2.15%,3.68%,6.64%,1.56%,19.92%,6.05%,5.27%,4.88%,0.181826128,2.34%,0.00%,20.58%,6.86%,6.08%,3.33%,5.10%,0.242359839,3.72%,0.39%
India || Meta || Android || Testing - CPS || Fantasy || Hindi || The Warrior | Author - Dayaram Prajapati || 349022 || GenAI || NA || 16 Jun 2026 || Short ||  || UGC ||  ||  ||  ||  TWAR-Final PGC-Akshay-LP-1------Non Content VO-FM-Ex-Purchase-7-DAY-CLICK-Gen AI Without Logo-Bid-18-24,The Warrior,TWAR-Final PGC-Akshay-LP-1,,Gen AI,120245632363120434,a3ba65aa427077188e1ad7dbcbcafae266683ca9,16-Jun-2026,21-Jun-2026,inactive,356,$0.29,25,26.12%,13.37%,11.71%,11.58%,12.31%,95.625305,27.26%,1.42,283,31,84.77%,48.04%,32.85%,18.37%,21.67%,2.12%,2.03%,6.36%,15.19%,4.24%,19.07%,6.00%,4.59%,3.89%,0.0385989565,8.48%,0.00%,0.00%,19.43%,6.71%,5.30%,1.77%,4.24%,0.06439197259,8.83%,1.77%,0.00%,329.1677,85.67%,36.76%,23.70%,17.62%,2.43%,3.01%,7.59%,1.52%,19.75%,6.68%,5.16%,3.95%,0.05277573704,0.30%,0.00%,20.05%,7.29%,5.77%,1.82%,4.25%,0.07856875313,1.82%,0.30%
India || Meta || Android || Testing - CPS || Fantasy || Hindi || Primordial God || 653918 || Sketch || NA || 09 Jun 2026 ||  ||  || UGC ||  ||  ||  ||PG-Final PGC-Pranjali-30 Minuter-1------Non Content VO-FM-Ex-Purchase-7-DAY-CLICK,Primordial God,PG-Final PGC-Pranjali-30 Minuter-1------Non Content VO-FM-Ex-Purchase-7-DAY-CLICK,,Sketch,120245257675750434,abef90c631978edd56192a52e96c3ff23955322c,9-Jun-2026,22-Jun-2026,inactive,80,$1.29,111,13.75%,5.04%,4.02%,3.30%,3.49%,78.899358,2.63%,2.71,27,327,51.69%,25.84%,14.77%,14.77%,28.57%,0.00%,0.00%,0.00%,11.08%,11.08%,11.08%,11.08%,7.38%,0.00%,0,0.00%,0.00%,0.00%,11.08%,11.08%,7.38%,0.00%,0.00%,0,0.00%,0.00%,0.00%,30.4204,55.88%,23.01%,16.44%,13.15%,0.00%,0.00%,13.15%,6.57%,13.15%,9.86%,6.57%,0.00%,0,0.00%,0.00%,13.15%,9.86%,6.57%,0.00%,0.00%,0,0.00%,0.00%
India || Meta || Android || Testing - CPS || Fantasy || Hindi || King of Dragon | किंग ऑफ ड्रैगन | Author - Nitesh || 346826 || Sketch || NA || 17 Jun 2026 || Short ||  || UGC ||  ||  ||  ||  KODGN-Final PGC-Mirant-LP-2------Non Content VO-FM-Ex-Purchase-7-DAY-CLICK,King of Dragon,KODGN-Final PGC-Mirant-LP-2,,Sketch,120245676901360434,859785ba4869b28dddcfcb0e75295d1e1ad9b5a9,17-Jun-2026,22-Jun-2026,inactive,126,$0.48,41,3.97%,1.27%,0.77%,0.54%,0.44%,82.159276,2.64%,7.60,41,127,14.81%,0.00%,0.00%,0.00%,0.00%,0.00%,0.00%,0.00%,0.00%,0.00%,0.00%,0.00%,0.00%,0.00%,0,0.00%,0.00%,0.00%,0.00%,0.00%,0.00%,0.00%,0.00%,0,0.00%,0.00%,0.00%,40.5,14.81%,0.00%,0.00%,0.00%,0.00%,0.00%,0.00%,0.00%,0.00%,0.00%,0.00%,0.00%,0,0.00%,0.00%,0.00%,0.00%,0.00%,0.00%,0.00%,0,0.00%,0.00%
India || Meta || Android || Testing - CPS || Fantasy || Hindi || King of Dragon | किंग ऑफ ड्रैगन | Author - Nitesh || 346826 || Sketch || NA || 17 Jun 2026 || Short ||  || UGC ||  ||  ||  ||  KODGN-Final PGC-Sajjan-LP-3------Non Content VO-FM-Ex-Purchase-7-DAY-CLICK,King of Dragon,KODGN-Final PGC-Sajjan-LP-3,,Sketch,120245677042300434,859785ba4869b28dddcfcb0e75295d1e1ad9b5a9,17-Jun-2026,22-Jun-2026,inactive,36,$1.23,105,0.00%,2.67%,2.20%,1.76%,1.52%,103.775329,1.89%,5.20,7,542,28.57%,0.00%,0.00%,0.00%,0.00%,0.00%,0.00%,0.00%,0.00%,0.00%,0.00%,0.00%,0.00%,0.00%,0,0.00%,0.00%,0.00%,0.00%,0.00%,0.00%,0.00%,0.00%,0,0.00%,0.00%,0.00%,7,28.57%,0.00%,0.00%,0.00%,0.00%,0.00%,0.00%,0.00%,0.00%,0.00%,0.00%,0.00%,0,0.00%,0.00%,0.00%,0.00%,0.00%,0.00%,0.00%,0,0.00%,0.00%
India || Meta || Android || Testing - CPS || Fantasy || Hindi || The Warrior | Author - Dayaram Prajapati || 349022 || Sketch || NA || 17 Jun 2026 || Short ||  || UGC ||  ||  ||  ||  TWAR-Final PGC-Pranjali-LP-2------Non Content VO-FM-Ex-Purchase-7-DAY-CLICK,The Warrior,TWAR-Final PGC-Pranjali-LP-2,,Sketch,120245677333040434,a3ba65aa427077188e1ad7dbcbcafae266683ca9,17-Jun-2026,22-Jun-2026,inactive,79,$0.76,65,2.53%,3.42%,1.91%,1.40%,1.43%,73.566419,1.54%,7.30,35,148,28.63%,14.31%,11.45%,2.86%,10.00%,0.00%,0.00%,2.86%,2.86%,2.86%,5.73%,2.86%,2.86%,0.00%,0,2.86%,0.00%,0.00%,5.73%,2.86%,2.86%,0.00%,0.00%,0,2.86%,0.00%,0.00%,33.9333,26.52%,11.79%,5.89%,2.95%,0.00%,0.00%,2.95%,2.95%,2.95%,2.95%,2.95%,0.00%,0,0.00%,0.00%,2.95%,2.95%,2.95%,0.00%,0.00%,0,0.00%,0.00%
RE-RUN-India || Meta || Android || Testing - CPS || Fantasy || Hindi || Primordial God || 653918 || GenAI || NA || 18 Jun 2026 ||  ||  || UGC ||  ||  ||  || PG-Final PGC-Pranjali-LP-3------Non Content VO-FM-Ex-Purchase-7-DAY-CLICK-WithLogo-Gen AI-Bid-18-24-Kartik Video,Primordial God,PG-Final PGC-Pranjali-LP-3,Selected,Gen AI,120245723126940434,abef90c631978edd56192a52e96c3ff23955322c,18-Jun-2026,23-Jun-2026,inactive,157,$0.95,82,30.57%,16.10%,14.17%,14.17%,16.81%,70.061412,5.98%,1.43,112,115,76.82%,51.81%,46.45%,32.16%,41.86%,0.89%,1.82%,0.89%,24.12%,3.57%,29.48%,3.57%,1.79%,1.79%,0.07290179263,2.68%,0.00%,0.00%,29.48%,4.47%,1.79%,0.00%,1.79%,0.1003283685,2.68%,0.00%,0.00%,129.4498,77.25%,49.44%,36.31%,29.36%,0.77%,1.82%,10.82%,2.32%,31.67%,3.86%,2.32%,1.55%,0.07290179263,0.00%,0.00%,31.67%,4.64%,2.32%,0.00%,1.55%,0.1003283685,0.00%,0.00%
RE-RUN-India || Meta || Android || Testing - CPS || Fantasy || Hindi || King of Dragon | किंग ऑफ ड्रैगन | Author - Nitesh || 346826 || Sketch || NA || 18 Jun 2026 || Short ||  || UGC ||  ||  ||  || KODGN-Final PGC-Mirant-LP-1------Non Content VO-FM-Ex-Purchase-7-DAY-CLICK,King of Dragon,KODGN-Final PGC-Mirant-LP-1,,Sketch,120245725919320434,859785ba4869b28dddcfcb0e75295d1e1ad9b5a9,18-Jun-2026,23-Jun-2026,inactive,76,$0.60,51,3.95%,2.38%,1.27%,1.09%,1.00%,70.667885,2.04%,6.75,33,117,11.98%,2.99%,2.99%,2.99%,25.00%,0.00%,0.00%,0.00%,2.99%,0.00%,2.99%,0.00%,0.00%,0.00%,0,0.00%,0.00%,0.00%,2.99%,0.00%,0.00%,0.00%,0.00%,0,0.00%,0.00%,0.00%,33.4,11.98%,2.99%,2.99%,2.99%,0.00%,0.00%,0.00%,0.00%,2.99%,0.00%,0.00%,0.00%,0,0.00%,0.00%,2.99%,0.00%,0.00%,0.00%,0.00%,0,0.00%,0.00%
India || Meta || Android || Testing - CPS || Fantasy || Hindi || The Legend Gods || 607713 || Sketch || NA || 18 Jun 2026 ||  ||  || UGC ||  ||  ||  || TLG-Final PGC-Shailendra-LP-7------Non Content VO-FM-Ex-Purchase-7-DAY-CLICK,The Legend Gods,TLG-Final PGC-Shailendra-LP-7,,Sketch,120245751257270434,e9df0d17c5a5f6fd21ae4b491bd2bca28a785135,18-Jun-2026,23-Jun-2026,inactive,45,$0.78,67,6.67%,16.84%,12.97%,13.52%,15.95%,64.989984,6.93%,1.40,26,115,83.71%,41.86%,26.64%,7.61%,9.09%,3.81%,0.96%,3.81%,3.81%,0.00%,7.61%,3.81%,3.81%,7.61%,0.02273912052,7.61%,0.00%,0.00%,7.61%,3.81%,3.81%,0.00%,7.61%,0.02273912052,7.61%,0.00%,0.00%,27.4,83.94%,32.85%,10.95%,7.30%,3.65%,0.96%,3.65%,0.00%,10.95%,7.30%,3.65%,7.30%,0.02273912052,0.00%,0.00%,10.95%,7.30%,3.65%,0.00%,7.30%,0.02273912052,0.00%,0.00%
India || Meta || Android || Testing - CPS || Fantasy || Hindi || The Warrior | Author - Dayaram Prajapati || 349022 || Sketch || NA || 18 Jun 2026 || Short ||  || UGC ||  ||  ||  ||  TWAR-Final PGC-Pranjali-LP-1------Non Content VO-FM-Ex-Purchase-7-DAY-CLICK,The Warrior,TWAR-Final PGC-Pranjali-LP-1,,Sketch,120245751627580434,a3ba65aa427077188e1ad7dbcbcafae266683ca9,18-Jun-2026,23-Jun-2026,inactive,34,$1.05,90,2.94%,2.29%,1.46%,1.42%,1.65%,76.900536,1.51%,5.63,16,192,25.00%,12.50%,6.25%,6.25%,25.00%,0.00%,0.00%,0.00%,0.00%,0.00%,6.25%,0.00%,0.00%,0.00%,0,0.00%,0.00%,0.00%,6.25%,0.00%,0.00%,0.00%,0.00%,0,0.00%,0.00%,0.00%,16,25.00%,12.50%,6.25%,6.25%,0.00%,0.00%,0.00%,0.00%,6.25%,0.00%,0.00%,0.00%,0,0.00%,0.00%,6.25%,0.00%,0.00%,0.00%,0.00%,0,0.00%,0.00%
India || Meta || Android || Testing - CPS || Fantasy || Hindi || The Warrior | Author - Dayaram Prajapati || 349022 || Sketch || NA || 18 Jun 2026 || Short ||  || UGC ||  ||  ||  ||  TWAR-Final PGC-Akshay-LP-8------Non Content VO-FM-Ex-Purchase-7-DAY-CLICK,The Warrior,TWAR-Final PGC-Akshay-LP-8,,Sketch,120245752045020434,a3ba65aa427077188e1ad7dbcbcafae266683ca9,18-Jun-2026,23-Jun-2026,inactive,135,$0.77,66,7.41%,3.05%,2.22%,1.82%,2.09%,65.770863,1.90%,5.21,45,200,24.53%,11.15%,8.92%,4.46%,18.18%,2.23%,0.32%,2.23%,4.46%,2.23%,4.46%,0.00%,0.00%,4.46%,0.008234384484,2.23%,0.00%,0.00%,4.46%,0.00%,0.00%,0.00%,4.46%,0.01145566474,4.46%,0.00%,0.00%,48.85,24.56%,10.24%,8.19%,4.09%,2.05%,0.32%,2.05%,0.00%,6.14%,0.00%,0.00%,4.09%,0.008234384484,0.00%,0.00%,6.14%,2.05%,2.05%,0.00%,4.09%,0.01145566474,0.00%,0.00%
India || Meta || Android || Testing - CPS || Fantasy || Hindi || The Warrior | Author - Dayaram Prajapati || 349022 || GenAI || NA || 19 Jun 2026 || Short ||  || UGC ||  ||  ||  ||  TWAR-Final PGC-Akshay-LP-1-V1-----Non Content VO-FM-Ex-Purchase-7-DAY-CLICK-Gen AI With Logo-Bid-18-24,The Warrior,TWAR-Final PGC-Akshay-LP-1,Gen AI (Animals-Akshay-LP1),Gen AI,120245781712240434,a3ba65aa427077188e1ad7dbcbcafae266683ca9,19-Jun-2026,24-Jun-2026,inactive,591,$0.22,19,22.50%,8.88%,7.78%,7.62%,7.94%,36.412614,28.28%,0.67,513,22,85.56%,53.01%,35.47%,19.29%,22.55%,1.36%,3.35%,1.56%,16.18%,4.09%,19.68%,5.85%,4.48%,3.31%,0.07867282554,3.51%,1.56%,0.00%,19.88%,6.82%,5.65%,3.12%,4.09%,0.08980936266,4.29%,3.51%,1.17%,544.42,85.78%,41.33%,24.80%,17.45%,1.65%,3.86%,7.71%,2.39%,19.65%,6.06%,4.78%,3.67%,0.08632789653,1.84%,0.18%,20.02%,7.16%,6.06%,3.49%,4.41%,0.09746360275,3.86%,1.29%
India || Meta || Android || Testing - CPS || Suspense & Thriller || Hindi || The Return of Zombie  Father | द रिटर्न ऑफ़ ज़ॉम्बी फ़ादर || 621508 || Sketch || NA || 19 Jun 2026 || Short ||  || UGC ||  ||  ||  || TRZF-Final PGC-Akshay-LP-1------Non Content VO-FM-Ex-Purchase-7-DAY-CLICK, The Return of Zombie Father,TRZF-Final PGC-Akshay-LP-1,,Sketch,120245801497740434,09bb2a1d63febf4860323830dddde159273484de,19-Jun-2026,24-Jun-2026,inactive,87,$0.58,50,2.30%,3.60%,2.41%,2.14%,2.17%,71.485816,1.94%,7.42,42,103,14.33%,2.39%,0.00%,0.00%,0.00%,0.00%,0.00%,0.00%,0.00%,0.00%,0.00%,0.00%,0.00%,0.00%,0,0.00%,0.00%,0.00%,0.00%,0.00%,0.00%,0.00%,0.00%,0,0.00%,0.00%,0.00%,41.8666,14.33%,2.39%,0.00%,0.00%,0.00%,0.00%,0.00%,0.00%,0.00%,0.00%,0.00%,0.00%,0,0.00%,0.00%,0.00%,0.00%,0.00%,0.00%,0.00%,0,0.00%,0.00%
India || Meta || Android || Testing - CPS || Suspense & Thriller || Hindi || The Return of Zombie  Father | द रिटर्न ऑफ़ ज़ॉम्बी फ़ादर || 621508 || Sketch || NA || 19 Jun 2026 || Short ||  || UGC ||  ||  ||  || TRZF-Final PGC-Akshay-LP-1------Non Content VO-FM-Ex-Purchase-7-DAY-CLICK_Without_Subtitle, The Return of Zombie Father,TRZF-Final PGC-Akshay-LP-1,,Sketch,120245802023160434,09bb2a1d63febf4860323830dddde159273484de,19-Jun-2026,24-Jun-2026,inactive,41,$0.86,74,0.00%,4.53%,3.99%,3.76%,4.11%,83.898754,1.92%,5.91,18,174,5.71%,0.00%,0.00%,0.00%,0.00%,0.00%,0.00%,0.00%,0.00%,0.00%,0.00%,0.00%,0.00%,0.00%,0,0.00%,0.00%,0.00%,0.00%,0.00%,0.00%,0.00%,0.00%,0,0.00%,0.00%,0.00%,17.5,5.71%,0.00%,0.00%,0.00%,0.00%,0.00%,0.00%,0.00%,0.00%,0.00%,0.00%,0.00%,0,0.00%,0.00%,0.00%,0.00%,0.00%,0.00%,0.00%,0,0.00%,0.00%
India || Meta || Android || Testing - CPS || Fantasy || Hindi || Primordial God || 653918 || Sketch || NA || 21 May 2026 ||  ||  || UGC ||  ||  ||  || PG-Final PGC-Chaitanya-LP-1------Non Content VO-FM-Ex-Purchase-7-DAY-CLICK,Primordial God,PG-Final PGC-Chaitanya-LP-1,Partially Selected,Sketch,120243984100130434,abef90c631978edd56192a52e96c3ff23955322c,21-May-2026,26-Jun-2026,inactive,82,$1.10,95,4.88%,5.59%,4.01%,3.78%,3.79%,63.779028,2.74%,2.45,35,223,25.71%,13.89%,8.33%,8.33%,32.41%,0.00%,0.00%,0.00%,8.33%,5.56%,8.33%,8.33%,2.78%,2.86%,0.003689161862,2.86%,0.00%,0.00%,8.33%,8.33%,2.78%,2.78%,2.86%,0.003689161862,2.86%,2.78%,0.00%,36,27.78%,8.33%,8.33%,8.33%,0.00%,0.00%,5.56%,5.56%,8.33%,8.33%,2.78%,2.78%,0.003689161862,0.00%,0.00%,8.33%,8.33%,2.78%,2.78%,2.78%,0.003689161862,2.78%,0.00%
India || Meta || Android || Testing - CPS || Fantasy || Hindi || Divine Flame Burst || 628685 || Sketch || NA || 06 Jun 2026 ||  ||  || UGC ||  ||  ||  ||DFB-Final PGC-Prakash-30 Minuter-2------Non Content VO-FM-Ex-Purchase-7-DAY-CLICK,Divine Flame Burst,DFB-Final PGC-Prakash-LP-3,Selected,Sketch,120245026504260434,9e8043f6d71ede076b7ac420a611f3f56e40f224,6-Jun-2026,25-Jun-2026,inactive,144,$1.15,99,13.89%,6.11%,5.15%,4.26%,4.60%,82.489847,2.06%,4.06,61,234,32.81%,18.05%,13.12%,9.84%,30.00%,0.00%,0.00%,0.00%,8.20%,1.64%,8.20%,0.00%,0.00%,0.00%,0,0.00%,0.00%,0.00%,8.20%,0.00%,0.00%,0.00%,0.00%,0,0.00%,0.00%,0.00%,66.4908,36.10%,19.55%,13.54%,12.03%,0.00%,0.00%,6.02%,3.01%,12.03%,3.01%,3.01%,1.50%,0.003379016806,3.01%,0.00%,12.03%,4.51%,4.51%,1.50%,1.50%,0.008085338504,3.01%,0.00%
India || Meta || Android || Testing - CPS || Fantasy || Hindi || The Warrior | Author - Dayaram Prajapati || 349022 || Sketch || NA || 06 Jun 2026 || Short ||  || UGC ||  ||  ||  || TWAR-Final PGC-Akshay-LP-2------Non Content VO-FM-Ex-Purchase-7-DAY-CLICK,The Warrior,TWAR-Final PGC-Akshay-LP-2,Partially Selected,Sketch,120245034206490434,a3ba65aa427077188e1ad7dbcbcafae266683ca9,6-Jun-2026,25-Jun-2026,inactive,125,$1.26,108,16.80%,11.02%,6.69%,6.00%,6.52%,81.632813,2.55%,2.96,65,207,55.05%,39.76%,29.05%,12.23%,22.22%,1.53%,0.22%,4.59%,6.12%,3.06%,12.23%,3.06%,0.00%,4.59%,0.01662808336,6.12%,0.00%,0.00%,12.23%,4.59%,1.53%,1.53%,6.12%,0.0316439035,6.12%,1.53%,0.00%,69.8975,57.23%,32.91%,17.17%,8.58%,1.43%,0.22%,2.86%,1.43%,12.88%,2.86%,0.00%,4.29%,0.01662808336,0.00%,0.00%,12.88%,5.72%,2.86%,2.86%,5.72%,0.0316439035,2.86%,0.00%
India || Meta || Android || Testing - CPS || Fantasy || Hindi || Primordial God || 653918 || Sketch || NA || 18 Jun 2026 ||  ||  || UGC ||  ||  ||  || PG-Final PGC-Prakash-LP-1------Non Content VO-FM-Ex-Purchase-7-DAY-CLICK,Primordial God,PG-Final PGC-Prakash-LP-1,Selected,Sketch,120245752401150434,abef90c631978edd56192a52e96c3ff23955322c,18-Jun-2026,25-Jun-2026,inactive,143,$0.91,78,17.48%,8.49%,6.20%,5.00%,4.62%,77.891406,2.43%,4.08,76,148,46.10%,26.34%,22.39%,18.44%,40.00%,0.00%,0.00%,1.32%,17.12%,2.63%,19.76%,9.22%,5.27%,0.00%,0,1.32%,2.63%,0.00%,19.76%,10.54%,7.90%,2.63%,1.32%,0.0114434789,2.63%,2.63%,0.00%,86.8468,49.51%,27.63%,21.88%,17.27%,0.00%,0.00%,8.06%,2.30%,20.73%,9.21%,4.61%,2.30%,0.01402909111,2.30%,0.00%,20.73%,10.36%,6.91%,2.30%,3.45%,0.02547257,2.30%,0.00%
RE-RUN-India || Meta || Android || Testing - CPS || Fantasy || Hindi || The Warrior | Author - Dayaram Prajapati || 349022 || GenAI || NA || 23 Jun 2026 || Short ||  || UGC ||  ||  ||  ||  TWAR-Final PGC-Akshay-LP-3-----Non Content VO-FM-Ex-Purchase-7-DAY-CLICK-Gen AI With Logo-Bid-18-24,The Warrior,TWAR-Final PGC-Akshay-LP-3,,Gen AI,120246007267920434,a3ba65aa427077188e1ad7dbcbcafae266683ca9,23-Jun-2026,28-Jun-2026,inactive,157,$0.80,69,20.38%,5.88%,3.97%,3.74%,3.82%,83.949594,3.08%,3.95,87,124,58.39%,32.06%,21.75%,11.45%,19.61%,0.00%,0.00%,0.00%,8.01%,4.58%,13.74%,3.43%,2.29%,3.43%,0.03347022142,2.29%,1.14%,0.00%,13.74%,3.43%,2.29%,1.14%,3.43%,0.03347022142,2.29%,1.14%,1.14%,90.8903,59.41%,27.51%,16.50%,9.90%,0.00%,0.00%,6.60%,2.20%,14.30%,3.30%,2.20%,3.30%,0.03347022142,1.10%,0.00%,14.30%,3.30%,2.20%,1.10%,3.30%,0.03347022142,1.10%,1.10%
India || Meta || Android || Testing - CPS || Fantasy || Hindi || King of Dragon | किंग ऑफ ड्रैगन | Author - Nitesh || 346826 || GenAI-Cinematic-Motion || NA || 24 Jun 2026 || Short ||  || UGC ||  ||  ||  || KODGN-Mirant-LP1-Motion AI------Non Content VO-FM-Ex-Purchase-7-DAY-CLICK-Cinematic,King of Dragon,KODGN-Mirant-LP1,,Motion AI,120246062152030434,859785ba4869b28dddcfcb0e75295d1e1ad9b5a9,24-Jun-2026,29-Jun-2026,inactive,76,$0.60,51,2.63%,1.42%,0.71%,0.52%,0.36%,88.042254,1.65%,10.39,22,180,4.62%,0.00%,0.00%,0.00%,0.00%,0.00%,0.00%,0.00%,0.00%,0.00%,0.00%,0.00%,0.00%,0.00%,0,0.00%,0.00%,0.00%,0.00%,0.00%,0.00%,0.00%,0.00%,0,0.00%,0.00%,0.00%,26.6666,7.50%,3.75%,3.75%,3.75%,0.00%,0.00%,0.00%,0.00%,3.75%,0.00%,0.00%,0.00%,0,0.00%,0.00%,3.75%,0.00%,0.00%,0.00%,0.00%,0,0.00%,0.00%
India || Meta || Android || Testing - CPS || Fantasy || Hindi || King of Dragon | किंग ऑफ ड्रैगन | Author - Nitesh || 346826 || GenAI || NA || 25 Jun 2026 || Short ||  || UGC ||  ||  ||  || KODGN-Final PGC-Hasim-LP-1------Non Content VO-FM-Ex-Purchase-7-DAY-CLICK - No - Logo,King of Dragon,KODGN-Final PGC-Hasim-LP-1,,Gen AI,120246118345230434,859785ba4869b28dddcfcb0e75295d1e1ad9b5a9,25-Jun-2026,30-Jun-2026,inactive,78,$1.00,86,41.03%,11.86%,11.18%,10.77%,11.36%,108.480205,11.89%,1.06,54,125,78.24%,50.29%,42.84%,31.67%,40.48%,3.73%,0.87%,7.45%,24.22%,9.31%,31.67%,11.18%,9.31%,7.45%,0.04618005988,9.31%,3.73%,0.00%,35.39%,13.04%,9.31%,7.45%,7.45%,0.1247870863,9.31%,7.45%,0.00%,64.3645,79.24%,51.27%,40.40%,31.07%,3.11%,0.87%,18.64%,6.21%,35.73%,17.09%,13.98%,7.77%,0.09498613317,6.21%,0.00%,38.84%,18.64%,13.98%,10.88%,9.32%,0.2576241793,10.88%,3.11%
India || Meta || Android || Testing - CPS || Fantasy || Hindi || King of Dragon | किंग ऑफ ड्रैगन | Author - Nitesh || 346826 || GenAI || NA || 25 Jun 2026 || Short ||  || UGC ||  ||  ||  || KODGN-Final PGC-Hasim-LP-1------Non Content VO-FM-Ex-Purchase-7-DAY-CLICK - With - Logo,King of Dragon,KODGN-Final PGC-Hasim-LP-1,,Gen AI,120246128774650434,859785ba4869b28dddcfcb0e75295d1e1ad9b5a9,25-Jun-2026,30-Jun-2026,inactive,130,$0.77,66,32.31%,12.77%,12.23%,12.25%,13.02%,95.378384,14.49%,1.00,103,83,80.47%,46.54%,35.87%,24.24%,30.12%,2.91%,1.14%,4.85%,22.30%,6.79%,28.12%,9.70%,3.88%,3.88%,0.014767764,5.82%,0.97%,0.00%,28.12%,9.70%,4.85%,1.94%,3.88%,0.014767764,5.82%,1.94%,0.00%,118.2357,80.35%,42.29%,32.14%,27.06%,4.23%,1.92%,14.38%,6.77%,31.29%,12.69%,6.77%,5.07%,0.02258917259,2.54%,0.00%,31.29%,12.69%,7.61%,3.38%,5.07%,0.02888999695,3.38%,0.00%
India || Meta || Android || Testing - CPS || Fantasy || Hindi || The Warrior | Author - Dayaram Prajapati || 349022 || GenAI-Cinematic-Motion || NA || 25 Jun 2026 || Short ||  || UGC ||  ||  ||  ||  TWAR-Akshay-LP7-Motion AI-------Non Content VO-FM-Ex-Purchase-7-DAY-CLICK - Cinematic,The Warrior,TWAR-Akshay-LP7,,Motion AI,120246131842500434,a3ba65aa427077188e1ad7dbcbcafae266683ca9,25-Jun-2026,30-Jun-2026,inactive,300,$0.60,52,4.00%,3.30%,2.41%,1.35%,1.30%,100.261755,2.71%,7.12,148,105,25.67%,10.13%,4.05%,2.70%,10.53%,0.68%,0.29%,0.00%,2.70%,0.00%,2.70%,0.00%,0.00%,0.68%,0.002884293991,0.00%,0.00%,0.00%,2.70%,0.00%,0.00%,0.00%,0.68%,0.008755458925,0.00%,0.00%,0.00%,153.4485,26.07%,7.17%,3.26%,2.61%,0.65%,0.29%,1.96%,0.00%,2.61%,0.00%,0.00%,0.65%,0.002884293991,0.00%,0.00%,2.61%,0.00%,0.00%,0.00%,0.65%,0.008755458925,0.00%,0.00%
India || Meta || Android || Testing - CPS || Fantasy || Hindi || Divine Flame Burst || 628685 || Sketch || NA || 25 Jun 2026 ||  ||  || UGC ||  ||  ||  || DFB-Final PGC-Shailendra-LP-2------Non Content VO-FM-Ex-Purchase-7-DAY-CLICK,Divine Flame Burst,DFB-Final PGC-Shailendra-LP-2,,Sketch,120246133757320434,9e8043f6d71ede076b7ac420a611f3f56e40f224,25-Jun-2026,30-Jun-2026,inactive,78,$0.73,63,8.97%,2.34%,1.26%,0.88%,0.89%,55.020546,2.44%,3.59,10,489,10.00%,0.00%,0.00%,0.00%,0.00%,0.00%,0.00%,0.00%,0.00%,0.00%,0.00%,0.00%,0.00%,0.00%,0,0.00%,0.00%,0.00%,0.00%,0.00%,0.00%,0.00%,0.00%,0,0.00%,0.00%,0.00%,10,10.00%,0.00%,0.00%,0.00%,0.00%,0.00%,0.00%,0.00%,0.00%,0.00%,0.00%,0.00%,0,0.00%,0.00%,0.00%,0.00%,0.00%,0.00%,0.00%,0,0.00%,0.00%
India || Meta || Android || Testing - CPS || Fantasy || Hindi || Divine Flame Burst || 628685 || Sketch || NA || 25 Jun 2026 ||  ||  || UGC ||  ||  ||  || DFB-Final PGC-Shailendra-LP-4------Non Content VO-FM-Ex-Purchase-7-DAY-CLICK,Divine Flame Burst,DFB-Final PGC-Shailendra-LP-4,,Sketch,120246134505850434,9e8043f6d71ede076b7ac420a611f3f56e40f224,25-Jun-2026,30-Jun-2026,inactive,293,$0.41,35,5.46%,26.66%,18.42%,11.30%,8.72%,51.482182,2.81%,5.25,111,92,17.17%,3.61%,2.71%,1.81%,10.53%,0.00%,0.00%,0.00%,1.81%,0.00%,1.81%,0.00%,0.00%,0.00%,0,0.00%,0.00%,0.00%,1.81%,0.00%,0.00%,0.00%,0.00%,0,0.00%,0.00%,0.00%,115.6667,17.29%,2.59%,2.59%,1.73%,0.00%,0.00%,0.86%,0.00%,1.73%,0.00%,0.00%,0.00%,0,0.00%,0.00%,1.73%,0.00%,0.00%,0.00%,0.00%,0,0.00%,0.00%
India || Meta || Android || Testing - CPS || Fantasy || Hindi || Primordial God || 653918 || GenAI || NA || 25 Jun 2026 ||  ||  || UGC ||  ||  ||  ||PG-Final PGC-Hasim-LP-1-V1-----Non Content VO-FM-Ex-Purchase-7-DAY-CLICK - GenAI - Bid - With - Logo,Primordial God,PG-Final PGC-Hasim-LP-1,Selected,Gen AI,120246137799140434,abef90c631978edd56192a52e96c3ff23955322c,25-Jun-2026,30-Jun-2026,inactive,89,$0.96,83,33.71%,14.83%,13.27%,12.88%,13.54%,102.049516,5.73%,2.15,59,124,77.57%,60.71%,48.91%,38.79%,50.00%,0.00%,0.00%,3.37%,30.36%,13.49%,35.41%,8.43%,3.37%,0.00%,0,3.37%,0.00%,0.00%,35.41%,8.43%,3.37%,0.00%,1.69%,0.003933085434,5.06%,1.69%,0.00%,62.6323,78.23%,55.88%,43.11%,31.93%,0.00%,0.00%,19.16%,6.39%,35.13%,9.58%,4.79%,0.00%,0,0.00%,0.00%,35.13%,9.58%,4.79%,0.00%,1.60%,0.003933085434,1.60%,0.00%
India || Meta || Android || Testing - CPS || Fantasy || Hindi || Primordial God || 653918 || Sketch || NA || 25 Jun 2026 ||  ||  || UGC ||  ||  ||  || PG-Final PGC-Prakash-LP-3------Non Content VO-FM-Ex-Purchase-7-DAY-CLICK,Primordial God,PG-Final PGC-Prakash-LP-3,,Sketch,120246134921380434,abef90c631978edd56192a52e96c3ff23955322c,25-Jun-2026,30-Jun-2026,inactive,94,$0.62,53,5.32%,7.14%,4.58%,3.56%,2.22%,55.559129,2.98%,3.51,18,276,27.65%,0.00%,0.00%,0.00%,0.00%,0.00%,0.00%,0.00%,0.00%,0.00%,0.00%,0.00%,0.00%,5.53%,0.01255661642,5.53%,0.00%,0.00%,0.00%,0.00%,0.00%,0.00%,5.53%,0.02402020208,5.53%,0.00%,0.00%,21,28.57%,0.00%,0.00%,0.00%,0.00%,0.00%,0.00%,0.00%,0.00%,0.00%,0.00%,4.76%,0.01255661642,0.00%,0.00%,0.00%,0.00%,0.00%,0.00%,5.00%,0.02402020208,0.00%,0.00%
India || Meta || Android || Testing - CPS || Fantasy || Hindi || Primordial God || 653918 || GenAI || NA || 25 Jun 2026 ||  ||  || UGC ||  ||  ||  ||PG-Final PGC-Hasim-LP-1-V1-----Non Content VO-FM-Ex-Purchase-7-DAY-CLICK - GenAI - Bid - N0 - Logo,Primordial God,PG-Final PGC-Hasim-LP-1,,Gen AI,120246137016800434,abef90c631978edd56192a52e96c3ff23955322c,25-Jun-2026,30-Jun-2026,inactive,31,$1.64,141,41.94%,15.70%,13.88%,13.25%,13.55%,119.567957,9.87%,0.86,28,156,68.13%,57.37%,53.79%,50.20%,73.68%,0.00%,0.00%,3.59%,39.44%,21.51%,46.61%,21.51%,3.59%,3.59%,0.009084219444,7.17%,0.00%,0.00%,46.61%,21.51%,3.59%,0.00%,3.59%,0.009084219444,7.17%,0.00%,0.00%,29.9999,70.00%,53.33%,46.67%,40.00%,0.00%,0.00%,26.67%,13.33%,43.33%,20.00%,3.33%,3.33%,0.009084219444,0.00%,0.00%,43.33%,20.00%,3.33%,0.00%,3.33%,0.009084219444,0.00%,0.00%
India || Meta || Android || Testing - CPS || Fantasy || Hindi || Divine Flame Burst || 628685 || Sketch || NA || 25 Jun 2026 ||  ||  || UGC ||  ||  ||  || DFB-Final PGC-Mirant-LP-1------Non Content VO-FM-Ex-Purchase-7-DAY-CLICK,Divine Flame Burst,DFB-Final PGC-Mirant-LP-1,,Sketch,120246138586250434,9e8043f6d71ede076b7ac420a611f3f56e40f224,25-Jun-2026,30-Jun-2026,inactive,75,$0.74,64,2.67%,1.64%,0.98%,0.77%,0.65%,78.234306,1.35%,9.04,38,126,23.72%,5.27%,2.64%,0.00%,0.00%,0.00%,0.00%,0.00%,0.00%,0.00%,2.64%,0.00%,0.00%,0.00%,0,0.00%,0.00%,0.00%,2.64%,0.00%,0.00%,0.00%,0.00%,0,0.00%,0.00%,0.00%,37.9444,23.72%,5.27%,0.00%,0.00%,0.00%,0.00%,0.00%,0.00%,2.64%,0.00%,0.00%,0.00%,0,0.00%,0.00%,2.64%,0.00%,0.00%,0.00%,0.00%,0,0.00%,0.00%
India || Meta || Android || Testing - CPS || Suspense & Thriller || Hindi || The Return of Zombie  Father | द रिटर्न ऑफ़ ज़ॉम्बी फ़ादर || 621508 || Sketch || NA || 25 Jun 2026 || Short ||  || UGC ||  ||  ||  || TRZF-Final PGC-Akshay-LP-4------Non Content VO-FM-Ex-Purchase-7-DAY-CLICK, The Return of Zombie Father,TRZF-Final PGC-Akshay-LP-4,,Sketch,120246139503730434,09bb2a1d63febf4860323830dddde159273484de,25-Jun-2026,30-Jun-2026,inactive,174,$0.60,52,1.15%,2.44%,1.74%,1.49%,1.45%,77.286998,2.01%,7.44,74,121,12.11%,4.04%,0.00%,0.00%,0.00%,0.00%,0.00%,0.00%,0.00%,0.00%,0.00%,0.00%,0.00%,0.00%,0,0.00%,0.00%,0.00%,0.00%,0.00%,0.00%,0.00%,0.00%,0,0.00%,0.00%,0.00%,73.8,12.20%,1.36%,0.00%,0.00%,0.00%,0.00%,0.00%,0.00%,0.00%,0.00%,0.00%,0.00%,0,0.00%,0.00%,0.00%,0.00%,0.00%,0.00%,0.00%,0,0.00%,0.00%
India || Meta || Android || Testing - CPS || Fantasy || Hindi || Divine Flame Burst || 628685 || Sketch || NA || 25 Jun 2026 ||  ||  || UGC ||  ||  ||  || DFB-Final PGC-Shailendra-LP-6------Non Content VO-FM-Ex-Purchase-7-DAY-CLICK,Divine Flame Burst,DFB-Final PGC-Shailendra-LP-6,Partially Selected,Sketch,120246140187310434,9e8043f6d71ede076b7ac420a611f3f56e40f224,25-Jun-2026,30-Jun-2026,inactive,210,$0.56,48,4.76%,2.27%,1.40%,1.23%,1.18%,66.91536,2.19%,6.33,100,101,16.97%,5.99%,4.99%,3.99%,23.53%,1.00%,0.28%,1.00%,3.99%,1.00%,4.99%,2.00%,2.00%,1.00%,0.002833614682,1.00%,0.00%,0.00%,4.99%,2.00%,2.00%,1.00%,1.00%,0.002833614682,1.00%,1.00%,0.00%,104.1777,17.28%,6.72%,3.84%,3.84%,0.96%,0.28%,0.96%,0.00%,4.80%,1.92%,1.92%,0.96%,0.002833614682,0.00%,0.00%,4.80%,1.92%,1.92%,0.96%,0.96%,0.002833614682,0.96%,0.00%
RE-RUN-India || Meta || Android || Testing - CPS || Fantasy || Hindi || Primordial God || 653918 || Sketch || NA || 21 May 2026 || || || UGC || || || || PG-Final PGC-Chaitanya-LP-1------Non Content VO-FM-Ex-Purchase-7-DAY-CLICK,Primordial God,PG-Final PGC-Chaitanya-LP-1,,Sketch,120246173287880434,abef90c631978edd56192a52e96c3ff23955322c,26-Jun-2026,1-Jul-2026,inactive,295,$0.43,37,2.71%,23.85%,17.51%,13.44%,11.44%,52.797501,2.85%,5.06,129,83,16.23%,6.18%,1.55%,0.00%,0.00%,0.00%,0.00%,0.00%,0.00%,0.00%,0.00%,0.00%,0.00%,0.00%,0,0.00%,0.00%,0.00%,0.00%,0.00%,0.00%,0.00%,0.00%,0,0.00%,0.00%,0.00%,136.9999,16.06%,1.46%,0.73%,0.00%,0.00%,0.00%,0.00%,0.00%,0.00%,0.00%,0.00%,0.00%,0,0.00%,0.00%,0.00%,0.00%,0.00%,0.00%,0.00%,0,0.00%,0.00%
RE-Run-India || Meta || Android || Testing - CPS || Fantasy || Hindi || The Warrior | Author - Dayaram Prajapati || 349022 || Sketch || NA || 17 Jun 2026 || Short || || UGC || || || || TWAR-Final PGC-Akshay-LP-7------Non Content VO-FM-Ex-Purchase-7-DAY-CLICK,The Warrior,TWAR-Final PGC-Akshay-LP-7,,Sketch,120246191346100434,a3ba65aa427077188e1ad7dbcbcafae266683ca9,26-Jun-2026,1-Jul-2026,inactive,106,$0.47,40,2.83%,28.94%,19.70%,11.30%,8.49%,104.402432,2.90%,8.96,58,73,20.59%,5.15%,1.72%,1.72%,8.33%,0.00%,0.00%,0.00%,1.72%,0.00%,1.72%,0.00%,0.00%,0.00%,0,0.00%,0.00%,0.00%,1.72%,0.00%,0.00%,0.00%,0.00%,0,0.00%,0.00%,0.00%,58.2857,20.59%,3.43%,1.72%,1.72%,0.00%,0.00%,0.00%,0.00%,1.72%,0.00%,0.00%,0.00%,0,0.00%,0.00%,1.72%,0.00%,0.00%,0.00%,0.00%,0,0.00%,0.00%
RE-Run-India || Meta || Android || Testing - CPS || Fantasy || Hindi || The Warrior | Author - Dayaram Prajapati || 349022 || Sketch || NA || 12 Jun 2026 || Short ||  || UGC ||  ||  ||  || TWAR-Final PGC-Chaitanya-LP-1------Non Content VO-FM-Ex-Purchase-7-DAY-CLICK,The Warrior,TWAR-Final PGC-Chaitanya-LP-1,,Sketch,120246194430770434,a3ba65aa427077188e1ad7dbcbcafae266683ca9,26-Jun-2026,1-Jul-2026,inactive,216,$0.58,50,7.41%,17.23%,11.66%,7.50%,5.96%,50.917292,2.43%,4.19,92,117,14.12%,3.26%,1.09%,0.00%,0.00%,0.00%,0.00%,0.00%,0.00%,0.00%,0.00%,0.00%,0.00%,0.00%,0,0.00%,0.00%,0.00%,0.00%,0.00%,0.00%,0.00%,2.17%,0.005307408844,2.17%,0.00%,0.00%,93.0913,15.04%,4.30%,0.00%,0.00%,0.00%,0.00%,0.00%,0.00%,1.07%,1.07%,1.07%,0.00%,0,0.00%,0.00%,1.07%,1.07%,1.07%,0.00%,2.15%,0.005307408844,0.00%,0.00%
India || Meta || Android || Testing - CPS || Fantasy || Hindi || Divine Flame Burst || 628685 || Sketch || NA || 27 Jun 2026 ||  ||  || UGC ||  ||  ||  || DFB-Final PGC-Shailendra-LP-5------Non Content VO-FM-Ex-Purchase-7-DAY-CLICK,Divine Flame Burst,DFB-Final PGC-Shailendra-LP-5,,Sketch,120246246544050434,9e8043f6d71ede076b7ac420a611f3f56e40f224,27-Jun-2026,2-Jul-2026,inactive,123,$0.55,48,4.07%,1.57%,0.92%,0.65%,0.62%,62.715262,2.12%,6.20,46,128,13.11%,4.37%,2.19%,2.19%,16.67%,0.00%,0.00%,0.00%,2.19%,2.19%,2.19%,2.19%,2.19%,0.00%,0,0.00%,0.00%,0.00%,2.19%,2.19%,2.19%,0.00%,0.00%,0,0.00%,0.00%,0.00%,45.75,13.11%,2.19%,2.19%,2.19%,0.00%,0.00%,2.19%,2.19%,2.19%,2.19%,2.19%,0.00%,0,0.00%,0.00%,2.19%,2.19%,2.19%,0.00%,0.00%,0,0.00%,0.00%
India || Meta || Android || Testing - CPS || Fantasy || Hindi || King of Dragon | किंग ऑफ ड्रैगन | Author - Nitesh || 346826 || Sketch || NA || 27 Jun 2026 || Short ||  || UGC ||  ||  ||  ||  KODGN-Final PGC-Ayush-LP-4-V2-----Non Content VO-FM-Ex-Purchase-7-DAY-CLICK,King of Dragon,KODGN-Final PGC-Ayush-LP-4,,Sketch,120246247949800434,859785ba4869b28dddcfcb0e75295d1e1ad9b5a9,27-Jun-2026,2-Jul-2026,inactive,149,$0.56,48,4.70%,1.15%,0.62%,0.44%,0.32%,76.675105,1.91%,8.34,60,120,6.69%,3.34%,0.00%,0.00%,0.00%,0.00%,0.00%,0.00%,0.00%,0.00%,0.00%,0.00%,0.00%,0.00%,0,0.00%,0.00%,0.00%,0.00%,0.00%,0.00%,0.00%,0.00%,0,0.00%,0.00%,0.00%,59.8,6.69%,1.67%,0.00%,0.00%,0.00%,0.00%,0.00%,0.00%,0.00%,0.00%,0.00%,0.00%,0,0.00%,0.00%,0.00%,0.00%,0.00%,0.00%,0.00%,0,0.00%,0.00%
India || Meta || Android || Testing - CPS || Fantasy || Hindi || Divine Flame Burst || 628685 || Sketch || NA || 27 Jun 2026 ||  ||  || UGC ||  ||  ||  || DFB-Final PGC-Mirant-LP-3------Non Content VO-FM-Ex-Purchase-7-DAY-CLICK,Divine Flame Burst,DFB-Final PGC-Mirant-LP-3,,Sketch,120246250549010434,9e8043f6d71ede076b7ac420a611f3f56e40f224,27-Jun-2026,2-Jul-2026,inactive,168,$0.52,44,1.19%,1.65%,0.90%,0.64%,0.46%,66.239235,1.80%,8.28,52,144,11.54%,1.92%,0.00%,0.00%,0.00%,0.00%,0.00%,0.00%,0.00%,0.00%,0.00%,0.00%,0.00%,0.00%,0,0.00%,0.00%,0.00%,0.00%,0.00%,0.00%,0.00%,0.00%,0,0.00%,0.00%,0.00%,52,11.54%,1.92%,0.00%,0.00%,0.00%,0.00%,0.00%,0.00%,0.00%,0.00%,0.00%,0.00%,0,0.00%,0.00%,0.00%,0.00%,0.00%,0.00%,0.00%,0,0.00%,0.00%
India || Meta || Android || Testing - CPS || Fantasy || Hindi || Primordial God || 653918 || Sketch || NA || 27 Jun 2026 ||  ||  || UGC ||  ||  ||  || PG-Final PGC-Prakash-LP-5------Non Content VO-FM-Ex-Purchase-7-DAY-CLICK,Primordial God,PG-Final PGC-Prakash-LP-5,Selected,Sketch,120246248585750434,abef90c631978edd56192a52e96c3ff23955322c,27-Jun-2026,4-Jul-2026,inactive,133,$0.82,70,13.53%,8.16%,6.83%,5.62%,6.73%,78.530756,2.41%,4.65,74,126,41.84%,29.69%,25.65%,18.90%,45.16%,1.35%,0.31%,2.70%,16.20%,2.70%,17.55%,5.40%,5.40%,2.70%,0.007154692043,4.05%,1.35%,1.35%,18.90%,5.40%,5.40%,1.35%,2.70%,0.007154692043,4.05%,1.35%,1.35%,75.0878,41.29%,26.64%,19.98%,15.98%,1.33%,0.31%,7.99%,1.33%,17.31%,5.33%,5.33%,2.66%,0.007154692043,1.33%,1.33%,18.64%,5.33%,5.33%,1.33%,2.66%,0.007154692043,1.33%,1.33%
India || Meta || Android || Testing - CPS || Fantasy || Hindi || Primordial God || 653918 || GenAI || NA || 27 Jun 2026 ||  ||  || UGC ||  ||  ||  || PG-Final PGC-Prakash-LP-1------Non Content VO-FM-Ex-Purchase-7-DAY-CLICK- With - Logo,Primordial God,PG-Final PGC-Prakash-LP-1,Selected,Gen AI,120246258429790434,abef90c631978edd56192a52e96c3ff23955322c,27-Jun-2026,2-Jul-2026,inactive,70,$0.95,81,25.71%,17.19%,15.88%,14.95%,15.19%,83.711525,13.57%,0.76,54,106,85.29%,50.06%,38.94%,24.10%,28.26%,5.56%,1.53%,9.27%,20.40%,1.85%,24.10%,3.71%,1.85%,5.56%,0.01528213267,9.27%,0.00%,0.00%,24.10%,3.71%,1.85%,0.00%,5.56%,0.01528213267,9.27%,0.00%,0.00%,59.8042,81.93%,38.46%,25.08%,21.74%,5.02%,1.53%,10.03%,1.67%,23.41%,3.34%,1.67%,5.02%,0.01528213267,0.00%,0.00%,23.41%,3.34%,1.67%,0.00%,5.02%,0.01528213267,0.00%,0.00%
India || Meta || Android || Testing - CPS || Fantasy || Hindi || King of Dragon | किंग ऑफ ड्रैगन | Author - Nitesh || 346826 || GenAI || NA || 29 Jun 2026 || Short ||  || UGC ||  ||  ||  || KODGN-Final PGC-Hasim-LP1-V1------Non Content VO-FM-Ex-Purchase-7-DAY-CLICK - WithLogo - GenAI,King of Dragon,KODGN-Final PGC-Hasim-LP1,,Gen AI,120246362245720434,859785ba4869b28dddcfcb0e75295d1e1ad9b5a9,29-Jun-2026,4-Jul-2026,inactive,156,$0.72,62,35.26%,11.85%,11.22%,11.93%,9.79%,82.520815,19.90%,0.67,130,74,82.34%,44.63%,34.63%,22.32%,27.10%,1.54%,0.41%,3.08%,20.78%,5.39%,24.63%,6.16%,5.39%,1.54%,0.004119145259,3.08%,1.54%,0.00%,24.63%,6.93%,6.16%,2.31%,2.31%,0.007116317556,3.85%,3.08%,0.00%,141.6793,82.58%,39.53%,30.35%,24.00%,1.41%,0.41%,13.41%,2.82%,26.82%,7.06%,6.35%,2.12%,0.007118284205,2.12%,0.00%,26.82%,7.76%,7.06%,2.82%,2.82%,0.0101154565,3.53%,0.71%
India || Meta || Android || Testing - CPS || Fantasy || Hindi || King of Dragon | किंग ऑफ ड्रैगन | Author - Nitesh || 346826 || GenAI || NA || 29 Jun 2026 || Short ||  || UGC ||  ||  ||  || KODGN-Final PGC-Hasim-LP1-V2------Non Content VO-FM-Ex-Purchase-7-DAY-CLICK - GenAI - With-Logo,King of Dragon,KODGN-Final PGC-Hasim-LP1,,Gen AI,120246373377350434,859785ba4869b28dddcfcb0e75295d1e1ad9b5a9,29-Jun-2026,4-Jul-2026,inactive,117,$0.78,67,28.21%,11.67%,11.78%,12.50%,11.55%,83.051313,21.08%,0.59,91,85,75.54%,49.27%,31.75%,21.90%,28.99%,0.00%,0.00%,6.57%,17.52%,5.47%,21.90%,10.95%,7.66%,6.57%,0.03545488485,10.95%,2.19%,0.00%,21.90%,10.95%,8.76%,4.38%,6.57%,0.03545488485,10.95%,4.38%,0.00%,104.2653,76.73%,40.28%,30.69%,23.98%,0.96%,0.37%,18.22%,8.63%,26.85%,16.30%,11.51%,6.71%,0.03916811036,5.75%,0.96%,26.85%,16.30%,12.47%,8.63%,7.67%,0.05558090625,8.63%,0.96%
RE-RUN-India || Meta || Android || Testing - CPS || Fantasy || Hindi || The Warrior | Author - Dayaram Prajapati || 349022 || Sketch || NA || 30 Jun 2026 || Short ||  || UGC ||  ||  ||  || TWAR-Final PGC-Akshay-LP-5------Non Content VO-FM-Ex-Purchase-7-DAY-CLICK,The Warrior,TWAR-Final PGC-Akshay-LP-5,,Sketch,120246410147080434,a3ba65aa427077188e1ad7dbcbcafae266683ca9,30-Jun-2026,5-Jul-2026,inactive,98,$0.60,51,1.02%,2.18%,1.29%,0.99%,0.78%,62.295779,2.19%,5.54,42,121,19.27%,4.82%,0.00%,0.00%,0.00%,0.00%,0.00%,0.00%,0.00%,0.00%,0.00%,0.00%,0.00%,0.00%,0,0.00%,0.00%,0.00%,0.00%,0.00%,0.00%,0.00%,0.00%,0,0.00%,0.00%,0.00%,43.5238,20.68%,0.00%,0.00%,0.00%,0.00%,0.00%,0.00%,0.00%,0.00%,0.00%,0.00%,0.00%,0,0.00%,0.00%,0.00%,0.00%,0.00%,0.00%,0.00%,0,0.00%,0.00%
RE-RUN-India || Meta || Android || Testing - CPS || Fantasy || Hindi || King of Dragon | किंग ऑफ ड्रैगन | Author - Nitesh || 346826 || Sketch || NA || 30 Jun 2026 || Short ||  || UGC ||  ||  ||  || KODGN-Final PGC-Prakash-LP-2------Non Content VO-FM-Ex-Purchase-7-DAY-CLICK,King of Dragon,KODGN-Final PGC-Prakash-LP-2,,Sketch,120246410695740434,859785ba4869b28dddcfcb0e75295d1e1ad9b5a9,30-Jun-2026,5-Jul-2026,inactive,92,$0.62,53,0.00%,3.70%,2.45%,1.87%,1.74%,54.041979,1.48%,6.85,39,125,7.65%,0.00%,0.00%,0.00%,0.00%,0.00%,0.00%,0.00%,0.00%,0.00%,0.00%,0.00%,0.00%,0.00%,0,0.00%,0.00%,0.00%,0.00%,0.00%,0.00%,0.00%,0.00%,0,0.00%,0.00%,0.00%,37.2,5.38%,0.00%,0.00%,0.00%,0.00%,0.00%,0.00%,0.00%,0.00%,0.00%,0.00%,0.00%,0,0.00%,0.00%,0.00%,0.00%,0.00%,0.00%,0.00%,0,0.00%,0.00%
India || Meta || Android || Testing - CPS || Fantasy || Hindi || Primordial God || 653918 || GenAI-Cinematic-Motion || NA || 30 Jun 2026 || Short ||  || UGC ||  ||  ||  || PG-Hasim-LP1-V4-Motion AI-,Primordial God,PG-Hasim-LP1,,Gen AI,120246423009910434,abef90c631978edd56192a52e96c3ff23955322c,30-Jun-2026,5-Jul-2026,inactive,113,$0.97,83,12.39%,11.42%,7.93%,6.89%,4.71%,75.155586,3.90%,2.31,45,207,52.91%,39.69%,26.46%,13.23%,25.00%,0.00%,0.00%,2.20%,13.23%,4.41%,15.43%,6.61%,4.41%,2.20%,0.003079823618,4.41%,4.41%,0.00%,17.64%,6.61%,4.41%,4.41%,2.20%,0.003079823618,4.41%,4.41%,2.20%,50.2904,53.69%,31.82%,23.86%,13.92%,0.00%,0.00%,7.95%,1.99%,15.91%,5.97%,3.98%,1.99%,0.003079823618,3.98%,0.00%,17.90%,5.97%,3.98%,3.98%,1.99%,0.003079823618,3.98%,1.99%
India || Meta || Android || Testing - CPS || Fantasy || Hindi || Primordial God || 653918 || GenAI-Cinematic-Motion || NA || 30 Jun 2026 || Short ||  || UGC ||  ||  ||  || PG-Hasim-LP1-Motion AI-,Primordial God,PG-Hasim-LP1,,Gen AI,120246423350860434,abef90c631978edd56192a52e96c3ff23955322c,30-Jun-2026,5-Jul-2026,inactive,150,$0.73,63,10.00%,3.64%,3.20%,2.33%,2.68%,88.322652,2.22%,6.32,65,146,34.02%,18.56%,15.47%,13.92%,40.91%,1.55%,0.31%,3.09%,12.37%,4.64%,15.47%,4.64%,1.55%,4.64%,0.009185090759,6.19%,0.00%,0.00%,15.47%,4.64%,1.55%,1.55%,4.64%,0.04010809557,6.19%,1.55%,0.00%,71.4608,36.38%,18.19%,16.79%,13.99%,1.40%,0.31%,9.80%,0.00%,15.39%,4.20%,1.40%,4.20%,0.009185090759,0.00%,0.00%,15.39%,4.20%,1.40%,1.40%,4.20%,0.04010809557,1.40%,0.00%
India || Meta || Android || Testing - CPS || Fantasy || Hindi || King of Dragon | किंग ऑफ ड्रैगन | Author - Nitesh || 346826 || GenAI-Cinematic-Motion || NA || 30 Jun 2026 || Short ||  || UGC ||  ||  ||  || TWAR-Chaitanya-LP1-Motion AI-,The Warrior,TWAR-Chaitanya-LP1,,Gen AI,120246423705210434,a3ba65aa427077188e1ad7dbcbcafae266683ca9,30-Jun-2026,5-Jul-2026,inactive,110,$0.87,75,10.00%,3.23%,2.42%,2.35%,2.22%,84.360613,2.29%,4.94,48,0,41.54%,20.77%,18.69%,8.31%,20.00%,0.00%,,2.08%,8.31%,0.00%,8.31%,2.08%,0.00%,0.00%,,2.08%,0.00%,0.00%,8.31%,2.08%,2.08%,0.00%,0.00%,,2.08%,0.00%,0.00%,50.3497,39.72%,17.87%,9.93%,7.94%,0.00%,,3.97%,0.00%,7.94%,1.99%,0.00%,0.00%,,0.00%,0.00%,7.94%,1.99%,1.99%,0.00%,0.00%,,0.00%,0.00%
India || Meta || Android || Testing - CPS || Suspense & Thriller || Hindi || The Return of Zombie  Father | द रिटर्न ऑफ़ ज़ॉम्बी फ़ादर || 621508 || Sketch || NA || 01 Jul 2026 || Short ||  || UGC ||  ||  ||  || TRZF-Final PGC-Akshay-LP-3------Non Content VO-FM-Ex-Purchase-7-DAY-CLICK, The Return of Zombie Father,TRZF-Final PGC-Akshay-LP-3,,Sketch,120246444424900434,09bb2a1d63febf4860323830dddde159273484de,1-Jul-2026,6-Jul-2026,inactive,115,$0.69,59,2.61%,1.22%,0.72%,0.59%,0.55%,55.329336,1.28%,7.35,56,121,16.08%,10.72%,3.57%,3.57%,22.22%,0.00%,0.00%,0.00%,0.00%,0.00%,1.79%,0.00%,0.00%,0.00%,0,0.00%,0.00%,0.00%,1.79%,0.00%,0.00%,0.00%,0.00%,0,0.00%,0.00%,0.00%,54.9667,14.55%,5.46%,3.64%,1.82%,0.00%,0.00%,0.00%,0.00%,1.82%,0.00%,0.00%,0.00%,0,0.00%,0.00%,1.82%,0.00%,0.00%,0.00%,0.00%,0,0.00%,0.00%
India || Meta || Android || Testing - CPS || Fantasy || Hindi || The Warrior | Author - Dayaram Prajapati || 349022 || Sketch || NA || 01 Jul 2026 || Short ||  || UGC ||  ||  ||  ||  TWAR-Final PGC-Chaitanya-LP-3------Non Content VO-FM-Ex-Purchase-7-DAY-CLICK,The Warrior,TWAR-Final PGC-Chaitanya-LP-3,,Sketch,120246444759270434,a3ba65aa427077188e1ad7dbcbcafae266683ca9,1-Jul-2026,6-Jul-2026,inactive,126,$0.89,77,10.32%,13.68%,5.44%,4.60%,4.19%,76.046437,2.56%,3.86,36,272,30.93%,25.30%,19.68%,5.62%,18.18%,0.00%,0.00%,0.00%,5.62%,2.81%,11.25%,2.81%,2.81%,0.00%,0,0.00%,0.00%,0.00%,11.25%,2.81%,2.81%,0.00%,0.00%,0,0.00%,0.00%,0.00%,33.4,35.93%,23.95%,17.96%,8.98%,0.00%,0.00%,5.99%,0.00%,14.97%,5.99%,2.99%,2.99%,0.01328390844,0.00%,0.00%,14.97%,5.99%,5.99%,0.00%,2.99%,0.01328390844,0.00%,0.00%
India || Meta || Android || Testing - CPS || Fantasy || Hindi || King of Dragon | किंग ऑफ ड्रैगन | Author - Nitesh || 346826 || Sketch || NA || 01 Jul 2026 || Short ||  || UGC ||  ||  ||  ||  KODGN-Final PGC-Sajjan-LP-3-V1-----Non Content VO-FM-Ex-Purchase-7-DAY-CLICK,King of Dragon,KODGN-Final PGC-Sajjan-LP-3,,Sketch,120246445332530434,859785ba4869b28dddcfcb0e75295d1e1ad9b5a9,1-Jul-2026,6-Jul-2026,inactive,179,$0.49,42,2.23%,1.21%,0.63%,0.43%,0.29%,49.991197,1.85%,6.47,88,85,10.17%,2.26%,1.13%,0.00%,0.00%,0.00%,0.00%,0.00%,0.00%,0.00%,0.00%,0.00%,0.00%,0.00%,0,0.00%,0.00%,0.00%,0.00%,0.00%,0.00%,0.00%,0.00%,0,0.00%,0.00%,0.00%,91.925,9.79%,1.09%,1.09%,0.00%,0.00%,0.00%,0.00%,0.00%,0.00%,0.00%,0.00%,0.00%,0,0.00%,0.00%,0.00%,0.00%,0.00%,0.00%,0.00%,0,0.00%,0.00%
India || Meta || Android || Testing - CPS || Fantasy || Hindi || The Warrior | Author - Dayaram Prajapati || 349022 || GenAI || NA || 02 Jul 2026 || Short ||  || UGC ||  ||  ||  ||  TWAR-Akshay-LP1-Hasim-V1------Non Content VO-FM-Ex-Purchase-7-DAY-CLICK - Bid-18-24,The Warrior,TWAR-Akshay-LP1,,Gen AI,120246487619200434,a3ba65aa427077188e1ad7dbcbcafae266683ca9,2-Jul-2026,7-Jul-2026,inactive,122,$0.86,74,29.51%,8.93%,6.54%,6.14%,6.02%,67.635292,10.75%,0.85,103,87,81.69%,50.57%,35.98%,20.42%,25.00%,1.95%,0.65%,3.89%,16.53%,5.84%,22.37%,8.75%,8.75%,5.84%,0.07679204561,6.81%,4.86%,0.97%,22.37%,9.73%,8.75%,5.84%,5.84%,0.218291297,6.81%,6.81%,3.89%,111.375,82.60%,43.10%,26.04%,19.75%,2.69%,0.97%,10.77%,3.59%,24.24%,9.88%,9.88%,6.29%,0.1083544423,4.49%,0.90%,24.24%,10.77%,9.88%,6.29%,6.29%,0.2541875745,7.18%,3.59%
India || Meta || Android || Testing - CPS || Fantasy || Hindi || King of Dragon | किंग ऑफ ड्रैगन | Author - Nitesh || 346826 || Sketch || NA || 02 Jul 2026 || Short ||  || UGC ||  ||  ||  ||  KODGN-Final PGC-Shailendra-LP-2------Non Content VO-FM-Ex-Purchase-7-DAY-CLICK,King of Dragon,KODGN-Final PGC-Shailendra-LP-2,,Sketch,120246495689290434,859785ba4869b28dddcfcb0e75295d1e1ad9b5a9,2-Jul-2026,7-Jul-2026,inactive,105,$0.57,49,0.95%,2.69%,1.46%,1.12%,1.00%,62.526434,1.71%,7.42,44,117,13.56%,4.52%,2.26%,0.00%,0.00%,0.00%,0.00%,0.00%,0.00%,0.00%,2.26%,2.26%,0.00%,0.00%,0,0.00%,0.00%,0.00%,2.26%,2.26%,0.00%,0.00%,0.00%,0,0.00%,0.00%,0.00%,44.25,13.56%,4.52%,2.26%,0.00%,0.00%,0.00%,0.00%,0.00%,2.26%,2.26%,0.00%,0.00%,0,0.00%,0.00%,2.26%,2.26%,0.00%,0.00%,0.00%,0,0.00%,0.00%
India || Meta || Android || Testing - CPS || Fantasy || Hindi || King of Dragon | किंग ऑफ ड्रैगन | Author - Nitesh || 346826 || Sketch || NA || 02 Jul 2026 || Short ||  || UGC ||  ||  ||  ||  KODGN-Final PGC-Ganesh-LP-1------Non Content VO-FM-Ex-Purchase-7-DAY-CLICK,King of Dragon,KODGN-Final PGC-Ganesh-LP-1,,Sketch,120246496095510434,859785ba4869b28dddcfcb0e75295d1e1ad9b5a9,2-Jul-2026,7-Jul-2026,inactive,112,$0.72,62,1.79%,1.80%,1.40%,1.00%,0.89%,62.885283,1.12%,9.09,47,146,19.03%,6.34%,6.34%,4.23%,22.22%,0.00%,0.00%,0.00%,4.23%,0.00%,4.23%,0.00%,0.00%,0.00%,0,0.00%,0.00%,0.00%,4.23%,0.00%,0.00%,0.00%,0.00%,0,0.00%,0.00%,0.00%,47.7222,18.86%,6.29%,4.19%,4.19%,0.00%,0.00%,2.10%,0.00%,4.19%,0.00%,0.00%,0.00%,0,0.00%,0.00%,4.37%,0.00%,0.00%,0.00%,0.00%,0,0.00%,0.00%
India || Meta || Android || Testing - CPS || Fantasy || Hindi || The Warrior | Author - Dayaram Prajapati || 349022 || GenAI || NA || 02 Jul 2026 || Short ||  || UGC ||  ||  ||  ||  TWAR-Akshay-LP1-Hasim-V1------Non Content VO-FM-Ex-Purchase-7-DAY-CLICK - Bid-18-24 - AUDIO-FIXED,The Warrior,TWAR-Akshay-LP1,,Gen AI,120246497311960434,a3ba65aa427077188e1ad7dbcbcafae266683ca9,2-Jul-2026,7-Jul-2026,inactive,164,$0.74,64,33.54%,8.97%,6.51%,6.09%,5.91%,69.590054,18.37%,0.60,140,75,84.42%,57.23%,46.50%,27.90%,33.05%,3.58%,1.39%,5.01%,20.75%,5.72%,25.76%,6.44%,5.01%,4.29%,0.02219177646,5.72%,0.72%,0.00%,25.76%,7.15%,6.44%,2.86%,5.01%,0.03964524465,6.44%,2.86%,0.00%,148.0523,83.75%,52.01%,35.80%,24.99%,3.38%,1.39%,13.51%,3.38%,27.20%,7.48%,6.12%,3.40%,0.01943308485,0.68%,0.00%,27.20%,8.16%,7.48%,2.72%,4.08%,0.03688655304,2.72%,0.00%
India || Meta || Android || Testing - CPS || Fantasy || Hindi || Divine Flame Burst || 628685 || GenAI-Cinematic-Motion || NA || 03 Jul 2026 ||  ||  || UGC ||  ||  ||  || DFB-Prakash-30 minuter-2 -Motion AI-,Divine Flame Burst,DFB-Prakash-LP3,,Motion AI,120246531832100434,9e8043f6d71ede076b7ac420a611f3f56e40f224,3-Jul-2026,8-Jul-2026,inactive,75,$0.80,69,5.33%,2.76%,1.76%,1.32%,1.56%,79.761204,1.97%,5.86,22,234,18.13%,9.06%,9.06%,9.06%,50.00%,0.00%,0.00%,0.00%,9.06%,4.53%,9.06%,4.53%,0.00%,0.00%,0,0.00%,0.00%,0.00%,9.06%,4.53%,0.00%,0.00%,0.00%,0,0.00%,0.00%,0.00%,21.0666,18.99%,9.49%,9.49%,9.49%,0.00%,0.00%,4.75%,0.00%,9.49%,4.75%,0.00%,0.00%,0,0.00%,0.00%,9.49%,4.75%,0.00%,0.00%,0.00%,0,0.00%,0.00%
India || Meta || Android || Testing - CPS || Fantasy || Hindi || Primordial God || 653918 || Sketch || NA || 03 Jul 2026 || Short ||  || UGC ||  ||  ||  || PG-Final PGC-Prakash-LP-30 Minuter-V1-----Non Content VO-FM-Ex-Purchase-7-DAY-CLICK,Primordial God,PG-Final PGC-Prakash-LP-1,,Motion AI,120246542989290434,abef90c631978edd56192a52e96c3ff23955322c,3-Jul-2026,8-Jul-2026,inactive,54,$1.70,146,24.07%,5.57%,3.35%,3.24%,3.40%,84.032624,3.58%,1.61,29,271,65.29%,44.67%,41.24%,30.93%,47.37%,0.00%,0.00%,6.87%,20.62%,10.31%,30.93%,13.75%,6.87%,3.44%,0.01933766716,6.87%,0.00%,0.00%,30.93%,17.18%,10.31%,3.44%,6.87%,0.02415395942,6.87%,3.44%,0.00%,32.6138,64.39%,39.86%,30.66%,24.53%,0.00%,0.00%,12.26%,9.20%,30.66%,15.33%,6.13%,3.07%,0.01933766716,0.00%,0.00%,30.66%,18.40%,12.26%,3.07%,6.13%,0.02415395942,3.07%,0.00%
India || Meta || Android || Testing - CPS || Fantasy || Hindi || Primordial God || 653918 || GenAI-Cinematic-Motion || NA || 03 Jul 2026 || Short ||  || UGC ||  ||  ||  || PG-Final PGC-Prakash-LP-30 Minuter-V1-----Non Content VO-FM-Ex-Purchase-7-DAY-CLICK - Bid,Primordial God,PG-Final PGC-Prakash-LP-1 30 Minuter,Selected ,Motion AI,120246543666960434,abef90c631978edd56192a52e96c3ff23955322c,3-Jul-2026,8-Jul-2026,inactive,110,$1.24,107,30.00%,4.63%,3.03%,3.00%,3.29%,81.526255,2.35%,3.26,67,175,53.66%,35.78%,28.32%,26.83%,50.00%,1.49%,0.25%,1.49%,23.85%,7.45%,26.83%,8.94%,4.47%,4.47%,0.009845054098,2.98%,0.00%,0.00%,28.32%,8.94%,4.47%,0.00%,4.47%,0.03702930429,2.98%,0.00%,0.00%,69.1666,53.49%,31.81%,28.92%,24.58%,1.45%,0.25%,13.01%,2.89%,27.87%,10.27%,5.87%,2.93%,0.004948133456,1.47%,0.00%,29.78%,10.42%,5.96%,1.49%,4.47%,0.007416103421,1.49%,1.49%
India || Meta || Android || Testing - CPS || Fantasy || Hindi || The Warrior | Author - Dayaram Prajapati || 349022 || GenAI-Cinematic-Motion || NA || 06 Jul 2026 || Short ||  || UGC ||  ||  ||  ||  TWAR-Final PGC-Akshay-LP-30 Minuter-V1-----Non Content VO-FM-Ex-Purchase-7-DAY-CLICK - Motion AI,The Warrior,TWAR-Akshay-LP1,,Motion AI,120246612329060434,a3ba65aa427077188e1ad7dbcbcafae266683ca9,6-Jul-2026,11-Jul-2026,inactive,51,$1.79,154,15.69%,3.54%,3.48%,3.09%,2.83%,30.462418,0.76%,2.61,21,367,32.68%,18.68%,14.01%,14.01%,42.86%,0.00%,0.00%,0.00%,14.01%,4.67%,14.01%,14.01%,9.34%,0.00%,0,0.00%,4.67%,0.00%,14.01%,14.01%,9.34%,4.67%,0.00%,0,0.00%,4.67%,4.67%,28.75,34.78%,17.39%,17.39%,17.39%,3.48%,1.64%,10.43%,3.48%,17.39%,13.91%,10.43%,3.48%,0.01642579717,6.96%,0.00%,31.37%,31.37%,23.53%,15.69%,7.84%,0.04598655981,15.69%,7.84%
India || Meta || Android || Testing - CPS || Fantasy || Hindi || The Warrior | Author - Dayaram Prajapati || 349022 || GenAI-Cinematic-Motion || NA || 06 Jul 2026 || Short ||  || UGC ||  ||  ||  ||  TWAR-Final PGC-Akshay-LP-9------Non Content VO-FM-Ex-Purchase-7-DAY-CLICK - Motion AI,The Warrior,TWAR-Final PGC-Akshay-LP-9,,Motion AI,120246614263170434,a3ba65aa427077188e1ad7dbcbcafae266683ca9,6-Jul-2026,11-Jul-2026,inactive,67,$0.63,54,0.00%,2.51%,1.72%,1.46%,1.37%,35.525554,1.09%,5.99,36,100,13.82%,0.00%,0.00%,0.00%,0.00%,0.00%,0.00%,0.00%,0.00%,0.00%,0.00%,0.00%,0.00%,0.00%,0,0.00%,0.00%,0.00%,0.00%,0.00%,0.00%,0.00%,0.00%,0,0.00%,0.00%,0.00%,36.1666,13.82%,0.00%,0.00%,0.00%,0.00%,0.00%,0.00%,0.00%,0.00%,0.00%,0.00%,0.00%,0,0.00%,0.00%,0.00%,0.00%,0.00%,0.00%,0.00%,0,0.00%,0.00%
India || Meta || Android || Testing - CPS || Fantasy || Hindi || King of Dragon | किंग ऑफ ड्रैगन | Author - Nitesh || 346826 || GenAI || NA || 07 Jul 2026 || Short ||  || UGC ||  ||  ||  ||  KOD Final PGC-Rituraj-LP1-----Non Content VO-FM-Ex-Purchase-7-DAY-CLICK - Bid-18-24,King of Dragon,KOD Final PGC-Rituraj-LP1,,Gen AI,120246636828960434,859785ba4869b28dddcfcb0e75295d1e1ad9b5a9,7-Jul-2026,12-Jul-2026,inactive,105,$1.11,95,21.90%,3.27%,2.85%,3.16%,3.14%,69.523549,1.40%,5.21,57,177,44.25%,40.71%,38.94%,28.32%,64.00%,1.77%,0.29%,1.77%,24.78%,8.85%,26.55%,8.85%,8.85%,1.77%,0.02268657093,1.77%,1.77%,0.00%,28.32%,8.85%,8.85%,5.31%,3.54%,0.02555269334,1.77%,7.08%,0.00%,60.6708,46.15%,39.56%,29.67%,28.02%,1.65%,0.29%,18.13%,6.59%,28.02%,11.54%,11.54%,3.30%,0.05529097109,4.94%,1.65%,26.41%,9.43%,9.43%,5.66%,3.77%,0.04190908673,7.55%,1.89%
India || Meta || Android || Testing - CPS || Fantasy || Hindi || The Warrior | Author - Dayaram Prajapati || 349022 || GenAI || NA || 07 Jul 2026 || Short ||  || UGC ||  ||  ||  || TWAR-Final PGC-Chaitanya-LP-1------Non Content VO-FM-Ex-Purchase-7-DAY-CLICK - Bid-18-24,The Warrior,TWAR-Final PGC-Chaitanya-LP-1,,Gen AI,120246637001220434,a3ba65aa427077188e1ad7dbcbcafae266683ca9,7-Jul-2026,12-Jul-2026,inactive,150,$0.84,72,16.00%,5.67%,4.87%,5.45%,5.74%,81.070391,2.04%,5.50,74,146,53.86%,35.01%,30.97%,17.50%,32.50%,1.35%,0.27%,2.69%,14.81%,5.39%,17.50%,6.73%,5.39%,1.35%,0.002670357599,2.69%,0.00%,0.00%,17.50%,8.08%,6.73%,0.00%,1.35%,0.002670357599,2.69%,1.35%,0.00%,80.2663,56.06%,29.90%,21.18%,14.95%,1.25%,0.27%,7.48%,1.25%,16.20%,6.23%,4.98%,1.25%,0.002670357599,0.00%,0.00%,12.83%,6.41%,4.81%,0.00%,0.00%,0,1.60%,0.00%
India || Meta || Android || Testing - CPS || Suspense & Thriller || Hindi || The Return of Zombie  Father | द रिटर्न ऑफ़ ज़ॉम्बी फ़ादर || 621508 || GenAI || NA || 07 Jul 2026 || Short ||  || UGC ||  ||  ||  || TRZF-Final PGC-Pranjali-LP-2------Non Content VO-FM-Ex-Purchase-7-DAY-CLICK - Short - Intro, The Return of Zombie Father,TRZF-Final PGC-Pranjali-LP-2,,Gen AI,120246637791680434,09bb2a1d63febf4860323830dddde159273484de,7-Jul-2026,12-Jul-2026,inactive,60,$1.16,100,1.67%,4.26%,3.61%,3.17%,3.31%,51.368608,1.33%,3.85,18,325,32.51%,21.67%,10.84%,0.00%,0.00%,0.00%,0.00%,0.00%,0.00%,0.00%,0.00%,0.00%,0.00%,0.00%,0,0.00%,0.00%,0.00%,0.00%,0.00%,0.00%,0.00%,0.00%,0,0.00%,0.00%,0.00%,18.7,37.43%,10.70%,0.00%,0.00%,0.00%,0.00%,0.00%,0.00%,0.00%,0.00%,0.00%,0.00%,0,0.00%,0.00%,0.00%,0.00%,0.00%,0.00%,0.00%,0,0.00%,0.00%
India || Meta || Android || Testing - CPS || Fantasy || Hindi || King of Dragon | किंग ऑफ ड्रैगन | Author - Nitesh || 346826 || GenAI || NA || 07 Jul 2026 || Short ||  || UGC ||  ||  ||  ||  KOD Final PGC-Rituraj-LP1-Hasim-V1-----Non Content VO-FM-Ex-Purchase-7-DAY-CLICK - Bid-18-24,King of Dragon,KOD Final PGC-Rituraj-LP1-Hasim-V1,,Gen AI,120246640229570434,859785ba4869b28dddcfcb0e75295d1e1ad9b5a9,7-Jul-2026,12-Jul-2026,inactive,97,$1.46,125,37.11%,12.48%,11.38%,12.51%,11.62%,77.008847,7.75%,0.79,75,162,85.12%,61.18%,54.53%,35.91%,42.19%,1.33%,0.98%,0.00%,33.25%,13.30%,41.23%,19.95%,11.97%,3.99%,0.05768742003,3.99%,1.33%,0.00%,41.23%,21.28%,13.30%,3.99%,6.65%,0.06371355091,5.32%,5.32%,1.33%,78.5952,85.25%,58.53%,45.80%,38.17%,1.27%,0.98%,21.63%,10.18%,44.53%,19.08%,11.45%,3.82%,0.05768742003,1.27%,0.00%,49.22%,24.61%,15.14%,5.68%,5.68%,0.08601303106,5.68%,1.89%
India || Meta || Android || Testing - CPS || Fantasy || Hindi || King of Dragon | किंग ऑफ ड्रैगन | Author - Nitesh || 346826 || GenAI-Cinematic-Motion || NA || 07 Jul 2026 || Short ||  || UGC ||  ||  ||  ||  KODGN-Final PGC-Ayush-LP-5------Non Content VO-FM-Ex-Purchase-7-DAY-CLICK - Motion AI,King of Dragon,KODGN-Final PGC-Ayush-LP-5,,Motion AI,120246642004340434,859785ba4869b28dddcfcb0e75295d1e1ad9b5a9,7-Jul-2026,12-Jul-2026,inactive,150,$0.65,56,3.33%,3.38%,2.10%,1.71%,1.43%,40.745292,1.32%,5.52,64,131,25.03%,10.95%,3.13%,1.56%,6.25%,0.00%,0.00%,0.00%,1.56%,1.56%,1.56%,0.00%,0.00%,0.00%,0,0.00%,0.00%,0.00%,1.56%,0.00%,0.00%,0.00%,0.00%,0,0.00%,0.00%,0.00%,66.3332,24.12%,6.03%,3.02%,1.51%,0.00%,0.00%,1.51%,0.00%,1.51%,0.00%,0.00%,0.00%,0,0.00%,0.00%,6.67%,0.00%,0.00%,0.00%,0.00%,0,0.00%,0.00%
India || Meta || Android || Testing - CPS || Fantasy || Hindi || King of Dragon | किंग ऑफ ड्रैगन | Author - Nitesh || 346826 || GenAI-Cinematic-Motion || NA || 07 Jul 2026 || Short ||  || UGC ||  ||  ||  ||  KODGN-Final PGC-Sajjan-LP-7------Non Content VO-FM-Ex-Purchase-7-DAY-CLICK - Motion AI,King of Dragon,KODGN-Final PGC-Sajjan-LP-7,,Motion AI,120246643059540434,859785ba4869b28dddcfcb0e75295d1e1ad9b5a9,7-Jul-2026,12-Jul-2026,inactive,134,$0.72,62,2.99%,1.03%,0.60%,0.48%,0.30%,56.601672,1.02%,8.90,56,149,24.99%,8.92%,5.35%,1.78%,7.14%,0.00%,0.00%,0.00%,1.78%,1.78%,1.78%,1.78%,1.78%,0.00%,0,0.00%,1.78%,1.78%,1.78%,1.78%,1.78%,1.78%,0.00%,0,0.00%,1.78%,1.78%,59.8334,23.40%,6.69%,3.34%,1.67%,0.00%,0.00%,1.67%,1.67%,3.34%,1.67%,1.67%,0.00%,0,1.67%,1.67%,15.38%,7.69%,7.69%,7.69%,0.00%,0,7.69%,7.69%
India || Meta || Android || Testing - CPS || Fantasy || Hindi || King of Dragon | किंग ऑफ ड्रैगन | Author - Nitesh || 346826 || GenAI-Cinematic-Motion || NA || 07 Jul 2026 || Short ||  || UGC ||  ||  ||  ||  KODGN-Final PGC-Shailendra-LP-3------Non Content VO-FM-Ex-Purchase-7-DAY-CLICK - Motion AI,King of Dragon,KODGN-Final PGC-Shailendra-LP-3,,Motion AI,120246644993940434,859785ba4869b28dddcfcb0e75295d1e1ad9b5a9,7-Jul-2026,12-Jul-2026,inactive,112,$0.86,74,3.57%,1.72%,1.02%,0.97%,0.71%,48.958591,1.59%,4.18,41,204,19.75%,2.47%,2.47%,0.00%,0.00%,0.00%,0.00%,0.00%,0.00%,0.00%,0.00%,0.00%,0.00%,0.00%,0,0.00%,0.00%,0.00%,0.00%,0.00%,0.00%,0.00%,0.00%,0,0.00%,0.00%,0.00%,38.5001,20.78%,2.60%,0.00%,0.00%,0.00%,0.00%,0.00%,0.00%,0.00%,0.00%,0.00%,0.00%,0,0.00%,0.00%,0.00%,0.00%,0.00%,0.00%,0.00%,0,0.00%,0.00%
India || Meta || Android || Testing - CPS || Fantasy || Hindi || The Warrior | Author - Dayaram Prajapati || 349022 || GenAI-Cinematic-Motion || NA || 07 Jul 2026 || Short ||  || UGC ||  ||  ||  ||  TWAR-Final PGC-Pranjali-LP-5------Non Content VO-FM-Ex-Purchase-7-DAY-CLICK - Motion AI,The Warrior,TWAR-Final PGC-Pranjali-LP-5,,Motion AI,120246645525780434,a3ba65aa427077188e1ad7dbcbcafae266683ca9,7-Jul-2026,12-Jul-2026,inactive,101,$0.95,82,6.93%,3.51%,2.90%,2.42%,2.44%,67.92767,1.80%,4.62,33,251,39.62%,15.24%,9.14%,9.14%,23.08%,0.00%,0.00%,0.00%,6.10%,0.00%,9.14%,3.05%,3.05%,0.00%,0,0.00%,0.00%,0.00%,9.14%,3.05%,3.05%,3.05%,0.00%,0,0.00%,3.05%,0.00%,33.5001,41.79%,11.94%,11.94%,5.97%,0.00%,0.00%,2.99%,0.00%,11.94%,5.97%,2.99%,0.00%,0,0.00%,0.00%,54.55%,27.27%,0.00%,0.00%,0.00%,0,0.00%,0.00%
India || Meta || Android || Testing - CPS || Fantasy || Hindi || King of Dragon | किंग ऑफ ड्रैगन | Author - Nitesh || 346826 || GenAI-Cinematic-Motion || NA || 09 Jul 2026 || Short ||  || UGC ||  ||  ||  ||  KODGN-Final PGC-Sajjan-LP-4-V1-----Non Content VO-FM-Ex-Purchase-7-DAY-CLICK - Motion AI,King of Dragon,KODGN-Final PGC-Sajjan-LP-4-V1,,Motion AI,120246711913460434,859785ba4869b28dddcfcb0e75295d1e1ad9b5a9,9-Jul-2026,14-Jul-2026,inactive,102,$0.93,80,2.94%,2.03%,1.31%,1.08%,0.40%,65.161442,1.21%,6.71,29,281,20.56%,6.85%,3.43%,3.43%,16.67%,0.00%,0.00%,0.00%,3.43%,0.00%,3.43%,0.00%,0.00%,0.00%,0,0.00%,0.00%,0.00%,3.43%,0.00%,0.00%,0.00%,0.00%,0,0.00%,0.00%,0.00%,29.5142,23.72%,10.16%,3.39%,3.39%,0.00%,0.00%,0.00%,0.00%,3.39%,0.00%,0.00%,0.00%,0,0.00%,0.00%,,,,,,,,
India || Meta || Android || Testing - CPS || Fantasy || Hindi || The Warrior | Author - Dayaram Prajapati || 349022 || GenAI-Cinematic-Motion || NA || 09 Jul 2026 || Short ||  || UGC ||  ||  ||  ||  TWAR-Final PGC-Chaitanya-LP-5------Non Content VO-FM-Ex-Purchase-7-DAY-CLICK - Motion AI,The Warrior,TWAR-Final PGC-Chaitanya-LP-5,,Motion AI,120246712518810434,a3ba65aa427077188e1ad7dbcbcafae266683ca9,9-Jul-2026,14-Jul-2026,inactive,104,$0.65,56,1.92%,1.61%,1.10%,0.91%,0.80%,43.364861,1.08%,7.25,50,115,13.91%,0.00%,0.00%,0.00%,0.00%,0.00%,0.00%,0.00%,0.00%,0.00%,0.00%,0.00%,0.00%,0.00%,0,0.00%,0.00%,0.00%,0.00%,0.00%,0.00%,0.00%,0.00%,0,0.00%,0.00%,0.00%,49.3334,14.19%,0.00%,0.00%,0.00%,0.00%,0.00%,0.00%,0.00%,0.00%,0.00%,0.00%,0.00%,0,0.00%,0.00%,,,,,,,,
India || Meta || Android || Testing - CPS || Fantasy || Hindi || The Warrior | Author - Dayaram Prajapati || 349022 || GenAI-Cinematic-Motion || NA || 09 Jul 2026 || Short ||  || UGC ||  ||  ||  ||  TWAR-Final PGC-Mirant-LP-3------Non Content VO-FM-Ex-Purchase-7-DAY-CLICK - Motion AI,The Warrior,TWAR-Final PGC-Mirant-LP-3,,Motion AI,120246712849480434,a3ba65aa427077188e1ad7dbcbcafae266683ca9,9-Jul-2026,14-Jul-2026,inactive,77,$0.81,70,2.60%,2.07%,1.55%,1.42%,0.59%,39.181549,1.33%,4.23,39,138,23.08%,5.13%,2.56%,2.56%,11.11%,0.00%,0.00%,0.00%,2.56%,2.56%,2.56%,0.00%,0.00%,0.00%,0,0.00%,0.00%,0.00%,2.56%,0.00%,0.00%,0.00%,0.00%,0,0.00%,0.00%,0.00%,40.0001,25.00%,5.00%,5.00%,5.00%,0.00%,0.00%,2.50%,0.00%,5.13%,2.56%,2.56%,0.00%,0,0.00%,0.00%,,,,,,,,
India || Meta || Android || Testing - CPS || Fantasy || Hindi || King of Dragon | किंग ऑफ ड्रैगन | Author - Nitesh || 346826 || GenAI || NA || 10 Jul 2026 || Short ||  || UGC ||  ||  ||  ||  KODGN-Final PGC-Mirant-LP1------Non Content VO-FM-Ex-Purchase-7-DAY-CLICK - Bid,King of Dragon,KODGN-Final PGC-Mirant-LP1,,Gen AI,120246760254580434,859785ba4869b28dddcfcb0e75295d1e1ad9b5a9,10-Jul-2026,15-Jul-2026,inactive,99,$1.69,145,35.35%,11.16%,7.18%,8.50%,9.26%,64.95822,9.26%,0.48,75,192,75.92%,47.95%,42.62%,37.29%,49.12%,2.66%,0.55%,6.66%,27.97%,10.66%,33.30%,11.99%,10.66%,4.00%,0.006861270187,6.66%,1.33%,0.00%,33.30%,13.32%,11.99%,1.33%,4.00%,0.00832259548,6.66%,2.66%,0.00%,79.9303,76.32%,43.79%,41.29%,31.28%,2.50%,0.55%,18.77%,7.51%,31.33%,12.82%,11.39%,4.27%,0.007644844455,1.42%,0.00%,,,,,,,,
India || Meta || Android || Testing - CPS || Fantasy || Hindi || King of Dragon | किंग ऑफ ड्रैगन | Author - Nitesh || 346826 || GenAI-Cinematic-Motion || NA || 10 Jul 2026 || Short ||  || UGC ||  ||  ||  ||  KODGN-Final PGC-Shailendra-LP-4------Non Content VO-FM-Ex-Purchase-7-DAY-CLICK - Motion AI,King of Dragon,KODGN-Final PGC-Shailendra-LP-4,,Motion AI,120246767470220434,859785ba4869b28dddcfcb0e75295d1e1ad9b5a9,10-Jul-2026,15-Jul-2026,inactive,127,$0.82,71,3.15%,21.27%,15.74%,12.18%,11.65%,29.817342,2.71%,1.55,62,145,11.31%,6.46%,3.23%,3.23%,28.57%,0.00%,0.00%,0.00%,3.23%,1.62%,3.23%,0.00%,0.00%,0.00%,0,0.00%,0.00%,0.00%,3.23%,0.00%,0.00%,0.00%,0.00%,0,0.00%,0.00%,0.00%,68.1999,11.73%,4.40%,4.40%,4.40%,0.00%,0.00%,2.93%,1.47%,5.56%,2.78%,2.78%,0.00%,0,0.00%,0.00%,,,,,,,,
India || Meta || Android || Testing - CPS || Fantasy || Hindi || King of Dragon | किंग ऑफ ड्रैगन | Author - Nitesh || 346826 || GenAI-Cinematic-Motion || NA || 10 Jul 2026 || Short ||  || UGC ||  ||  ||  ||  KODGN-Final PGC-Akshay-LP-1------Non Content VO-FM-Ex-Purchase-7-DAY-CLICK - Motion AI,King of Dragon,KODGN-Final PGC-Akshay-LP-1,,Motion AI,120246767762830434,859785ba4869b28dddcfcb0e75295d1e1ad9b5a9,10-Jul-2026,15-Jul-2026,inactive,163,$0.65,56,3.07%,5.84%,4.60%,4.16%,4.27%,23.471747,1.51%,2.79,72,126,12.53%,6.96%,4.18%,2.78%,22.22%,0.00%,0.00%,0.00%,2.78%,0.00%,2.78%,0.00%,0.00%,0.00%,0,0.00%,0.00%,0.00%,2.78%,0.00%,0.00%,0.00%,0.00%,0,0.00%,0.00%,0.00%,59.8333,16.71%,6.69%,3.34%,3.34%,0.00%,0.00%,0.00%,0.00%,10.53%,0.00%,0.00%,0.00%,0,0.00%,0.00%,,,,,,,,
India || Meta || Android || Testing - CPS || Fantasy || Hindi || The Warrior | Author - Dayaram Prajapati || 349022 || GenAI || NA || 13 Jul 2026 || Short ||  || UGC ||  ||  ||  ||  TWAR-Akshay-LP1-Hasim-V1-30 Mins------Non Content VO-FM-Ex-Purchase-7-DAY-CLICK - Bid-18-24,The Warrior,TWAR-Akshay-LP1-Hasim-V1-30 Mins,,Gen AI,120246834388360434,a3ba65aa427077188e1ad7dbcbcafae266683ca9,13-Jul-2026,18-Jul-2026,inactive,230,$0.54,46,21.30%,5.59%,4.93%,5.18%,4.88%,44.426716,20.85%,0.46,199,54,85.28%,50.67%,33.11%,13.54%,15.88%,2.51%,1.36%,4.01%,11.04%,3.51%,14.05%,4.01%,4.01%,3.51%,0.02806053154,4.52%,1.00%,0.00%,14.05%,4.01%,4.01%,2.01%,3.51%,0.03663168967,4.52%,2.01%,0.00%,210.3592,86.04%,40.41%,20.44%,13.79%,2.85%,1.63%,6.18%,0.95%,,,,,,,,,,,,,,,
India || Meta || Android || Testing - CPS || Fantasy || Hindi || Primordial God || 653918 || GenAI-Cinematic-Motion || NA || 13 Jul 2026 || Short ||  || UGC ||  ||  ||  || PG-Final PGC-Prakash-LP-30 Minuter-V2-----Non Content VO-FM-Ex-Purchase-7-DAY-CLICK - Motion AI,Primordial God,PG-Final PGC-Prakash-LP-30 Minuter,,Motion AI,120246840030010434,abef90c631978edd56192a52e96c3ff23955322c,13-Jul-2026,18-Jul-2026,inactive,46,$1.68,145,41.30%,6.70%,4.94%,4.58%,5.46%,53.051145,2.45%,1.50,24,279,54.62%,42.02%,29.41%,25.21%,46.15%,0.00%,0.00%,0.00%,21.01%,4.20%,25.21%,8.40%,8.40%,0.00%,0,0.00%,4.20%,0.00%,25.21%,8.40%,8.40%,4.20%,0.00%,0,0.00%,8.40%,4.20%,17.6,68.18%,56.82%,39.77%,28.41%,0.00%,0.00%,5.68%,0.00%,,,,,,,,,,,,,,,
India || Meta || Android || Testing - CPS || Suspense & Thriller || Hindi || The Return of Zombie  Father | द रिटर्न ऑफ़ ज़ॉम्बी फ़ादर || 621508 || GenAI-Cinematic-Motion || NA || 13 Jul 2026 || Short ||  || UGC ||  ||  ||  || TRZF-Final PGC-Hasim-LP-2------Non Content VO-FM-Ex-Purchase-7-DAY-CLICK - Motion AI, The Return of Zombie Father,TRZF-Final PGC-Hasim-LP-2,,Motion AI,120246840524280434,09bb2a1d63febf4860323830dddde159273484de,13-Jul-2026,18-Jul-2026,inactive,18,$3.27,281,5.56%,7.75%,8.30%,7.50%,8.01%,76.769371,2.72%,1.00,8,646,25.53%,0.00%,0.00%,0.00%,0.00%,0.00%,0.00%,0.00%,0.00%,0.00%,0.00%,0.00%,0.00%,0.00%,0,0.00%,0.00%,0.00%,0.00%,0.00%,0.00%,0.00%,0.00%,0,0.00%,0.00%,0.00%,8.3333,24.00%,0.00%,0.00%,0.00%,0.00%,0.00%,0.00%,0.00%,,,,,,,,,,,,,,,
India || Meta || Android || Testing - CPS || Fantasy || Hindi || The Warrior | Author - Dayaram Prajapati || 349022 || GenAI-Cinematic-Motion || NA || 13 Jul 2026 || Short ||  || UGC ||  ||  ||  ||  TWAR-Final PGC-Pranjali-LP-9------Non Content VO-FM-Ex-Purchase-7-DAY-CLICK - Motion AI,The Warrior,TWAR-Final PGC-Pranjali-LP-9,,Motion AI,120246840954590434,a3ba65aa427077188e1ad7dbcbcafae266683ca9,13-Jul-2026,18-Jul-2026,inactive,80,$0.92,79,7.50%,5.26%,3.81%,2.81%,2.70%,24.051767,2.48%,1.23,36,173,22.02%,16.51%,11.01%,5.50%,25.00%,0.00%,0.00%,0.00%,5.50%,2.75%,5.50%,2.75%,2.75%,0.00%,0,0.00%,2.75%,0.00%,5.50%,2.75%,2.75%,2.75%,0.00%,0,0.00%,2.75%,2.75%,27.3333,21.95%,10.98%,7.32%,7.32%,0.00%,0.00%,3.66%,0.00%,,,,,,,,,,,,,,,
RE-RUN-India || Meta || Android || Testing - CPS || Fantasy || Hindi || The Warrior | Author - Dayaram Prajapati || 349022 || GenAI-Cinematic-Motion || NA || 13 Jul 2026 || Short ||  || UGC ||  ||  ||  ||  TWAR-Final PGC-Pranjali-LP-6------Non Content VO-FM-Ex-Purchase-7-DAY-CLICK - Motion AI,The Warrior,TWAR-Final PGC-Pranjali-LP-6,Selected,Motion AI,120246848182030434,a3ba65aa427077188e1ad7dbcbcafae266683ca9,13-Jul-2026,21-Jul-2026,inactive,78,$1.54,133,25.64%,13.09%,7.68%,6.62%,6.66%,42.00386,3.68%,0.86,31,336,55.22%,38.98%,29.23%,25.99%,47.06%,0.00%,0.00%,0.00%,12.99%,0.00%,22.74%,3.25%,3.25%,0.00%,0,0.00%,0.00%,0.00%,22.74%,6.50%,3.25%,0.00%,0.00%,0,0.00%,3.25%,0.00%,15,66.67%,33.33%,20.00%,13.33%,0.00%,0.00%,6.67%,6.67%,,,,,,,,,,,,,,,
India || Meta || Android || Testing - CPS || Fantasy || Hindi || The Warrior | Author - Dayaram Prajapati || 349022 || GenAI-Cinematic-Motion || NA || 15 Jul 2026 || Short ||  || UGC ||  ||  ||  ||  TWAR-Final PGC-Akshay-LP-30 Minuter-V2-----Non Content VO-FM-Ex-Purchase-7-DAY-CLICK - Motion AI,The Warrior,TWAR-Final PGC-Akshay-LP-30 Minuter,,Motion AI,120246898156620434,a3ba65aa427077188e1ad7dbcbcafae266683ca9,15-Jul-2026,20-Jul-2026,inactive,76,$1.48,127,25.00%,4.05%,3.83%,3.94%,3.60%,59.664666,5.22%,0.90,51,189,70.44%,39.13%,25.44%,11.74%,16.67%,1.96%,0.30%,1.96%,9.78%,0.00%,11.74%,5.87%,1.96%,1.96%,0.002995303715,1.96%,0.00%,0.00%,11.74%,5.87%,5.87%,1.96%,1.96%,0.002995303715,1.96%,1.96%,0.00%,3,66.67%,33.33%,0.00%,0.00%,0.00%,0.00%,0.00%,0.00%,,,,,,,,,,,,,,,
India || Meta || Android || Testing - CPS || Drama/Romance || Hindi || Billionaire Hidden Wife | बिलियनेयर हिडन वाइफ़ | Author - Nitesh || 333694 || Sketch || NA || 15 Jul 2026 || Short ||  || UGC ||  ||  ||  || BRHW-Final PGC-Mirant-LP-1------Non Content VO-FM-Ex-Purchase-7-DAY-CLICK,Billionaire Hidden Wife,BRHW-Final PGC-Mirant-LP-1,,Sketch,120246900636680434,99ef89ab3b48fa9fe5277ea15e46801ace8fd573,15-Jul-2026,20-Jul-2026,inactive,89,$0.73,63,12.36%,19.07%,16.96%,15.63%,13.50%,68.726144,4.49%,2.43,56,100,30.45%,19.70%,12.54%,5.37%,17.65%,0.00%,0.00%,0.00%,3.58%,0.00%,8.96%,0.00%,0.00%,0.00%,0,0.00%,0.00%,0.00%,8.96%,0.00%,0.00%,0.00%,0.00%,0,0.00%,0.00%,0.00%,12.3334,32.43%,16.22%,8.11%,8.11%,0.00%,0.00%,0.00%,0.00%,,,,,,,,,,,,,,,
India || Meta || Android || Testing - CPS || Fantasy || Hindi || King of Dragon | किंग ऑफ ड्रैगन | Author - Nitesh || 346826 || GenAI || NA || 16 Jul 2026 || Short ||  || UGC ||  ||  ||  ||  KODGN-Hasim-LP1-30 Mins-V1------Non Content VO-FM-Ex-Purchase-7-DAY-CLICK - Bid -18-24,King of Dragon,KODGN-Hasim-LP1-30 Mins-,,Gen AI,120246935061830434,859785ba4869b28dddcfcb0e75295d1e1ad9b5a9,16-Jul-2026,21-Jul-2026,inactive,302,$0.78,68,49.67%,9.48%,9.88%,9.74%,9.74%,63.382518,10.44%,0.90,257,79,80.40%,60.98%,52.82%,43.89%,54.59%,3.50%,2.74%,3.88%,41.95%,16.70%,48.55%,19.42%,14.37%,6.99%,0.06748822338,5.83%,5.44%,1.17%,49.71%,22.53%,18.25%,8.16%,8.16%,0.09874550884,6.21%,9.32%,2.72%,,,,,,,,,,,,,,,,,,,,,,,,
India || Meta || Android || Testing - CPS || Fantasy || Hindi || King of Dragon | किंग ऑफ ड्रैगन | Author - Nitesh || 346826 || GenAI || NA || 17 Jul 2026 || Short ||  || UGC ||  ||  ||  ||  KODGN-Hasim-LP3------Non Content VO-FM-Ex-Purchase-7-DAY-CLICK - Bid -18-24,King of Dragon,KODGN-Hasim-LP3,,Gen AI,120246945566210434,859785ba4869b28dddcfcb0e75295d1e1ad9b5a9,17-Jul-2026,22-Jul-2026,inactive,231,$0.91,78,41.99%,6.88%,7.17%,6.38%,6.79%,52.066401,15.11%,0.44,186,97,81.03%,57.96%,47.76%,35.42%,43.71%,5.37%,2.12%,7.51%,32.20%,15.56%,36.49%,16.10%,11.81%,10.20%,0.0465804964,11.27%,2.68%,0.00%,37.56%,17.17%,12.34%,4.83%,10.20%,0.08564486365,11.27%,4.83%,1.07%,,,,,,,,,,,,,,,,,,,,,,,,
India || Meta || Android || Testing - CPS || Fantasy || Hindi || King of Dragon | किंग ऑफ ड्रैगन | Author - Nitesh || 346826 || GenAI || NA || 17 Jul 2026 || Short ||  || UGC ||  ||  ||  ||  KODGN-Hasim-LP3-V1------Non Content VO-FM-Ex-Purchase-7-DAY-CLICK - Bid -18-24,King of Dragon,KODGN-Hasim-LP3-V1,,Gen AI,120246945672800434,859785ba4869b28dddcfcb0e75295d1e1ad9b5a9,17-Jul-2026,22-Jul-2026,inactive,232,$0.99,85,43.53%,6.62%,6.69%,5.98%,6.25%,58.181765,17.55%,0.39,192,103,81.61%,62.90%,51.46%,40.55%,49.68%,5.20%,2.02%,5.20%,37.43%,18.71%,41.59%,21.31%,11.96%,8.84%,0.03730372632,8.32%,1.56%,0.00%,42.10%,21.31%,13.00%,2.60%,9.36%,0.04069244759,8.32%,4.68%,0.00%,,,,,,,,,,,,,,,,,,,,,,,,
India || Meta || Android || Testing - CPS || Fantasy || Hindi || Primordial God || 653918 || GenAI || NA || 17 Jul 2026 || Short ||  || UGC ||  ||  ||  || PG-Final PGC-Prakash-LP-5------Non Content VO-FM-Ex-Purchase-7-DAY-CLICK - Bid-Applied-18-24,Primordial God,PG-Final PGC-Prakash-LP-5,,Gen AI,120246946942900434,abef90c631978edd56192a52e96c3ff23955322c,17-Jul-2026,20-Jul-2026,inactive,42,$1.99,172,45.24%,16.86%,14.29%,14.31%,15.86%,92.084952,7.53%,0.71,35,207,68.97%,48.85%,37.36%,22.99%,33.33%,0.00%,0.00%,2.87%,20.11%,5.75%,31.61%,5.75%,5.75%,2.87%,0.01794313682,5.75%,0.00%,0.00%,31.61%,8.62%,5.75%,5.75%,2.87%,0.0194190894,5.75%,5.75%,2.87%,,,,,,,,,,,,,,,,,,,,,,,,
India || Meta || Android || Testing - CPS || Fantasy || Hindi || Primordial God || 653918 || GenAI || NA || 17 Jul 2026 || Short ||  || UGC ||  ||  ||  || KODGN-Rituraj-LP1-Hasim-V1------Non Content VO-FM-Ex-Purchase-7-DAY-CLICK - Bid-Applied-New Audio,King of Dragon,KODGN-Rituraj-LP1-Hasim-V1,,Gen AI,120246953885490434,859785ba4869b28dddcfcb0e75295d1e1ad9b5a9,17-Jul-2026,22-Jul-2026,inactive,177,$1.23,105,48.02%,9.07%,8.07%,8.43%,8.25%,70.859907,14.97%,0.45,146,0,84.25%,69.87%,56.17%,49.32%,58.54%,5.48%,,5.48%,45.89%,21.92%,52.06%,27.40%,20.55%,8.90%,,9.59%,5.48%,0.68%,52.06%,28.77%,21.92%,8.22%,10.27%,,10.96%,9.59%,2.05%,,,,,,,,,,,,,,,,,,,,,,,,
India || Meta || Android || Testing - CPS || Fantasy || Hindi || The Warrior | Author - Dayaram Prajapati || 349022 || Sketch || NA || 21 Jul 2026 || Short ||  || UGC ||  ||  ||  ||  TWAR-Final PGC-Pranjali-LP-7------Non Content VO-FM-Ex-Purchase-7-DAY-CLICK,The Warrior,TWAR-Final PGC-Pranjali-LP-7,Selected,Sketch,120247008929950434,a3ba65aa427077188e1ad7dbcbcafae266683ca9,21-Jul-2026,28-Jul-2026,inactive,143,$1.03,89,24.48%,8.90%,6.88%,5.32%,5.22%,80.493169,6.48%,1.40,74,172,63.68%,35.23%,28.45%,18.97%,29.79%,1.35%,0.23%,0.00%,17.61%,5.42%,21.68%,5.42%,1.35%,1.35%,0.06319945033,0.00%,0.00%,0.00%,23.03%,6.77%,5.42%,1.35%,1.35%,0.1367041183,0.00%,1.35%,0.00%,,,,,,,,,,,,,,,,,,,,,,,,
India || Meta || Android || Testing - CPS || Fantasy || Hindi || The Warrior | Author - Dayaram Prajapati || 349022 || Sketch || NA || 21 Jul 2026 || Short ||  || UGC ||  ||  ||  ||  TWAR-Final PGC-Pranjali-LP-8------Non Content VO-FM-Ex-Purchase-7-DAY-CLICK,The Warrior,TWAR-Final PGC-Pranjali-LP-8,Selected,Sketch,120247009007700434,a3ba65aa427077188e1ad7dbcbcafae266683ca9,21-Jul-2026,28-Jul-2026,inactive,132,$1.10,95,28.03%,10.62%,6.40%,5.77%,5.82%,79.802397,6.56%,1.28,74,170,78.60%,46.07%,36.59%,25.75%,32.76%,0.00%,0.00%,0.00%,24.39%,8.13%,25.75%,10.84%,8.13%,1.36%,0.002732970416,0.00%,1.36%,0.00%,25.75%,10.84%,8.13%,2.71%,2.71%,0.005068796428,1.36%,4.07%,0.00%,,,,,,,,,,,,,,,,,,,,,,,,
India || Meta || Android || Testing - CPS || Drama/Romance || Hindi || Billionaire Hidden Wife | बिलियनेयर हिडन वाइफ़ | Author - Nitesh || 333694 || Sketch || NA || 21 Jul 2026 || Short ||  || UGC ||  ||  ||  || BRHW-Final PGC-Mirant-LP-2------Non Content VO-FM-Ex-Purchase-7-DAY-CLICK,Billionaire Hidden Wife,BRHW-Final PGC-Mirant-LP-2,,Sketch,120247009225160434,99ef89ab3b48fa9fe5277ea15e46801ace8fd573,21-Jul-2026,29-Jul-2026,inactive,92,$1.24,107,23.91%,10.33%,9.02%,8.51%,6.12%,67.825212,7.60%,0.84,51,192,62.53%,29.31%,21.49%,13.68%,21.88%,1.95%,0.30%,1.95%,9.77%,0.00%,19.54%,3.91%,1.95%,1.95%,0.002955663226,1.95%,0.00%,0.00%,19.54%,7.82%,5.86%,3.91%,1.95%,0.002955663226,1.95%,3.91%,0.00%,,,,,,,,,,,,,,,,,,,,,,,,
India || Meta || Android || Testing - CPS || Fantasy || Hindi || Primordial God || 653918 || Sketch || NA || 23 Jul 2026 || Short ||  || UGC ||  ||  ||  || PG-Final PGC-Hasim-LP-30 Minuter-V1-----Non Content VO-FM-Ex-Purchase-7-DAY-CLICK,Primordial God,PG-Final PGC-Hasim-LP-30 Minuter-V1,,Sketch,120247059346890434,abef90c631978edd56192a52e96c3ff23955322c,23-Jul-2026,28-Jul-2026,inactive,83,$1.04,90,10.84%,9.24%,6.90%,5.19%,4.76%,33.420896,1.46%,2.56,21,355,23.81%,14.29%,14.29%,14.29%,60.00%,0.00%,0.00%,0.00%,14.29%,4.76%,14.29%,0.00%,0.00%,0.00%,0,0.00%,0.00%,0.00%,14.29%,0.00%,0.00%,0.00%,4.76%,0.003936981355,4.76%,0.00%,0.00%,,,,,,,,,,,,,,,,,,,,,,,,
India || Meta || Android || Testing - CPS || Fantasy || Hindi || The Beast Guru || 706713 || Sketch || NA || 25 Jul 2026 || Short ||  || UGC ||  ||  ||  || TBG-Final PGC-Shailendra-LP-1------Non Content VO-FM-Ex-Purchase-7-DAY-CLICK,Primordial God,TBG-Final PGC-Shailendra-LP-1,,Sketch,120247108038510434,abef90c631978edd56192a52e96c3ff23955322c,25-Jul-2026,30-Jul-2026,inactive,63,$1.81,156,23.81%,5.69%,4.90%,4.62%,4.73%,57.207945,2.80%,1.31,21,473,33.65%,,,,0.00%,0.00%,0.00%,0.00%,,,9.62%,4.81%,4.81%,0.00%,0,0.00%,0.00%,0.00%,9.62%,4.81%,4.81%,4.81%,0.00%,0,0.00%,4.81%,4.81%,,,,,,,,,,,,,,,,,,,,,,,,
India || Meta || Android || Testing - CPS || Fantasy || Hindi || The Beast Guru || 706713 || Sketch || NA || 25 Jul 2026 || Short ||  || UGC ||  ||  ||  || TBG-Final PGC-Akshay-LP-2------Non Content VO-FM-Ex-Purchase-7-DAY-CLICK,The Beast Guru ,TBG-Final PGC-Akshay-LP-2,,Sketch,120247108535470434,460702ff409f87d178f7821534c645030c2db71e,25-Jul-2026,30-Jul-2026,inactive,82,$1.25,108,15.85%,7.05%,5.87%,5.82%,5.53%,63.6149,3.54%,1.67,31,289,45.83%,6.55%,6.55%,3.27%,7.14%,0.00%,0.00%,0.00%,3.27%,3.27%,3.27%,3.27%,3.27%,0.00%,0,0.00%,0.00%,0.00%,3.27%,3.27%,3.27%,0.00%,0.00%,0,0.00%,0.00%,0.00%,,,,,,,,,,,,,,,,,,,,,,,,
India || Meta || Android || Testing - CPS || Fantasy || Hindi || The Beast Guru || 706713 || Sketch || NA || 25 Jul 2026 || Short ||  || UGC ||  ||  ||  || TBG-Final PGC-Pranjali-LP-1------Non Content VO-FM-Ex-Purchase-7-DAY-CLICK,The Beast Guru ,TBG-Final PGC-Pranjali-LP-1,,Sketch,120247108649400434,460702ff409f87d178f7821534c645030c2db71e,25-Jul-2026,30-Jul-2026,inactive,55,$2.04,176,27.27%,8.22%,6.89%,6.94%,6.85%,66.023675,5.55%,0.68,32,302,62.50%,15.62%,6.25%,3.12%,5.00%,0.00%,0.00%,6.25%,3.12%,0.00%,6.25%,3.12%,3.12%,0.00%,0,6.25%,3.12%,0.00%,6.25%,3.12%,3.12%,3.12%,3.13%,0.003015086214,9.38%,3.12%,3.12%,,,,,,,,,,,,,,,,,,,,,,,,
India || Meta || Android || Testing - CPS || Fantasy || Hindi || The Warrior | Author - Dayaram Prajapati || 349022 || GenAI || NA || 26 Jul 2026 || Short ||  || UGC ||  ||  ||  ||  TWAR – Akshay LP1 30 Minuter V2------Non Content VO-FM-Ex-Purchase-7-DAY-CLICK - Bid,The Warrior,TWAR – Akshay LP1 30 Minuter,,Gen AI,120247118823120434,a3ba65aa427077188e1ad7dbcbcafae266683ca9,26-Jul-2026,31-Jul-2026,inactive,95,$1.36,117,32.63%,7.28%,6.71%,7.09%,7.03%,58.532957,7.84%,0.64,73,153,66.06%,41.29%,37.16%,26.15%,39.58%,4.13%,1.70%,4.13%,19.27%,2.75%,28.90%,8.26%,4.13%,4.13%,0.04302833363,4.13%,1.38%,0.00%,28.90%,11.01%,6.88%,1.38%,4.13%,0.04302833363,4.13%,2.75%,0.00%,,,,,,,,,,,,,,,,,,,,,,,,
India || Meta || Android || Testing - CPS || Fantasy || Hindi || Primordial God || 653918 || GenAI || NA || 28 Jul 2026 || Short ||  || UGC ||  ||  ||  || PG-Prakash-LP1-30 Minuter-V2-----Non Content VO-FM-Ex-Purchase-7-DAY-CLICK-Bid-18-24,Primordial God,PG-Prakash-LP1-30 Minuter-V2-,,Gen AI,120247163202390434,abef90c631978edd56192a52e96c3ff23955322c,28-Jul-2026,12-Aug-2026,inactive,329,$1.05,90,37.99%,13.78%,10.72%,9.41%,10.54%,51.880324,7.11%,0.81,,125,78.12%,54.60%,44.10%,30.24%,38.71%,2.52%,1.43%,5.04%,26.04%,9.24%,34.02%,12.18%,9.66%,5.04%,0.07993444767,7.14%,2.10%,0.42%,34.02%,12.60%,10.50%,2.52%,5.88%,0.1790102312,7.98%,4.20%,1.26%,,,,,,,,,,,,,,,,,,,,,,,,
India || Meta || Android || Testing - CPS || Fantasy || Hindi || Primordial God || 653918 || Sketch || NA || 30 Jul 2026 || Short ||  || UGC ||  ||  ||  || PG-Final PGC-Prakash-LP-5-30 Mins-V1-----Non Content VO-FM-Ex-Purchase-7-DAY-CLICK,Primordial God,PG-Final PGC-Prakash-LP-5-30 Mins-V1,,Sketch,120247207691390434,abef90c631978edd56192a52e96c3ff23955322c,30-Jul-2026,4-Aug-2026,inactive,17,$2.22,,17.65%,7.12%,4.90%,4.15%,4.55%,61.663434,3.36%,0.96,3,1081,100.00%,100.00%,100.00%,33.33%,33.33%,0.00%,0.00%,0.00%,33.33%,33.33%,33.33%,33.33%,33.33%,0.00%,0,0.00%,0.00%,0.00%,33.33%,33.33%,33.33%,33.33%,0.00%,0,0.00%,33.33%,0.00%,,,,,,,,,,,,,,,,,,,,,,,,
India || Meta || Android || Testing - CPS || Fantasy || Hindi || The Beast Guru || 706713 || Sketch || NA || 30 Jul 2026 || Short ||  || UGC ||  ||  ||  || TBG-Final PGC-Akshay-LP-1------Non Content VO-FM-Ex-Purchase-7-DAY-CLICK,The Beast Guru ,TBG-Final PGC-Akshay-LP-1,,Sketch,120247208219120434,460702ff409f87d178f7821534c645030c2db71e,30-Jul-2026,4-Aug-2026,inactive,12,$3.08,,25.00%,6.09%,5.28%,4.86%,4.63%,66.979997,2.46%,1.03,4,,47.62%,0.00%,0.00%,0.00%,0.00%,0.00%,0.00%,0.00%,0.00%,0.00%,0.00%,0.00%,0.00%,0.00%,0,0.00%,0.00%,0.00%,0.00%,0.00%,0.00%,0.00%,0.00%,0,0.00%,0.00%,0.00%,,,,,,,,,,,,,,,,,,,,,,,,
India || Meta || Android || Testing - CPS || Fantasy || Hindi || The Beast Guru || 706713 || Sketch || NA || 30 Jul 2026 || Short ||  || UGC ||  ||  ||  || TBG-Final PGC-Shailendra-LP-2------Non Content VO-FM-Ex-Purchase-7-DAY-CLICK,The Beast Guru ,TBG-Final PGC-Shailendra-LP-2,,Sketch,120247208538830434,460702ff409f87d178f7821534c645030c2db71e,30-Jul-2026,4-Aug-2026,inactive,26,$2.31,198,11.54%,4.77%,3.96%,4.19%,4.07%,78.933543,4.20%,0.95,15,,60.67%,6.74%,6.74%,6.74%,11.11%,0.00%,0.00%,0.00%,6.74%,0.00%,6.74%,6.74%,0.00%,0.00%,0,0.00%,0.00%,0.00%,6.74%,6.74%,0.00%,0.00%,0.00%,0,0.00%,0.00%,0.00%,,,,,,,,,,,,,,,,,,,,,,,,
India || Meta || Android || Testing - CPS || Drama/Romance || Hindi || Billionaire Hidden Wife | बिलियनेयर हिडन वाइफ़ | Author - Nitesh || 333694 || Sketch || NA || 30 Jul 2026 || Short ||  || UGC ||  ||  ||  || BRHW-Final PGC-Mirant-LP-5------Non Content VO-FM-Ex-Purchase-7-DAY-CLICK,Billionaire Hidden Wife,BRHW-Final PGC-Mirant-LP-5,,Sketch,120247208793850434,99ef89ab3b48fa9fe5277ea15e46801ace8fd573,30-Jul-2026,4-Aug-2026,inactive,91,$1.26,108,23.08%,10.53%,9.02%,8.72%,7.80%,84.733521,6.80%,1.15,48,207,58.92%,25.25%,18.94%,12.63%,21.43%,4.21%,0.59%,4.21%,10.52%,2.10%,12.63%,6.31%,2.10%,4.21%,0.04161454051,4.21%,2.10%,0.00%,14.73%,6.31%,6.31%,2.10%,4.21%,0.04161454051,4.21%,2.10%,0.00%,,,,,,,,,,,,,,,,,,,,,,,,
India || Meta || Android || Testing - CPS || Fantasy || Hindi || King of Dragon | किंग ऑफ ड्रैगन | Author - Nitesh || 346826 || Sketch || NA || 03 Aug 2026 || Short ||  || UGC ||  ||  ||  ||  KODGN-Final PGC-Akshay-LP-4------Non Content VO-FM-Ex-Purchase-7-DAY-CLICK,King of Dragon,KODGN-Final PGC-Akshay-LP-4,,Sketch,120247285929770434,859785ba4869b28dddcfcb0e75295d1e1ad9b5a9,3-Aug-2026,8-Aug-2026,inactive,2,$9.90,851,0.00%,5.41%,3.89%,3.56%,4.35%,95.532548,2.06%,0.54,2,851,100.00%,50.00%,0.00%,0.00%,0.00%,0.00%,0.00%,0.00%,0.00%,0.00%,0.00%,0.00%,0.00%,0.00%,0,0.00%,0.00%,0.00%,0.00%,0.00%,0.00%,0.00%,0.00%,0,0.00%,0.00%,0.00%,,,,,,,,,,,,,,,,,,,,,,,,
India || Meta || Android || Testing - CPS || Drama/Romance || Hindi || Billionaire Hidden Wife | बिलियनेयर हिडन वाइफ़ | Author - Nitesh || 333694 || Sketch || NA || 03 Aug 2026 || Short ||  || UGC ||  ||  ||  || BRHW-Final PGC-Mirant-LP-3------Non Content VO-FM-Ex-Purchase-7-DAY-CLICK,Billionaire Hidden Wife,BRHW-Final PGC-Mirant-LP-3,,Sketch,120247286225440434,99ef89ab3b48fa9fe5277ea15e46801ace8fd573,3-Aug-2026,8-Aug-2026,inactive,11,$2.29,197,18.18%,8.27%,6.94%,6.27%,4.18%,95.295771,6.36%,0.76,8,283,52.17%,13.04%,0.00%,0.00%,0.00%,0.00%,0.00%,0.00%,0.00%,0.00%,0.00%,0.00%,0.00%,0.00%,0,0.00%,0.00%,0.00%,0.00%,0.00%,0.00%,0.00%,0.00%,0,0.00%,0.00%,0.00%,,,,,,,,,,,,,,,,,,,,,,,,
India || Meta || Android || Testing - CPS || Drama/Romance || Hindi || Billionaire Hidden Wife | बिलियनेयर हिडन वाइफ़ | Author - Nitesh || 333694 || Sketch || NA || 03 Aug 2026 || Short ||  || UGC ||  ||  ||  || BRHW-Final PGC-Mirant-LP-4------Non Content VO-FM-Ex-Purchase-7-DAY-CLICK,Billionaire Hidden Wife,BRHW-Final PGC-Mirant-LP-4,,Sketch,120247286549660434,99ef89ab3b48fa9fe5277ea15e46801ace8fd573,3-Aug-2026,8-Aug-2026,inactive,3,$7.46,642,0.00%,7.66%,6.72%,6.05%,3.83%,87.353422,2.44%,0.56,1,1925,100.00%,0.00%,0.00%,0.00%,0.00%,0.00%,0.00%,0.00%,0.00%,0.00%,0.00%,0.00%,0.00%,0.00%,0,0.00%,0.00%,0.00%,0.00%,0.00%,0.00%,0.00%,0.00%,0,0.00%,0.00%,0.00%,,,,,,,,,,,,,,,,,,,,,,,,
India || Meta || Android || Testing - CPS || Fantasy || Hindi || King of Dragon | किंग ऑफ ड्रैगन | Author - Nitesh || 346826 || Sketch || NA || 03 Aug 2026 || Short ||  || UGC ||  ||  ||  ||  KODGN-Final PGC-Akshay-LP-5------Non Content VO-FM-Ex-Purchase-7-DAY-CLICK,King of Dragon,KODGN-Final PGC-Akshay-LP-5,,Sketch,120247286652540434,859785ba4869b28dddcfcb0e75295d1e1ad9b5a9,3-Aug-2026,8-Aug-2026,inactive,22,$2.35,202,36.36%,5.27%,3.34%,2.93%,2.87%,69.052602,4.31%,0.79,12,366,49.32%,8.22%,8.22%,8.22%,16.67%,0.00%,0.00%,0.00%,8.22%,0.00%,8.22%,0.00%,0.00%,8.22%,0.006507031924,8.22%,0.00%,0.00%,8.22%,0.00%,0.00%,0.00%,8.22%,0.006507031924,8.22%,0.00%,0.00%,,,,,,,,,,,,,,,,,,,,,,,,
India || Meta || Android || Testing - CPS || Fantasy || Hindi || King of Dragon | किंग ऑफ ड्रैगन | Author - Nitesh || 346826 || Sketch || NA || 03 Aug 2026 || Short ||  || UGC ||  ||  ||  ||  KODGN-Final PGC-Pranjali-LP-1------Non Content VO-FM-Ex-Purchase-7-DAY-CLICK,King of Dragon,KODGN-Final PGC-Pranjali-LP-1,,Sketch,120247286795440434,859785ba4869b28dddcfcb0e75295d1e1ad9b5a9,3-Aug-2026,8-Aug-2026,inactive,18,$2.23,192,38.89%,13.51%,4.34%,4.05%,4.38%,76.028057,5.34%,0.74,12,278,64.37%,48.28%,32.18%,24.14%,37.50%,0.00%,0.00%,0.00%,24.14%,16.09%,40.23%,24.14%,16.09%,0.00%,0,0.00%,8.05%,0.00%,40.23%,24.14%,24.14%,8.05%,0.00%,0,0.00%,8.05%,0.00%,,,,,,,,,,,,,,,,,,,,,,,,
India || Meta || Android || Testing - CPS || Fantasy || Hindi || King of Dragon | किंग ऑफ ड्रैगन | Author - Nitesh || 346826 || Sketch || NA || 12 Aug 2026 || Short ||  || UGC ||  ||  ||  ||  KODGN-Final PGC-Akshay-LP-2------Non Content VO-FM-Ex-Purchase-7-DAY-CLICK,King of Dragon,KODGN-Final PGC-Akshay-LP-2,,Sketch,120247537335050434,859785ba4869b28dddcfcb0e75295d1e1ad9b5a9,12-Aug-2026,17-Aug-2026,inactive,31,$1.15,99,9.68%,14.70%,11.34%,9.11%,8.24%,66.175321,2.52%,2.65,14,219,35.71%,28.57%,21.43%,14.29%,40.00%,0.00%,0.00%,0.00%,14.29%,7.14%,14.29%,7.14%,0.00%,0.00%,0,0.00%,0.00%,0.00%,14.29%,7.14%,0.00%,0.00%,0.00%,0,0.00%,0.00%,0.00%,,,,,,,,,,,,,,,,,,,,,,,,
India || Meta || Android || Testing - CPS || Fantasy || Hindi || King of Dragon | किंग ऑफ ड्रैगन | Author - Nitesh || 346826 || Sketch || NA || 12 Aug 2026 || Short ||  || UGC ||  ||  ||  ||  KODGN-Final PGC-Shailendra-LP-8------Non Content VO-FM-Ex-Purchase-7-DAY-CLICK,King of Dragon,KODGN-Final PGC-Shailendra-LP-8,,Sketch,120247537792600434,859785ba4869b28dddcfcb0e75295d1e1ad9b5a9,12-Aug-2026,17-Aug-2026,inactive,19,$1.71,147,26.32%,4.80%,2.34%,2.00%,2.13%,83.915303,5.78%,0.99,10,273,58.54%,9.76%,9.76%,9.76%,16.67%,0.00%,0.00%,9.76%,9.76%,0.00%,9.76%,0.00%,0.00%,0.00%,0,9.76%,0.00%,0.00%,9.76%,0.00%,0.00%,0.00%,0.00%,0,9.76%,0.00%,0.00%,,,,,,,,,,,,,,,,,,,,,,,,
India || Meta || Android || Testing - CPS || Fantasy || Hindi || King of Dragon | किंग ऑफ ड्रैगन | Author - Nitesh || 346826 || Sketch || NA || 12 Aug 2026 || Short ||  || UGC ||  ||  ||  ||  KODGN-Final PGC-Shailendra-LP-9------Non Content VO-FM-Ex-Purchase-7-DAY-CLICK,King of Dragon,KODGN-Final PGC-Shailendra-LP-9,,Sketch,120247538051520434,859785ba4869b28dddcfcb0e75295d1e1ad9b5a9,12-Aug-2026,17-Aug-2026,inactive,12,$2.61,225,25.00%,6.40%,4.57%,3.48%,3.27%,62.873075,1.86%,1.51,6,425,31.58%,15.79%,15.79%,15.79%,50.00%,0.00%,0.00%,0.00%,15.79%,0.00%,15.79%,0.00%,0.00%,0.00%,0,0.00%,0.00%,0.00%,15.79%,0.00%,0.00%,0.00%,0.00%,0,0.00%,0.00%,0.00%,,,,,,,,,,,,,,,,,,,,,,,,
India || Meta || Android || Testing - CPS || Fantasy || Hindi || King of Dragon | किंग ऑफ ड्रैगन | Author - Nitesh || 346826 || Sketch || NA || 12 Aug 2026 || Short ||  || UGC ||  ||  ||  ||  KODGN-Final PGC-Akshay-LP-3------Non Content VO-FM-Ex-Purchase-7-DAY-CLICK,King of Dragon,KODGN-Final PGC-Akshay-LP-3,,Sketch,120247546757240434,859785ba4869b28dddcfcb0e75295d1e1ad9b5a9,12-Aug-2026,17-Aug-2026,inactive,10,$2.58,222,30.00%,10.46%,6.61%,6.90%,6.38%,78.133671,2.31%,1.52,3,740,66.67%,0.00%,0.00%,0.00%,0.00%,0.00%,0.00%,0.00%,0.00%,0.00%,0.00%,0.00%,0.00%,0.00%,0,0.00%,0.00%,0.00%,0.00%,0.00%,0.00%,0.00%,0.00%,0,0.00%,0.00%,0.00%,,,,,,,,,,,,,,,,,,,,,,,,
India || Meta || Android || Testing - CPS || Fantasy || Hindi || King of Dragon | किंग ऑफ ड्रैगन | Author - Nitesh || 346826 || Sketch || NA || 12 Aug 2026 || Short ||  || UGC ||  ||  ||  ||  KODGN-Final PGC-Pranjali-LP-2------Non Content VO-FM-Ex-Purchase-7-DAY-CLICK,King of Dragon,KODGN-Final PGC-Pranjali-LP-2,,Sketch,120247546865580434,859785ba4869b28dddcfcb0e75295d1e1ad9b5a9,12-Aug-2026,17-Aug-2026,inactive,33,$1.94,166,21.21%,3.45%,3.13%,2.84%,2.94%,71.040217,4.53%,0.94,10,542,78.87%,39.44%,39.44%,19.72%,25.00%,0.00%,0.00%,0.00%,19.72%,9.86%,19.72%,9.86%,9.86%,19.72%,0.01056263848,9.86%,9.86%,9.86%,19.72%,9.86%,9.86%,9.86%,19.72%,0.01582224534,19.72%,9.86%,9.86%,,,,,,,,,,,,,,,,,,,,,,,,
RE-RUN-India || Meta || Android || Testing - CPS || Fantasy || Hindi || The Beast Guru || 706713 || GenAI || NA || 13 Aug 2026 || Short ||  || UGC ||  ||  ||  || TBG-Final PGC-Akshay-LP3-------Non Content VO-FM-Ex-Purchase-7-DAY-CLICK-Bid-Applied-PGC-Voice,The Beast Guru ,TBG-Final PGC-Akshay-LP3,,Gen AI,120247580790690434,e685c529411d01fc734b613af6e80e177c26cfad,13-Aug-2026,22-Aug-2026,inactive,527,$0.69,59,16.89%,9.63%,9.77%,8.43%,10.11%,61.191149,14.77%,0.70,366,0,65.28%,13.66%,10.11%,7.65%,11.72%,1.09%,,1.91%,6.83%,0.82%,8.58%,0.55%,0.55%,1.66%,,2.49%,0.00%,0.00%,7.82%,0.87%,0.87%,0.00%,1.74%,,2.61%,0.00%,0.00%,,,,,,,,,,,,,,,,,,,,,,,,
RE-RUN-India || Meta || Android || Testing - CPS || Fantasy || Hindi || The Beast Guru || 706713 || GenAI || NA || 13 Aug 2026 || Short ||  || UGC ||  ||  ||  || TBG-Final PGC-Akshay-LP3-------Non Content VO-FM-Ex-Purchase-7-DAY-CLICK-Bid-Applied-Ai-Voice,The Beast Guru ,TBG-Final PGC-Akshay-LP3,,Gen AI,120247581178410434,ebb62755c98d30076482c048815787ceeff0ff3e,13-Aug-2026,22-Aug-2026,inactive,589,$0.62,53,15.28%,9.56%,9.77%,8.33%,10.16%,59.884683,16.20%,0.69,421,0,63.42%,13.54%,8.31%,5.70%,8.99%,0.48%,,2.14%,4.51%,0.95%,7.01%,0.48%,0.24%,1.21%,,2.90%,0.00%,0.00%,6.76%,0.75%,0.75%,0.00%,2.25%,,4.50%,0.00%,0.00%,,,,,,,,,,,,,,,,,,,,,,,,
India || Meta || Android || Testing - CPS || Drama/Romance || Hindi || Billionaire Hidden Wife | बिलियनेयर हिडन वाइफ़ | Author - Nitesh || 333694 || Sketch || NA || 03 Aug 2026 || Short ||  || UGC ||  ||  ||  || BRHW-Final PGC-Mirant-LP-3------Non Content VO-FM-Ex-Purchase-7-DAY-CLICK,Billionaire Hidden Wife,BRHW-Final PGC-Mirant-LP-3,,Sketch,120247286225440434,99ef89ab3b48fa9fe5277ea15e46801ace8fd573,3-Aug-2026,8-Aug-2026,inactive,11,$2.29,197,18.18%,8.27%,6.94%,6.27%,4.18%,95.295771,6.36%,0.76,8,283,52.17%,13.04%,0.00%,0.00%,0.00%,0.00%,0.00%,0.00%,0.00%,0.00%,0.00%,0.00%,0.00%,0.00%,0,0.00%,0.00%,0.00%,0.00%,0.00%,0.00%,0.00%,0.00%,0,0.00%,0.00%,0.00%,,,,,,,,,,,,,,,,,,,,,,,,
India || Meta || Android || Testing - CPS || Drama/Romance || Hindi || Billionaire Hidden Wife | बिलियनेयर हिडन वाइफ़ | Author - Nitesh || 333694 || Sketch || NA || 03 Aug 2026 || Short ||  || UGC ||  ||  ||  || BRHW-Final PGC-Mirant-LP-4------Non Content VO-FM-Ex-Purchase-7-DAY-CLICK,Billionaire Hidden Wife,BRHW-Final PGC-Mirant-LP-4,,Sketch,120247286549660434,99ef89ab3b48fa9fe5277ea15e46801ace8fd573,3-Aug-2026,8-Aug-2026,inactive,3,$7.46,642,0.00%,7.66%,6.72%,6.05%,3.83%,87.353422,2.44%,0.56,1,1925,100.00%,0.00%,0.00%,0.00%,0.00%,0.00%,0.00%,0.00%,0.00%,0.00%,0.00%,0.00%,0.00%,0.00%,0,0.00%,0.00%,0.00%,0.00%,0.00%,0.00%,0.00%,0.00%,0,0.00%,0.00%,0.00%,,,,,,,,,,,,,,,,,,,,,,,,
India || Meta || Android || Testing - CPS || Fantasy || Hindi || King of Dragon | किंग ऑफ ड्रैगन | Author - Nitesh || 346826 || Sketch || NA || 03 Aug 2026 || Short ||  || UGC ||  ||  ||  ||  KODGN-Final PGC-Akshay-LP-5------Non Content VO-FM-Ex-Purchase-7-DAY-CLICK,King of Dragon,KODGN-Final PGC-Akshay-LP-5,,Sketch,120247286652540434,859785ba4869b28dddcfcb0e75295d1e1ad9b5a9,3-Aug-2026,8-Aug-2026,inactive,22,$2.35,202,36.36%,5.27%,3.34%,2.93%,2.87%,69.052602,4.31%,0.79,12,366,49.32%,8.22%,8.22%,8.22%,16.67%,0.00%,0.00%,0.00%,8.22%,0.00%,8.22%,0.00%,0.00%,8.22%,0.006507031924,8.22%,0.00%,0.00%,8.22%,0.00%,0.00%,0.00%,8.22%,0.006507031924,8.22%,0.00%,0.00%,,,,,,,,,,,,,,,,,,,,,,,,
India || Meta || Android || Testing - CPS || Fantasy || Hindi || King of Dragon | किंग ऑफ ड्रैगन | Author - Nitesh || 346826 || Sketch || NA || 03 Aug 2026 || Short ||  || UGC ||  ||  ||  ||  KODGN-Final PGC-Pranjali-LP-1------Non Content VO-FM-Ex-Purchase-7-DAY-CLICK,King of Dragon,KODGN-Final PGC-Pranjali-LP-1,,Sketch,120247286795440434,859785ba4869b28dddcfcb0e75295d1e1ad9b5a9,3-Aug-2026,8-Aug-2026,inactive,18,$2.23,192,38.89%,13.51%,4.34%,4.05%,4.38%,76.028057,5.34%,0.74,12,278,64.37%,48.28%,32.18%,24.14%,37.50%,0.00%,0.00%,0.00%,24.14%,16.09%,40.23%,24.14%,16.09%,0.00%,0,0.00%,8.05%,0.00%,40.23%,24.14%,24.14%,8.05%,0.00%,0,0.00%,8.05%,0.00%,,,,,,,,,,,,,,,,,,,,,,,,
India || Meta || Android || Testing - CPS || Fantasy || Hindi || King of Dragon | किंग ऑफ ड्रैगन | Author - Nitesh || 346826 || Sketch || NA || 12 Aug 2026 || Short ||  || UGC ||  ||  ||  ||  KODGN-Final PGC-Akshay-LP-2------Non Content VO-FM-Ex-Purchase-7-DAY-CLICK,King of Dragon,KODGN-Final PGC-Akshay-LP-2,,Sketch,120247537335050434,859785ba4869b28dddcfcb0e75295d1e1ad9b5a9,12-Aug-2026,17-Aug-2026,inactive,31,$1.15,99,9.68%,14.70%,11.34%,9.11%,8.24%,66.175321,2.52%,2.65,14,219,35.71%,28.57%,21.43%,14.29%,40.00%,0.00%,0.00%,0.00%,14.29%,7.14%,14.29%,7.14%,0.00%,0.00%,0,0.00%,0.00%,0.00%,14.29%,7.14%,0.00%,0.00%,0.00%,0,0.00%,0.00%,0.00%,,,,,,,,,,,,,,,,,,,,,,,,
India || Meta || Android || Testing - CPS || Fantasy || Hindi || King of Dragon | किंग ऑफ ड्रैगन | Author - Nitesh || 346826 || Sketch || NA || 12 Aug 2026 || Short ||  || UGC ||  ||  ||  ||  KODGN-Final PGC-Shailendra-LP-8------Non Content VO-FM-Ex-Purchase-7-DAY-CLICK,King of Dragon,KODGN-Final PGC-Shailendra-LP-8,,Sketch,120247537792600434,859785ba4869b28dddcfcb0e75295d1e1ad9b5a9,12-Aug-2026,17-Aug-2026,inactive,19,$1.71,147,26.32%,4.80%,2.34%,2.00%,2.13%,83.915303,5.78%,0.99,10,273,58.54%,9.76%,9.76%,9.76%,16.67%,0.00%,0.00%,9.76%,9.76%,0.00%,9.76%,0.00%,0.00%,0.00%,0,9.76%,0.00%,0.00%,9.76%,0.00%,0.00%,0.00%,0.00%,0,9.76%,0.00%,0.00%,,,,,,,,,,,,,,,,,,,,,,,,
India || Meta || Android || Testing - CPS || Fantasy || Hindi || King of Dragon | किंग ऑफ ड्रैगन | Author - Nitesh || 346826 || Sketch || NA || 12 Aug 2026 || Short ||  || UGC ||  ||  ||  ||  KODGN-Final PGC-Shailendra-LP-9------Non Content VO-FM-Ex-Purchase-7-DAY-CLICK,King of Dragon,KODGN-Final PGC-Shailendra-LP-9,,Sketch,120247538051520434,859785ba4869b28dddcfcb0e75295d1e1ad9b5a9,12-Aug-2026,17-Aug-2026,inactive,12,$2.61,225,25.00%,6.40%,4.57%,3.48%,3.27%,62.873075,1.86%,1.51,6,425,31.58%,15.79%,15.79%,15.79%,50.00%,0.00%,0.00%,0.00%,15.79%,0.00%,15.79%,0.00%,0.00%,0.00%,0,0.00%,0.00%,0.00%,15.79%,0.00%,0.00%,0.00%,0.00%,0,0.00%,0.00%,0.00%,,,,,,,,,,,,,,,,,,,,,,,,
India || Meta || Android || Testing - CPS || Fantasy || Hindi || King of Dragon | किंग ऑफ ड्रैगन | Author - Nitesh || 346826 || Sketch || NA || 12 Aug 2026 || Short ||  || UGC ||  ||  ||  ||  KODGN-Final PGC-Akshay-LP-3------Non Content VO-FM-Ex-Purchase-7-DAY-CLICK,King of Dragon,KODGN-Final PGC-Akshay-LP-3,,Sketch,120247546757240434,859785ba4869b28dddcfcb0e75295d1e1ad9b5a9,12-Aug-2026,17-Aug-2026,inactive,10,$2.58,222,30.00%,10.46%,6.61%,6.90%,6.38%,78.133671,2.31%,1.52,3,740,66.67%,0.00%,0.00%,0.00%,0.00%,0.00%,0.00%,0.00%,0.00%,0.00%,0.00%,0.00%,0.00%,0.00%,0,0.00%,0.00%,0.00%,0.00%,0.00%,0.00%,0.00%,0.00%,0,0.00%,0.00%,0.00%,,,,,,,,,,,,,,,,,,,,,,,,
India || Meta || Android || Testing - CPS || Fantasy || Hindi || King of Dragon | किंग ऑफ ड्रैगन | Author - Nitesh || 346826 || Sketch || NA || 12 Aug 2026 || Short ||  || UGC ||  ||  ||  ||  KODGN-Final PGC-Pranjali-LP-2------Non Content VO-FM-Ex-Purchase-7-DAY-CLICK,King of Dragon,KODGN-Final PGC-Pranjali-LP-2,,Sketch,120247546865580434,859785ba4869b28dddcfcb0e75295d1e1ad9b5a9,12-Aug-2026,17-Aug-2026,inactive,33,$1.94,166,21.21%,3.45%,3.13%,2.84%,2.94%,71.040217,4.53%,0.94,10,542,78.87%,39.44%,39.44%,19.72%,25.00%,0.00%,0.00%,0.00%,19.72%,9.86%,19.72%,9.86%,9.86%,19.72%,0.01056263848,9.86%,9.86%,9.86%,19.72%,9.86%,9.86%,9.86%,19.72%,0.01582224534,19.72%,9.86%,9.86%,,,,,,,,,,,,,,,,,,,,,,,,